{"type": "FeatureCollection", "name": "uav_yellow", "crs": {"type": "name", "properties": {"name": "urn:ogc:def:crs:OGC:1.3:CRS84"}}, "features": [{"geometry": {"type": "Polygon", "coordinates": [[[120.54133611084406, 24.274022221700122], [120.542152778252, 24.275805556168475], [120.54174999972973, 24.276419443819478], [120.5411305556458, 24.276919444146646], [120.53991666669393, 24.277433333049768], [120.5388972216786, 24.276627778074204], [120.53819444358071, 24.27561111130854], [120.53874166670903, 24.275422222292573], [120.53856944439774, 24.275061111072045], [120.54133611084406, 24.274022221700122]]]}, "id": 468, "type": "Feature", "properties": {"空域類別名稱": "縣市政府限制使用範圍", "會商機關名稱": "海洋委員會海巡署中部分署", "主管機關名稱": "臺中市政府", "聯絡方式": "承辦窗口：科員洪大鈞\r\n電子郵件：291296@cga.gov.tw\r\n電話： 04-26582545#562209", "主管機關": "10", "空域說明": "<有條件開放>\r\n1.本區域內僅得為該管理機關(海巡署中部分署及所屬機關)因教育訓練、測考及業(任)務等需求，從事遙控無人機飛航活動。\r\n2.申請本區域從事活動者，經臺中市政府會商海巡署中部分署同意後，始得為之。", "三級機關": null, "有效日期起": "114/12/24", "罰則": "罰款3萬-15萬\n註冊/地點/操作限制\n得沒入遙控無人機", "last_edited_date": null, "空域類型": 7, "SHAPE__Area": 109814.63739057, "會商機關": "03.20070.20001.20002", "空域顏色": "黃區", "有效日期迄": "999/12/29", "限制區": "黃區", "created_user": null, "空域類別": 7, "空域名稱": "中122 海巡機關", "last_edited_user": null, "條件": "限制", "countyid": null, "created_date": null, "二級機關": null, "SHAPE__Length": 1307.6803733444083, "objectid": 468}}, {"geometry": {"type": "Polygon", "coordinates": [[[120.53971111059737, 24.278608332618994], [120.53611944397053, 24.279724999791046], [120.53500000029437, 24.277508332789488], [120.53806111113467, 24.27638888896261], [120.53971111059737, 24.278608332618994]]]}, "id": 469, "type": "Feature", "properties": {"空域類別名稱": "縣市政府限制使用範圍", "會商機關名稱": "海軍海鋒第一大隊", "主管機關名稱": "臺中市政府", "聯絡方式": "承辦窗口：徐敏馨\n電子郵件：minsh30@gmail.com\n電話：0933634289", "主管機關": "10", "空域說明": "區域內除遙控無人機術科測驗外，禁止從事遙控無人機活動，因執行業務得經臺中市政府會商海軍海鋒第一大隊同意後為之。", "三級機關": null, "有效日期起": "114/12/24", "罰則": "罰款3萬-15萬\n註冊/地點/操作限制\n得沒入遙控無人機", "last_edited_date": null, "空域類型": 7, "SHAPE__Area": 121346.91321756, "會商機關": "03.20054.20004.20015", "空域顏色": "黃區", "有效日期迄": "999/12/31", "限制區": "黃區", "created_user": null, "空域類別": 7, "空域名稱": "中385 國軍營區77(清水營區)", "last_edited_user": null, "條件": "限制", "countyid": null, "created_date": null, "二級機關": null, "SHAPE__Length": 1415.015604538858, "objectid": 469}}, {"geometry": {"type": "Polygon", "coordinates": [[[120.49856388860276, 22.66973055587846], [120.49829444432316, 22.66862777789913], [120.5000388890616, 22.66808055631146], [120.50042777783294, 22.669205556134376], [120.49856388860276, 22.66973055587846]]]}, "id": 470, "type": "Feature", "properties": {"空域類別名稱": "縣市政府限制使用範圍", "會商機關名稱": "國立屏東大學附設實驗國民小學", "主管機關名稱": "屏東縣政府", "聯絡方式": "承辦窗口：蔡櫻芬\n電子郵件：ev51yn@nptups.ptc.edu.tw\n電話：08-7220451#131", "主管機關": "20", "空域說明": "<有條件開放>\r\n1.週一至週五(國定假日除外)日出至日落，限本校課程教學學生學習使用。\r\n2.週末及國定假日，申請本區域從事活動者，經本校同意後，始得為之。\r\n3.區域內開放從事遙控無人機活動，限制高度60公尺以下。", "三級機關": null, "有效日期起": "114/09/22", "罰則": "罰款3萬-15萬\n註冊/地點/操作限制\n得沒入遙控無人機", "last_edited_date": null, "空域類型": 7, "SHAPE__Area": 29358.365167685, "會商機關": "03.20005.20097.20058", "空域顏色": "黃區", "有效日期迄": "999/12/31", "限制區": "黃區", "created_user": null, "空域類別": 7, "空域名稱": "屏176 國立屏東大學附設實驗國民小學", "last_edited_user": null, "條件": "限制", "countyid": null, "created_date": null, "二級機關": null, "SHAPE__Length": 700.877585542703, "objectid": 470}}, {"geometry": {"type": "Polygon", "coordinates": [[[121.36744444411679, 24.902072221613267], [121.36656944370756, 24.903019444075195], [121.3645888893731, 24.90056388881695], [121.36389722163861, 24.89655555612615], [121.36497222206441, 24.896250000242418], [121.36744444411679, 24.902072221613267]]]}, "id": 471, "type": "Feature", "properties": {"空域類別名稱": "縣市政府限制使用範圍", "會商機關名稱": "內政部警政署保安警察第一總隊", "主管機關名稱": "新北市政府", "聯絡方式": "承辦窗口：林明雄\r\n電子郵件：600-007@1spc.npa.gov.tw\r\n電話：02-28218137轉2667", "主管機關": "3", "空域說明": "1. 內政部警政署保一總隊(三峽營區)區域內從事遙控無人機活動僅得為該機關教職員工生等人員，因教學、研究、活動、試驗、勤務與無人機訓練等用途使用。\r\n2. 申請本區域內從事活動者，由市府會商內政部警政署保安警察第一總隊同意後，始得為之。", "三級機關": null, "有效日期起": "108/07/01", "罰則": "罰款3萬-15萬\n註冊/地點/操作限制\n得沒入遙控無人機", "last_edited_date": null, "空域類型": 7, "SHAPE__Area": 146467.077214305, "會商機關": "03.20001.20001.20006", "空域顏色": "黃區", "有效日期迄": "999/12/31", "限制區": "黃區", "created_user": null, "空域類別": 7, "空域名稱": "新北24-保安警察第一總隊(三峽營區)", "last_edited_user": null, "條件": "限制", "countyid": null, "created_date": null, "二級機關": null, "SHAPE__Length": 1914.1046502053835, "objectid": 471}}, {"geometry": {"type": "Polygon", "coordinates": [[[121.51766666738452, 24.99041666683801], [121.51666666730182, 24.989472221814616], [121.5178888890263, 24.98858333312844], [121.51874999968456, 24.989194443874602], [121.51961111124123, 24.988666666664898], [121.52008333312816, 24.98902777827494], [121.5198888891917, 24.989499999736946], [121.51927777788033, 24.989277777811047], [121.51766666738452, 24.99041666683801]]]}, "id": 472, "type": "Feature", "properties": {"空域類別名稱": "縣市政府限制使用範圍", "會商機關名稱": "海洋委員會海巡署金馬澎分署", "主管機關名稱": "新北市政府", "聯絡方式": "承辦窗口：專員黃清綺\r\n電子郵件：cga361203\r\n電話：02-29406341#361203", "主管機關": "3", "空域說明": "1. 本區域內從事遙控無人機活動僅得為該機關(所屬)員工，因教學、示範及業務需求等用途使用。\r\n2. 申請本區域從事活動者，經新北市政府會商海巡署金馬澎分署同意後，始得為之。", "三級機關": null, "有效日期起": "111/12/01", "罰則": "罰款3萬-15萬\n註冊/地點/操作限制\n得沒入遙控無人機", "last_edited_date": null, "空域類型": 7, "SHAPE__Area": 38172.71390394, "會商機關": "03.20070.20001.20005", "空域顏色": "黃區", "有效日期迄": "999/12/31", "限制區": "黃區", "created_user": null, "空域類別": 7, "空域名稱": "新北295 海巡署金馬澎分署", "last_edited_user": null, "條件": "限制", "countyid": null, "created_date": null, "二級機關": null, "SHAPE__Length": 1004.0975978394424, "objectid": 472}}, {"geometry": {"type": "Polygon", "coordinates": [[[120.40658333311299, 23.316644705752513], [120.40497732504805, 23.316608846770507], [120.40337507104267, 23.316501353086586], [120.40178031437667, 23.316322476962608], [120.40019678395673, 23.3160726347126], [120.39862817904529, 23.3157524116557], [120.39707816566694, 23.315362556346155], [120.39555036762559, 23.314903978929436], [120.39404835392779, 23.314377751149213], [120.39257563518977, 23.313785103880814], [120.391135651959, 23.313127421365735], [120.38973177022288, 23.312406240396967], [120.38836726883216, 23.311623247030226], [120.38704533680614, 23.310780269996147], [120.38576906165441, 23.30987927988775], [120.38454142578381, 23.308922383398677], [120.38336529571826, 23.307911812611998], [120.38224342030267, 23.306849934088742], [120.3811784172277, 23.305739224956913], [120.38017277482666, 23.304582282825724], [120.37922884219411, 23.30338181012389], [120.37834882110074, 23.302140611638503], [120.3775347677903, 23.300861587927972], [120.37678858130124, 23.299547726259476], [120.37611200256855, 23.298202095670757], [120.3755066108306, 23.296827842856633], [120.37497381823897, 23.295428174853157], [120.37451486626537, 23.29400636317272], [120.3741308248033, 23.292565728961446], [120.37382259037145, 23.29110963723124], [120.37359087802872, 23.2896414886151], [120.37343622676435, 23.28816471359684], [120.37335899680276, 23.28668276096329], [120.37335936511205, 23.285199092031256], [120.37343732809889, 23.283717170746925], [120.37359270071045, 23.282240460385598], [120.37382511912898, 23.28077240704703], [120.37413403717878, 23.279316441303166], [120.37451872902109, 23.277875961690704], [120.37497829723897, 23.276454333880523], [120.37551166385407, 23.27505487581797], [120.37611758290313, 23.27368085606451], [120.37679463594624, 23.27233548141107], [120.37754124105021, 23.271021895217793], [120.3783556527885, 23.269743163374613], [120.37923596673262, 23.268502270988712], [120.3801801284356, 23.26730211577048], [120.3811859289401, 23.266145499768253], [120.38225102004998, 23.26503512440353], [120.3833729143302, 23.263973578078332], [120.38454899139514, 23.262963341938306], [120.38577650329826, 23.262006774178545], [120.38705258441388, 23.26110610672855], [120.38837425592844, 23.260263442762714], [120.3897384303324, 23.259480749259062], [120.3911419239963, 23.25875985203454], [120.3925814598661, 23.258102434907272], [120.39405367734416, 23.257510032256807], [120.3955551403747, 23.256984027362627], [120.39708234193472, 23.256525645791264], [120.39863172020416, 23.256135960339034], [120.40019965676903, 23.255815877818684], [120.40178249368955, 23.25556614730561], [120.40337653529657, 23.255387350228123], [120.40497806076829, 23.255279905314637], [120.40658333311299, 23.25524406198784], [120.40818860455943, 23.255279905314637], [120.40979013092941, 23.255387350228123], [120.41138417163816, 23.25556614730561], [120.41296700855865, 23.255815877818684], [120.41453494602187, 23.256135960339034], [120.41608432429129, 23.256525645791264], [120.41761152585131, 23.256984027362627], [120.41911298888182, 23.257510032256807], [120.42058520635992, 23.258102434907272], [120.42202474222968, 23.25875985203454], [120.42342823589361, 23.259480749259062], [120.42479241029757, 23.260263442762714], [120.42611408181216, 23.26110610672855], [120.42739016292775, 23.262006774178545], [120.42861767483087, 23.262963341938306], [120.42979375189579, 23.263973578078332], [120.43091564617603, 23.26503512440353], [120.43198073728591, 23.266145499768253], [120.43298653779041, 23.26730211577048], [120.43393069859508, 23.268502270988712], [120.43481101343751, 23.269743163374613], [120.4356254251758, 23.271021895217793], [120.43637203027977, 23.27233548141107], [120.43704908332288, 23.27368085606451], [120.43765500237193, 23.27505487581797], [120.43818836898704, 23.276454333880523], [120.43864793720492, 23.277875961690704], [120.43903262904726, 23.279316441303166], [120.43934154709703, 23.28077240704703], [120.43957396461722, 23.282240460385598], [120.43972933812712, 23.283717170746925], [120.43980730111396, 23.285199092031256], [120.43980766942325, 23.28668276096329], [120.43973043856332, 23.28816471359684], [120.43957578819729, 23.2896414886151], [120.43934407585456, 23.29110963723124], [120.4390358414227, 23.292565728961446], [120.43865179996064, 23.29400636317272], [120.43819284798704, 23.295428174853157], [120.43766005539541, 23.296827842856633], [120.43705466275911, 23.298202095670757], [120.43637808492477, 23.299547726259476], [120.43563189843572, 23.300861587927972], [120.43481784512524, 23.302140611638503], [120.4339378240319, 23.30338181012389], [120.43299389139932, 23.304582282825724], [120.43198824899831, 23.305739224956913], [120.43092324592334, 23.306849934088742], [120.4298013696094, 23.307911812611998], [120.4286252404422, 23.308922383398677], [120.42739760367324, 23.30987927988775], [120.42612132941986, 23.310780269996147], [120.42479939739385, 23.311623247030226], [120.42343489600312, 23.312406240396967], [120.422031014267, 23.313127421365735], [120.42059103103624, 23.313785103880814], [120.41911831229822, 23.314377751149213], [120.41761629770211, 23.314903978929436], [120.41608849966073, 23.315362556346155], [120.41453848718072, 23.3157524116557], [120.41296988226925, 23.3160726347126], [120.41138635184934, 23.316322476962608], [120.40979159518334, 23.316501353086586], [120.40818934117794, 23.316608846770507], [120.40658333311299, 23.316644705752513]]]}, "id": 473, "type": "Feature", "properties": {"空域類別名稱": "縣市政府限制使用範圍", "會商機關名稱": "陸軍第五地區支援指揮部", "主管機關名稱": "臺南市政府", "聯絡方式": "承辦窗口：綜合科\n電子郵件：\n電話：(04)25818004", "主管機關": "16", "空域說明": "1. 區域內200呎以上禁止從事遙控無人機活動。\n2. 申請本區域內從事活動者，由臺南市政府會商陸軍第五地區支援指揮部同意後，始得為之。", "三級機關": null, "有效日期起": null, "罰則": "罰款3萬-15萬\n註冊/地點/操作限制\n得沒入遙控無人機", "last_edited_date": null, "空域類型": 7, "SHAPE__Area": 43226215.89732636, "會商機關": "03.20056.20031.20019", "空域顏色": "黃區", "有效日期迄": null, "限制區": "黃區", "created_user": null, "空域類別": 7, "空域名稱": "南100-國軍營區", "last_edited_user": null, "條件": "限制", "countyid": null, "created_date": null, "二級機關": null, "SHAPE__Length": 23308.988968391553, "objectid": 473}}, {"geometry": {"type": "Polygon", "coordinates": [[[120.43800000035678, 23.46622954670215], [120.4378627970702, 23.466225995999654], [120.43772602587326, 23.466215352955768], [120.43759011705895, 23.466197653001707], [120.43745549822542, 23.4661729496959], [120.43732259068253, 23.46614132296446], [120.4371918166384, 23.466102870860855], [120.43706358482653, 23.466057716158282], [120.4369383003871, 23.466005998109516], [120.43681635498562, 23.46594788068714], [120.43669813489758, 23.46588354763968], [120.43658401112725, 23.46581320084359], [120.43647434300075, 23.465737061951497], [120.43636947457281, 23.46565536992021], [120.43626973732172, 23.465568381835013], [120.43617544386129, 23.465476372085625], [120.43608689243217, 23.465379629070473], [120.43600435881712, 23.465278457668735], [120.43592810532424, 23.465173177592582], [120.43585837090536, 23.465064117619104], [120.43579537474945, 23.464951623006684], [120.43573931628244, 23.464836047254867], [120.43569036887925, 23.464717752104498], [120.435648689745, 23.464597111658055], [120.43561440913545, 23.46447450578735], [120.4355876339501, 23.464350319309794], [120.4355684504272, 23.464224942812358], [120.43555691605896, 23.464098771827672], [120.4355530685746, 23.463972202713872], [120.43555691965221, 23.463845634302743], [120.43556845941036, 23.4637194629555], [120.43558764832311, 23.463594086682903], [120.43561442710178, 23.463469901849123], [120.43564871220289, 23.46334729575546], [120.4356903949304, 23.463226658176644], [120.43573934502854, 23.463108364880146], [120.43579540708882, 23.46299278998648], [120.43585840593968, 23.46288029608087], [120.43592814305347, 23.462771239157224], [120.43600439834299, 23.462665960377475], [120.43608693195804, 23.462564791016025], [120.43617548518382, 23.462468049987102], [120.43626977864426, 23.462376042196848], [120.4363695158953, 23.46228905607072], [120.43647438432326, 23.46220736602573], [120.43658405065312, 23.462131229173895], [120.43669817262685, 23.462060883674237], [120.4368163909182, 23.461996552852522], [120.43693833272647, 23.46193843778504], [120.43706361536927, 23.461886722242525], [120.43719184268954, 23.461841567745733], [120.4373226140387, 23.461803116861702], [120.43745551619173, 23.461771490731316], [120.43759013143199, 23.46174678989335], [120.43772603485638, 23.461729090164102], [120.43786280156176, 23.461718448405733], [120.43800000035678, 23.461714895933795], [120.43813719825351, 23.461718448405733], [120.43827396495887, 23.461729090164102], [120.43840986928159, 23.46174678989335], [120.43854448362352, 23.461771490731316], [120.43867738577657, 23.461803116861702], [120.43880815712575, 23.461841567745733], [120.43893638534433, 23.461886722242525], [120.4390616670888, 23.46193843778504], [120.43918360889705, 23.461996552852522], [120.43930182718843, 23.462060883674237], [120.43941594916214, 23.462131229173895], [120.43952561639031, 23.46220736602573], [120.43963048392, 23.46228905607072], [120.43973022117103, 23.462376042196848], [120.43982451463145, 23.462468049987102], [120.43991306785723, 23.462564791016025], [120.43999560237059, 23.462665960377475], [120.44007185676175, 23.462771239157224], [120.4401415938756, 23.46288029608087], [120.44020459272647, 23.46299278998648], [120.44026065478674, 23.463108364880146], [120.44030960488487, 23.463226658176644], [120.44035128761237, 23.46334729575546], [120.44038557271351, 23.463469901849123], [120.44041235239045, 23.463594086682903], [120.44043154130321, 23.4637194629555], [120.44044308016304, 23.463845634302743], [120.44044693124066, 23.463972202713872], [120.44044308375632, 23.464098771827672], [120.4404315502864, 23.464224942812358], [120.44041236586517, 23.464350319309794], [120.44038559067982, 23.46447450578735], [120.44035131007027, 23.464597111658055], [120.44030963093603, 23.464717752104498], [120.44026068443114, 23.464836047254867], [120.44020462506582, 23.464951623006684], [120.44014162890988, 23.465064117619104], [120.44007189538934, 23.465173177592582], [120.43999564099812, 23.465278457668735], [120.4399131082814, 23.465379629070473], [120.43982455595393, 23.465476372085625], [120.43973026339185, 23.465568381835013], [120.43963052524248, 23.46565536992021], [120.43952565681454, 23.465737061951497], [120.43941598868801, 23.46581320084359], [120.4393018649177, 23.46588354763968], [120.43918364482967, 23.46594788068714], [120.43906170032648, 23.466005998109516], [120.43893641498873, 23.466057716158282], [120.43880818317687, 23.466102870860855], [120.43867740913277, 23.46614132296446], [120.43854450158985, 23.4661729496959], [120.43840988275629, 23.466197653001707], [120.43827397394203, 23.466215352955768], [120.4381372027451, 23.466225995999654], [120.43800000035678, 23.46622954670215]]]}, "id": 474, "type": "Feature", "properties": {"空域類別名稱": "縣市政府限制使用範圍", "會商機關名稱": null, "主管機關名稱": "嘉義市政府", "聯絡方式": "承辦窗口：林淑娟\n電子郵件：shuchuan72@gmail.com\n電話：05-2860885", "主管機關": "13", "空域說明": "<有條件開放>\n1. 暑假期間日出至日落，區域內開放從事遙控無人機活動。\n2. 申請本區域於核定日外從事活動者，經嘉義市政府會商嘉義市興嘉國民小學同意後，始得為之。", "三級機關": null, "有效日期起": null, "罰則": "罰款3萬-15萬\n註冊/地點/操作限制\n得沒入遙控無人機", "last_edited_date": null, "空域類型": 7, "SHAPE__Area": 234295.51277187, "會商機關": null, "空域顏色": "黃區", "有效日期迄": null, "限制區": "黃區", "created_user": null, "空域類別": 7, "空域名稱": "嘉市44 嘉義市興嘉國民小學", "last_edited_user": null, "條件": "限制", "countyid": null, "created_date": null, "二級機關": null, "SHAPE__Length": 1716.115375668362, "objectid": 474}}, {"geometry": {"type": "Polygon", "coordinates": [[[120.46299999972949, 23.471757323391323], [120.46286279105298, 23.471753772013546], [120.46272601536447, 23.471743130239478], [120.46259010026195, 23.471725429378804], [120.46245547514023, 23.471700727107734], [120.46232256310572, 23.471669100053063], [120.46219178277342, 23.47163064791213], [120.46206354557167, 23.471585491804984], [120.46193825574237, 23.47153377427451], [120.46181630584925, 23.47147565763848], [120.46169808126969, 23.471411324813737], [120.46158395210946, 23.47134097766827], [120.46147427859304, 23.47126483866937], [120.46136940657183, 23.47118314676387], [120.46126966482922, 23.47109615902623], [120.46117536777552, 23.47100414901077], [120.46108681185483, 23.470907405927772], [120.46100427644313, 23.470806236291622], [120.46092801935697, 23.47070095485717], [120.46085828224315, 23.470591895331687], [120.46079528339229, 23.47047939966307], [120.46073922133203, 23.470363823808064], [120.46069027303051, 23.470245530316394], [120.46064859209967, 23.470124889978813], [120.46061430969345, 23.470002284299312], [120.46058753360977, 23.469878097255094], [120.46056834918856, 23.469752721064825], [120.46055681392201, 23.46962654959653], [120.46055296733597, 23.469499980839764], [120.46055681931192, 23.46937341196163], [120.46056835817174, 23.469247240954665], [120.46058754798283, 23.469121865813012], [120.46061432765977, 23.468997679588274], [120.46064861365923, 23.468875075333493], [120.46069029908168, 23.46875443621507], [120.46073925097643, 23.468636142928723], [120.4607953148333, 23.468520567931385], [120.46085831727744, 23.468408074617038], [120.46092805618792, 23.46829901814062], [120.4610043150707, 23.468193738825928], [120.46108685317733, 23.46809257040536], [120.46117540999633, 23.467995829307867], [120.46126970705005, 23.467903821250765], [120.46136944789434, 23.467816836295512], [120.46147431991554, 23.467735146375528], [120.46158399163534, 23.467659008592214], [120.46169811899891, 23.467588664390476], [120.46181634088357, 23.467524332966807], [120.46193828808168, 23.46746621786106], [120.46206357611437, 23.46741450201222], [120.46219180882457, 23.4673693469344], [120.46232258466529, 23.467330896836593], [120.46245549310656, 23.467299271206645], [120.46259011373671, 23.467274568931042], [120.4627260243476, 23.467256869119026], [120.46286279644288, 23.467246226982287], [120.46299999972949, 23.46724267630713], [120.46313720391441, 23.467246226982287], [120.46327397600969, 23.467256869119026], [120.46340988572227, 23.467274568931042], [120.46354450725075, 23.467299271206645], [120.46367741479366, 23.467330896836593], [120.46380819063441, 23.4673693469344], [120.46393642424292, 23.46741450201222], [120.46406171227557, 23.46746621786106], [120.46418365857541, 23.467524332966807], [120.46430188135834, 23.467588664390476], [120.46441600782362, 23.467659008592214], [120.46452568044172, 23.467735146375528], [120.46463055156461, 23.467816836295512], [120.46473029330723, 23.467903821250765], [120.46482459036092, 23.467995829307867], [120.46491314717996, 23.46809257040536], [120.46499568528661, 23.468193738825928], [120.46507194416937, 23.46829901814062], [120.46514168307982, 23.468408074617038], [120.46520468462565, 23.468520567931385], [120.46526074938085, 23.468636142928723], [120.4653097012756, 23.46875443621507], [120.46535138579974, 23.468875075333493], [120.46538567179918, 23.468997679588274], [120.46541245237445, 23.469121865813012], [120.46543164218555, 23.469247240954665], [120.46544318104537, 23.46937341196163], [120.4654470330213, 23.469499980839764], [120.46544318643524, 23.46962654959653], [120.46543165116869, 23.469752721064825], [120.46541246584917, 23.469878097255094], [120.46538568976547, 23.470002284299312], [120.46535140825763, 23.470124889978813], [120.46530972732677, 23.470245530316394], [120.46526077902526, 23.470363823808064], [120.46520471696499, 23.47047939966307], [120.46514171811411, 23.470591895331687], [120.46507198100028, 23.47070095485717], [120.46499572391413, 23.470806236291622], [120.46491318760415, 23.470907405927772], [120.46482463168346, 23.47100414901077], [120.46473033462973, 23.47109615902623], [120.46463059288712, 23.47118314676387], [120.4645257208659, 23.47126483866937], [120.46441604824784, 23.47134097766827], [120.4643019190876, 23.471411324813737], [120.4641836936097, 23.47147565763848], [120.46406174371663, 23.47153377427451], [120.46393645388731, 23.471585491804984], [120.46380821668558, 23.47163064791213], [120.46367743725156, 23.471669100053063], [120.46354452521703, 23.471700727107734], [120.4634099000953, 23.471725429378804], [120.46327398499282, 23.471743130239478], [120.46313720930429, 23.471753772013546], [120.46299999972949, 23.471757323391323]]]}, "id": 475, "type": "Feature", "properties": {"空域類別名稱": "縣市政府限制使用範圍", "會商機關名稱": null, "主管機關名稱": "嘉義市政府", "聯絡方式": "承辦窗口：陳世典\n電子郵件：dna341341@yahoo.com.tw\n電話：05-2224383#232", "主管機關": "13", "空域說明": "<有條件開放>\n1. 例假日(國定假日)日出至日落，區域內開放從事遙控無人機活動，限制高度400英呎(120公尺)以下；臨時關閉則另行通告。\n2. 申請本區域於核定日外從事活動者，經嘉義市政府會商嘉義市立南興國民中學同意後，始得為之。", "三級機關": null, "有效日期起": null, "罰則": "罰款3萬-15萬\n註冊/地點/操作限制\n得沒入遙控無人機", "last_edited_date": null, "空域類型": 7, "SHAPE__Area": 234314.91618675, "會商機關": null, "空域顏色": "黃區", "有效日期迄": null, "限制區": "黃區", "created_user": null, "空域類別": 7, "空域名稱": "嘉市45 嘉義市立南興國民中學", "last_edited_user": null, "條件": "限制", "countyid": null, "created_date": null, "二級機關": null, "SHAPE__Length": 1716.1864336174958, "objectid": 475}}, {"geometry": {"type": "Polygon", "coordinates": [[[120.47044444359187, 23.475035099662986], [120.47030723222042, 23.475031549197418], [120.47017045204029, 23.475020906863737], [120.47003453424287, 23.475003205618854], [120.46989990462956, 23.474978503961463], [120.46976698990014, 23.474946876868525], [120.46963620687286, 23.474908424858857], [120.46950796697617, 23.474863269049564], [120.46938267355361, 23.47481155197994], [120.46926072096558, 23.474753435139732], [120.4691424927927, 23.474689102265234], [120.46902836093754, 23.47461875521942], [120.46891868562452, 23.474542615640082], [120.46881381090834, 23.47446092411606], [120.46871406736909, 23.474373936067487], [120.46861976672217, 23.47428192586585], [120.46853120900478, 23.474185184362124], [120.46844866999986, 23.474084013119388], [120.46837241201537, 23.47397873182839], [120.46830267310494, 23.473869673364145], [120.46823967155913, 23.47375717801815], [120.46818361039719, 23.473641601738336], [120.46813466029904, 23.473523307065342], [120.46809297757154, 23.473402667252696], [120.46805869516538, 23.47328006132287], [120.46803191818336, 23.47315587489165], [120.46801273196552, 23.473030499343853], [120.4680011975973, 23.472904327713792], [120.46799735011292, 23.472777758805123], [120.46800120208887, 23.472651189775036], [120.46801274184699, 23.47252501860623], [120.46803193165812, 23.47239964410695], [120.46805871313164, 23.472275457671035], [120.46809300002941, 23.472152853165728], [120.4681346863502, 23.47203221374798], [120.46818363914325, 23.47191392175198], [120.46823970479679, 23.47179834715345], [120.46830270813925, 23.471685854161354], [120.46837244884632, 23.47157679627386], [120.46844871042407, 23.471471517102206], [120.468531249429, 23.471370347898574], [120.46861980804466, 23.471273608379985], [120.46871410779326, 23.47118160013626], [120.46881385223085, 23.471094614045587], [120.46891872604868, 23.471012923682668], [120.46902840136171, 23.470936786966465], [120.46914252962362, 23.47086644286395], [120.46926075599987, 23.470802112214162], [120.46938270589295, 23.470743996903863], [120.46950799662056, 23.470692280691576], [120.46963623292403, 23.470647125911295], [120.46976701325633, 23.470608675944522], [120.46989992259589, 23.470577050276066], [120.47003454681929, 23.47055234779004], [120.47017046102349, 23.470534647593606], [120.470307236712, 23.47052400572122], [120.47044444359187, 23.470520455134256], [120.47058165137004, 23.47052400572122], [120.47071842705857, 23.470534647593606], [120.47085434126275, 23.47055234779004], [120.47098896458783, 23.470577050276066], [120.47112187482573, 23.470608675944522], [120.47125265515803, 23.470647125911295], [120.47138089056314, 23.470692280691576], [120.4715061821891, 23.470743996903863], [120.47162813208219, 23.470802112214162], [120.4717463575601, 23.47086644286395], [120.47186048672029, 23.470936786966465], [120.47197016203337, 23.471012923682668], [120.4720750358512, 23.471094614045587], [120.47217478028874, 23.47118160013626], [120.47226908003739, 23.471273608379985], [120.47235763865305, 23.471370347898574], [120.47244017765799, 23.471471517102206], [120.4725164392357, 23.47157679627386], [120.47258617994281, 23.471685854161354], [120.47264918328524, 23.47179834715345], [120.47270524893875, 23.47191392175198], [120.47275420173186, 23.47203221374798], [120.47279588805262, 23.472152853165728], [120.47283017495039, 23.472275457671035], [120.47285695642394, 23.47239964410695], [120.47287614623507, 23.47252501860623], [120.47288768599319, 23.472651189775036], [120.47289153796913, 23.472777758805123], [120.47288768958644, 23.472904327713792], [120.47287615611654, 23.473030499343853], [120.4728569698987, 23.47315587489165], [120.47283019291667, 23.47328006132287], [120.4727959096122, 23.473402667252696], [120.47275422778299, 23.473523307065342], [120.47270527768487, 23.473641601738336], [120.47264921562461, 23.47375717801815], [120.47258621497711, 23.473869673364145], [120.47251647606666, 23.47397873182839], [120.4724402180822, 23.474084013119388], [120.47235767907725, 23.474185184362124], [120.47226912135989, 23.47428192586585], [120.47217482071295, 23.474373936067487], [120.47207507717371, 23.47446092411606], [120.47197020155924, 23.474542615640082], [120.47186052714451, 23.47461875521942], [120.47174639528933, 23.474689102265234], [120.47162816711648, 23.474753435139732], [120.47150621363014, 23.47481155197994], [120.47138092110589, 23.474863269049564], [120.4712526812092, 23.474908424858857], [120.47112189818192, 23.474946876868525], [120.47098898255415, 23.474978503961463], [120.47085435383916, 23.475003205618854], [120.47071843604175, 23.475020906863737], [120.47058165586164, 23.475031549197418], [120.47044444359187, 23.475035099662986]]]}, "id": 476, "type": "Feature", "properties": {"空域類別名稱": "縣市政府限制使用範圍", "會商機關名稱": null, "主管機關名稱": "嘉義市政府", "聯絡方式": "承辦窗口：陳世典\n電子郵件：dna341341@yahoo.com.tw\n電話：05-2224383#232", "主管機關": "13", "空域說明": "<有條件開放>\n1. 周一至周五及例假日(國定假日)日出至日落，區域內開放從事遙控無人機活動，限制高度400英呎(120公尺)以下；臨時關閉則另行通告。\n2. 申請本區域於核定日外從事活動者，經嘉義市政府會商嘉義市立南興國民中學同意後，始得為之。", "三級機關": null, "有效日期起": null, "罰則": "罰款3萬-15萬\n註冊/地點/操作限制\n得沒入遙控無人機", "last_edited_date": null, "空域類型": 7, "SHAPE__Area": 234326.43428176, "會商機關": null, "空域顏色": "黃區", "有效日期迄": null, "限制區": "黃區", "created_user": null, "空域類別": 7, "空域名稱": "嘉市46 嘉義市立南興國民中學第二校區探索體驗學校", "last_edited_user": null, "條件": "限制", "countyid": null, "created_date": null, "二級機關": null, "SHAPE__Length": 1716.2286127510927, "objectid": 476}}, {"geometry": {"type": "Polygon", "coordinates": [[[121.60425000001852, 25.006243009620288], [121.60414277710623, 25.006239479644616], [121.60403611204768, 25.006228909255654], [121.60393056269677, 25.006211351368623], [121.60382667882239, 25.006186898788982], [121.60372500300691, 25.00615567932781], [121.60362606256152, 25.00611785498774], [121.60353037671243, 25.006073622777226], [121.60343844222794, 25.006023214710808], [121.60335073880839, 25.00596689292448], [121.60326772369635, 25.005904949675955], [121.60318982987977, 25.005837710601305], [121.60311746429544, 25.005765524131753], [121.60305100243912, 25.00568876719262], [121.60299079106062, 25.005607840318962], [121.60293714636674, 25.00552316521328], [121.60289034503876, 25.005435183117775], [121.60285063321501, 25.00534435318596], [121.60281821660968, 25.005251147598457], [121.60279326500437, 25.0051560540053], [121.60277590775638, 25.005059568199147], [121.60276623739236, 25.004962191672945], [121.60276430062463, 25.004864434062352], [121.60277011092793, 25.004766803376498], [121.60278363596282, 25.004669809254224], [121.60280480566082, 25.00457395726551], [121.60283351132574, 25.00447974809707], [121.60286960024393, 25.00438767103947], [121.60291288736252, 25.004298207243412], [121.60296314361108, 25.004211823206614], [121.60302011027481, 25.004128969145476], [121.60308348821475, 25.004050075738387], [121.60315294774912, 25.003975557381956], [121.60322812685696, 25.003905799979083], [121.60330863297445, 25.003841166637446], [121.60339404838491, 25.003781997669446], [121.60348392393078, 25.003728599194115], [121.60357779518301, 25.00368124883587], [121.60367516986484, 25.003640194910155], [121.60377554222481, 25.00360565072434], [121.60387838674843, 25.003577797019975], [121.60398316893813, 25.003556778716142], [121.60408934261815, 25.00354270572349], [121.60419635532472, 25.00353565131576], [121.6043036447123, 25.00353565131576], [121.60441065741887, 25.00354270572349], [121.60451683109895, 25.003556778716142], [121.60462161328867, 25.003577797019975], [121.60472445781221, 25.00360565072434], [121.60482483017218, 25.003640194910155], [121.60492220485409, 25.00368124883587], [121.6050160761063, 25.003728599194115], [121.60510595165219, 25.003781997669446], [121.60519136706266, 25.003841166637446], [121.60527187318006, 25.003905799979083], [121.6053470522879, 25.003975557381956], [121.60541651182227, 25.004050075738387], [121.60547988976221, 25.004128969145476], [121.60553685642594, 25.004211823206614], [121.6055871126745, 25.004298207243412], [121.60563039979311, 25.00438767103947], [121.60566648871136, 25.00447974809707], [121.60569519437628, 25.00457395726551], [121.6057163640742, 25.004669809254224], [121.60572988910917, 25.004766803376498], [121.60573569941239, 25.004864434062352], [121.60573376264466, 25.004962191672945], [121.60572409228064, 25.005059568199147], [121.60570673503274, 25.0051560540053], [121.60568178342743, 25.005251147598457], [121.605649366822, 25.00534435318596], [121.60560965499828, 25.005435183117775], [121.60556285367029, 25.00552316521328], [121.60550920897649, 25.005607840318962], [121.6054489975979, 25.00568876719262], [121.60538253574164, 25.005765524131753], [121.60531017015725, 25.005837710601305], [121.60523227634067, 25.005904949675955], [121.60514926122865, 25.00596689292448], [121.60506155780917, 25.006023214710808], [121.60496962332466, 25.006073622777226], [121.60487393657718, 25.00611785498774], [121.60477499703012, 25.00615567932781], [121.60467332121472, 25.006186898788982], [121.6045694373403, 25.006211351368623], [121.60446388798934, 25.006228909255654], [121.60435722293087, 25.006239479644616], [121.60425000001852, 25.006243009620288]]]}, "id": 477, "type": "Feature", "properties": {"空域類別名稱": "縣市政府限制使用範圍", "會商機關名稱": "東南科技大學", "主管機關名稱": "新北市政府", "聯絡方式": "承辦窗口：東南科技大學電子工程系林義平主任\n電子郵件：yplin@mail.tnu.edu.tw\n電話：(02)86625911#3、0975331103", "主管機關": "3", "空域說明": "1.區域內從事遙控無人機活動僅得為遙控無人機術科測驗、東南科技大學師生或東南科技大學開辦之遙控無人機訓練課程。限制高度400呎以下。\n2.申請本區域內從事活動者，由新北市政府會商東南科技大學同意後，始得為之。", "三級機關": null, "有效日期起": null, "罰則": "罰款3萬-15萬\n註冊/地點/操作限制\n得沒入遙控無人機", "last_edited_date": null, "空域類型": 7, "SHAPE__Area": 86360.570946645, "會商機關": "2.16.886.111.100482", "空域顏色": "黃區", "有效日期迄": null, "限制區": "黃區", "created_user": null, "空域類別": 7, "空域名稱": "新北107 東南科技大學田徑運動場", "last_edited_user": null, "條件": "限制", "countyid": null, "created_date": null, "二級機關": null, "SHAPE__Length": 1041.980466579947, "objectid": 477}}, {"geometry": {"type": "Polygon", "coordinates": [[[121.44583333305093, 25.174037464980017], [121.44575952387395, 25.174033885370882], [121.44568655013013, 25.174023186379554], [121.44561524006627, 25.17400548914016], [121.44554640126768, 25.173980993646055], [121.44548081437053, 25.17394997875005], [121.44541921958641, 25.173912795660584], [121.44536231760134, 25.17386986631603], [121.44531075430409, 25.17382167362916], [121.44526511000618, 25.17376876799135], [121.44522590483224, 25.173711746948054], [121.4451935816517, 25.173651256012153], [121.44516850787542, 25.173587981347282], [121.44515096737123, 25.173522640012134], [121.44514115687002, 25.17345597183073], [121.44513918866123, 25.17338873288861], [121.44514508699937, 25.173321684150938], [121.44515878271419, 25.173255585771543], [121.44518012219378, 25.17319118733688], [121.4452088610963, 25.173129215671025], [121.44524467692672, 25.17307037727438], [121.44528716095145, 25.173015336372472], [121.44533583526679, 25.172964715728746], [121.44539014471391, 25.172919090140176], [121.44544947574352, 25.172878976680945], [121.44551315731397, 25.17284482982413], [121.44558046538329, 25.172817035750445], [121.44565063818003, 25.172795910721728], [121.44572288159345, 25.172781692137974], [121.44579637636012, 25.17277454260188], [121.44587028974172, 25.17277454260188], [121.44594378361003, 25.172781692137974], [121.44601602792181, 25.172795910721728], [121.44608620071854, 25.172817035750445], [121.44615350878787, 25.17284482982413], [121.44621719035837, 25.172878976680945], [121.44627652138793, 25.172919090140176], [121.44633083083505, 25.172964715728746], [121.44637950515046, 25.173015336372472], [121.44642198917518, 25.17307037727438], [121.44645780500552, 25.173129215671025], [121.44648654390814, 25.17319118733688], [121.44650788338764, 25.173255585771543], [121.44652157910254, 25.173321684150938], [121.44652747744068, 25.17338873288861], [121.44652550923189, 25.17345597183073], [121.44651569873065, 25.173522640012134], [121.4464981582264, 25.173587981347282], [121.4464730835519, 25.173651256012153], [121.44644076126966, 25.173711746948054], [121.44640155609565, 25.17376876799135], [121.44635591179782, 25.17382167362916], [121.44630434760215, 25.17386986631603], [121.44624744561716, 25.173912795660584], [121.44618585173136, 25.17394997875005], [121.44612026483415, 25.173980993646055], [121.44605142603564, 25.17400548914016], [121.44598011597171, 25.174023186379554], [121.44590714222797, 25.174033885370882], [121.44583333305093, 25.174037464980017]]]}, "id": 478, "type": "Feature", "properties": {"空域類別名稱": "縣市政府限制使用範圍", "會商機關名稱": "淡江大學", "主管機關名稱": "新北市政府", "聯絡方式": "承辦窗口：李孝萍\n電子郵件：081328@mail.tku.edu.tw\n電話：02-23216320#8831", "主管機關": "3", "空域說明": "淡江大學田徑運動場區域內從事遙控無人機活動僅得為淡江大學開辦之遙控無人機訓練課程。限制高度400呎以下。申請本區域內從事活動者，由新北市政府會商淡江大學同意後，始得為之。", "三級機關": null, "有效日期起": null, "罰則": "罰款3萬-15萬\n註冊/地點/操作限制\n得沒入遙控無人機", "last_edited_date": null, "空域類型": 7, "SHAPE__Area": 18839.461695115, "會商機關": "2.16.886.111.100549", "空域顏色": "黃區", "有效日期迄": null, "限制區": "黃區", "created_user": null, "空域類別": 7, "空域名稱": "新北109 淡江大學田徑運動場", "last_edited_user": null, "條件": "限制", "countyid": null, "created_date": null, "二級機關": null, "SHAPE__Length": 486.79600439361224, "objectid": 478}}, {"geometry": {"type": "Polygon", "coordinates": [[[121.44821388921511, 25.010013735024263], [121.44801696143686, 25.01001016689505], [121.44782034537394, 25.009999465763066], [121.4476243509453, 25.009981651164473], [121.44742928896783, 25.00995674914691], [121.44723546936046, 25.009924799596156], [121.4470431948554, 25.009885853794078], [121.44685277267642, 25.009839971976273], [121.44666450286086, 25.009787229030835], [121.44647868275106, 25.009727706357452], [121.44629560699447, 25.009661496752127], [121.44611556484861, 25.009588709291627], [121.44593884107934, 25.009509454680103], [121.44576571416455, 25.009423862345017], [121.4455964589886, 25.00933206334127], [121.44543134414779, 25.009234205819173], [121.44527062835695, 25.00913044281311], [121.44511456673759, 25.009020940382506], [121.44496340632641, 25.008905870285233], [121.44481738607529, 25.008785414048184], [121.44467673685126, 25.008659762967255], [121.4445416814365, 25.008529115665407], [121.44441243183347, 25.00839367890669], [121.44428919465452, 25.008253665968187], [121.44417216303766, 25.008109299896766], [121.444061522934, 25.007960806996106], [121.44395744861676, 25.007808424153854], [121.44386010627429, 25.007652389886704], [121.44376964682343, 25.007492953295444], [121.44368621579147, 25.00733036511017], [121.44360994433225, 25.00716488338884], [121.44354095192178, 25.006996768633023], [121.4434793499512, 25.0068262870442], [121.44342523364188, 25.00665370889571], [121.44337869013032, 25.006479306904637], [121.4433397921802, 25.00630335623184], [121.4433086008769, 25.00612613529615], [121.44328516562778, 25.005947924146103], [121.44326952506037, 25.00576900527431], [121.44326170073425, 25.00558966117485], [121.4432617088191, 25.00541017515769], [121.44326954572163, 25.00523083134846], [121.44328520156039, 25.005051913060452], [121.44330865118255, 25.004873702794335], [121.44333985506225, 25.004696483866667], [121.44337876738545, 25.00452053633907], [121.4434253243717, 25.00434613701825], [121.44347945235914, 25.00417356189835], [121.44354106600787, 25.00400308371843], [121.44361006829976, 25.00383497440494], [121.44368634964043, 25.003669496116085], [121.44376978965556, 25.00350691263961], [121.4438602571912, 25.00334748206558], [121.44395760761859, 25.003191454343884], [121.44406168912234, 25.003039076168843], [121.44417233371757, 25.002890590165126], [121.44428936982601, 25.00274622918852], [121.44441260969988, 25.00260622283911], [121.4445418610996, 25.002470793390223], [121.44467691831093, 25.002340151717917], [121.4448175666367, 25.00221450707026], [121.44496358509116, 25.002094058111833], [121.44511474280742, 25.00197899373774], [121.44527080083351, 25.001869497144064], [121.44543151213279, 25.001765740943053], [121.44559662158368, 25.00166788879122], [121.4457658695731, 25.001576096203337], [121.44593898840306, 25.001490508109956], [121.44611570408749, 25.001411258857257], [121.44629573635184, 25.00133847464946], [121.446478802227, 25.001272271920264], [121.4466646097603, 25.00121275326222], [121.44685286789782, 25.001160013125567], [121.44704327839867, 25.00111413537577], [121.44723553942906, 25.001075190850912], [121.4474293455617, 25.001043243874946], [121.4476243940644, 25.00101834411603], [121.44782037412006, 25.001000529843243], [121.44801697580989, 25.000989830368813], [121.44821388921511, 25.000986261977445], [121.44841080172199, 25.000989830368813], [121.44860740431014, 25.001000529843243], [121.44880338436579, 25.00101834411603], [121.44899843197017, 25.001043243874946], [121.44919223900116, 25.001075190850912], [121.44938450003154, 25.00111413537577], [121.44957490963411, 25.001160013125567], [121.44976316777156, 25.00121275326222], [121.44994897620319, 25.001272271920264], [121.45013204207835, 25.00133847464946], [121.45031207434273, 25.001411258857257], [121.45048879002714, 25.001490508109956], [121.45066190795876, 25.001576096203337], [121.45083115594817, 25.00166788879122], [121.45099626629744, 25.001765740943053], [121.45115697669841, 25.001869497144064], [121.4513130347245, 25.00197899373774], [121.45146419333904, 25.002094058111833], [121.45161021089524, 25.00221450707026], [121.45175086011926, 25.002340151717917], [121.45188591733061, 25.002470793390223], [121.45201516783204, 25.00260622283911], [121.45213840770585, 25.00274622918852], [121.45225544381435, 25.002890590165126], [121.45236608930786, 25.003039076168843], [121.45247016991337, 25.003191454343884], [121.45256752123902, 25.00334748206558], [121.45265798787631, 25.00350691263961], [121.4527414278915, 25.003669496116085], [121.45281771013043, 25.00383497440494], [121.45288671242233, 25.00400308371843], [121.45294832607105, 25.00417356189835], [121.45300245405849, 25.00434613701825], [121.45304901104474, 25.00452053633907], [121.45308792336795, 25.004696483866667], [121.45311912724765, 25.004873702794335], [121.45314257597148, 25.005051913060452], [121.45315823181025, 25.00523083134846], [121.45316606871278, 25.00541017515769], [121.45316607679763, 25.00558966117485], [121.45315825336982, 25.00576900527431], [121.4531426119041, 25.005947924146103], [121.45311917665495, 25.00612613529615], [121.45308798625, 25.00630335623184], [121.45304908829988, 25.006479306904637], [121.45300254389008, 25.00665370889571], [121.45294842758072, 25.0068262870442], [121.45288682561011, 25.006996768633023], [121.45281783409797, 25.00716488338884], [121.45274156174045, 25.00733036511017], [121.45265813070843, 25.007492953295444], [121.45256767215594, 25.007652389886704], [121.45247032891513, 25.007808424153854], [121.45236625459792, 25.007960806996106], [121.45225561539253, 25.008109299896766], [121.45213858287737, 25.008253665968187], [121.45201534569848, 25.00839367890669], [121.45188609699369, 25.008529115665407], [121.45175104068062, 25.008659762967255], [121.45161039235494, 25.008785414048184], [121.45146437210379, 25.008905870285233], [121.4513132107943, 25.009020940382506], [121.45115715007327, 25.00913044281311], [121.45099643428242, 25.009234205819173], [121.45083131944158, 25.00933206334127], [121.45066206426567, 25.009423862345017], [121.45048893735085, 25.009509454680103], [121.45031221268327, 25.009588709291627], [121.45013217143573, 25.009661496752127], [121.4499490947808, 25.009727706357452], [121.44976327467108, 25.009787229030835], [121.44957500485553, 25.009839971976273], [121.44938458267653, 25.009885853794078], [121.44919230906973, 25.009924799596156], [121.44899848856404, 25.00995674914691], [121.44880342658658, 25.009981651164473], [121.44860743305625, 25.009999465763066], [121.44841081699336, 25.01001016689505], [121.44821388921511, 25.010013735024263]]]}, "id": 479, "type": "Feature", "properties": {"空域類別名稱": "縣市政府限制使用範圍", "會商機關名稱": "國立臺灣藝術大學", "主管機關名稱": "新北市政府", "聯絡方式": "承辦窗口：王顥叡\n電子郵件：md4016@ntua.edu.\n電話：22722181#1255", "主管機關": "3", "空域說明": "國立臺灣藝術大學校區內從事遙控無人機活動僅得為國立臺灣藝術大學開辦之遙控無人機訓練課程。限制高度400呎以下。申請本區域內從事活動者，由新北市政府會商國立臺灣藝術大學同意後，始得為之。", "三級機關": null, "有效日期起": null, "罰則": "罰款3萬-15萬\n註冊/地點/操作限制\n得沒入遙控無人機", "last_edited_date": null, "空域類型": 7, "SHAPE__Area": 960152.89132456, "會商機關": "2.16.886.111.100311", "空域顏色": "黃區", "有效日期迄": null, "限制區": "黃區", "created_user": null, "空域類別": 7, "空域名稱": "新北119-國立臺灣藝術大學校區", "last_edited_user": null, "條件": "限制", "countyid": null, "created_date": null, "二級機關": null, "SHAPE__Length": 3473.811348081211, "objectid": 479}}, {"geometry": {"type": "Polygon", "coordinates": [[[121.82288611060943, 25.132988888850697], [121.82308214456394, 25.132998518741967], [121.82327629205645, 25.13302731813858], [121.82346668009947, 25.133075008076748], [121.82365147792645, 25.133141129852447], [121.8238289050765, 25.133225045835793], [121.82399725205568, 25.133325950045023], [121.82415489830323, 25.133442868148073], [121.82430032476795, 25.13357467535641], [121.82443213187467, 25.13372010212006], [121.82454905030383, 25.133877747955193], [121.82464995356807, 25.13404609527187], [121.8247338696904, 25.134223522388368], [121.82479999198348, 25.134408319798222], [121.82484768174531, 25.1345987080638], [121.824876480835, 25.134792854896045], [121.82488611077481, 25.13498888898089], [121.824876480835, 25.135184922751], [121.82484768174531, 25.135379070277775], [121.82479999198348, 25.135569457843186], [121.8247338696904, 25.13575425565607], [121.82464995356807, 25.135931681917253], [121.82454905030383, 25.136100028842275], [121.82443213187467, 25.13625767485812], [121.82430032476795, 25.1364031016797], [121.82415489830323, 25.13653490975923], [121.82399725205568, 25.136651828043], [121.8238289050765, 25.13675273104727], [121.82365147792645, 25.13683664780189], [121.82346668009947, 25.136902769980576], [121.82327629205645, 25.136950459218536], [121.82308214456394, 25.136979257683212], [121.82288611060943, 25.136988888886307], [121.82269007665484, 25.136979257683212], [121.82249593006075, 25.136950459218536], [121.82230554201769, 25.136902769980576], [121.82212074419073, 25.13683664780189], [121.82194331793896, 25.13675273104727], [121.82177497095975, 25.136651828043], [121.82161732471228, 25.13653490975923], [121.82147189824757, 25.1364031016797], [121.8213400902425, 25.13625767485812], [121.82122317181334, 25.136100028842275], [121.82112226944737, 25.135931681917253], [121.8210383524268, 25.13575425565607], [121.82097223013369, 25.135569457843186], [121.8209245412702, 25.135379070277775], [121.82089574218051, 25.135184922751], [121.82088611134236, 25.13498888898089], [121.82089574218051, 25.134792854896045], [121.8209245412702, 25.1345987080638], [121.82097223013369, 25.134408319798222], [121.8210383524268, 25.134223522388368], [121.82112226944737, 25.13404609527187], [121.82122317181334, 25.133877747955193], [121.8213400902425, 25.13372010212006], [121.82147189824757, 25.13357467535641], [121.82161732471228, 25.133442868148073], [121.82177497095975, 25.133325950045023], [121.82194331793896, 25.133225045835793], [121.82212074419073, 25.133141129852447], [121.82230554201769, 25.133075008076748], [121.82249593006075, 25.13302731813858], [121.82269007665484, 25.132998518741967], [121.82288611060943, 25.132988888850697]]]}, "id": 480, "type": "Feature", "properties": {"空域類別名稱": "縣市政府限制使用範圍", "會商機關名稱": "新北市政府動物保護防疫處", "主管機關名稱": "新北市政府", "聯絡方式": "承辦窗口：季克遠\n電子郵件：AL9815@nptc.gov.tw\n電話：(02)29596353分機214", "主管機關": "3", "空域說明": "每年2月1日至6月30日禁止從事遙控無人機活動(保育類遊隼繁殖季)，申請本區域內從事活動者，由新北市政府會商新北市政府動物保護防疫處同意後，始得為之。", "三級機關": null, "有效日期起": null, "罰則": "罰款3萬-15萬\n註冊/地點/操作限制\n得沒入遙控無人機", "last_edited_date": 1717319707000, "空域類型": 7, "SHAPE__Area": 171734.38175834, "會商機關": "26.20002.20019.20004", "空域顏色": "黃區", "有效日期迄": null, "限制區": "黃區", "created_user": "portaladmin", "空域類別": 7, "空域名稱": "新北148 酋長岩", "last_edited_user": "portaladmin", "條件": "限制", "countyid": null, "created_date": 1714631636000, "二級機關": null, "SHAPE__Length": 1472.3572244294528, "objectid": 480}}, {"geometry": {"type": "Polygon", "coordinates": [[[121.92160277758019, 25.107713889114613], [121.92179881243314, 25.107723519370975], [121.92199295812895, 25.107752318217415], [121.92218334707024, 25.107800008259233], [121.9223681448972, 25.107866129884133], [121.922545571149, 25.107950046143884], [121.92271391812818, 25.108050950076557], [121.92287156437577, 25.108167867962006], [121.92301699084048, 25.10829967477916], [121.92314879884545, 25.108445102342273], [121.9232657172746, 25.108602748251084], [121.92336661964057, 25.108771094601746], [121.92345053666118, 25.108948521817375], [121.92351665805599, 25.10913332003798], [121.92356434781777, 25.109323707830978], [121.92359314690746, 25.10951785496857], [121.92360277774566, 25.109713888936206], [121.92359314690746, 25.109909923402896], [121.92356434781777, 25.1101040696096], [121.92351665805599, 25.11029445833117], [121.92345053666118, 25.11047925614423], [121.92336661964057, 25.11065668169434], [121.9232657172746, 25.110825029283923], [121.92314879884545, 25.11098267537761], [121.92301699084048, 25.11112810218959], [121.92287156437577, 25.111259909882442], [121.92271391812818, 25.11137682795282], [121.922545571149, 25.111477730684108], [121.9223681448972, 25.111561647718602], [121.92218334707024, 25.11162776974937], [121.92199295812895, 25.111675459092925], [121.92179881243314, 25.11170425782188], [121.92160277758019, 25.11171388939074], [121.92140674272734, 25.11170425782188], [121.92121259703151, 25.111675459092925], [121.92102220809019, 25.11162776974937], [121.9208374111615, 25.111561647718602], [121.92065998401146, 25.111477730684108], [121.92049163703228, 25.11137682795282], [121.92033399078471, 25.111259909882442], [121.92018856431999, 25.11112810218959], [121.92005675721335, 25.11098267537761], [121.9199398387841, 25.110825029283923], [121.91983893462155, 25.11065668169434], [121.91975501939761, 25.11047925614423], [121.91968889710446, 25.11029445833117], [121.9196412073427, 25.1101040696096], [121.91961240825296, 25.109909923402896], [121.91960277831313, 25.109713888936206], [121.91961240825296, 25.10951785496857], [121.9196412073427, 25.109323707830978], [121.91968889710446, 25.10913332003798], [121.91975501939761, 25.108948521817375], [121.91983893462155, 25.108771094601746], [121.9199398387841, 25.108602748251084], [121.92005675721335, 25.108445102342273], [121.92018856431999, 25.10829967477916], [121.92033399078471, 25.108167867962006], [121.92049163703228, 25.108050950076557], [121.92065998401146, 25.107950046143884], [121.9208374111615, 25.107866129884133], [121.92102220809019, 25.107800008259233], [121.92121259703151, 25.107752318217415], [121.92140674272734, 25.107723519370975], [121.92160277758019, 25.107713889114613]]]}, "id": 481, "type": "Feature", "properties": {"空域類別名稱": "縣市政府限制使用範圍", "會商機關名稱": "新北市政府動物保護防疫處", "主管機關名稱": "新北市政府", "聯絡方式": "承辦窗口：季克遠\n電子郵件：AL9815@nptc.gov.tw\n電話：(02)29596353分機214", "主管機關": "3", "空域說明": "每年2月1日至6月30日禁止從事遙控無人機活動(保育類遊隼繁殖季)，申請本區域內從事活動者，由新北市政府會商新北市政府動物保護防疫處同意後，始得為之。", "三級機關": null, "有效日期起": null, "罰則": "罰款3萬-15萬\n註冊/地點/操作限制\n得沒入遙控無人機", "last_edited_date": 1717319707000, "空域類型": 7, "SHAPE__Area": 171698.863943955, "會商機關": "26.20002.20019.20004", "空域顏色": "黃區", "有效日期迄": null, "限制區": "黃區", "created_user": "portaladmin", "空域類別": 7, "空域名稱": "新北149 龍洞岩場", "last_edited_user": "portaladmin", "條件": "限制", "countyid": null, "created_date": 1714631636000, "二級機關": null, "SHAPE__Length": 1472.1936280130676, "objectid": 481}}, {"geometry": {"type": "Polygon", "coordinates": [[[121.53781388943901, 25.04074722167079], [121.53840277822685, 25.038533332686256], [121.54123611134538, 25.038419444357867], [121.54125833297054, 25.039861110756206], [121.5391805557695, 25.041116667262553], [121.53915555565516, 25.040730555850168], [121.53781388943901, 25.04074722167079]]]}, "id": 482, "type": "Feature", "properties": {"空域類別名稱": "縣市政府限制使用範圍", "會商機關名稱": "文化部", "主管機關名稱": "臺北市政府", "聯絡方式": "承辦窗口：現地管理單位(生美基金會)營運中心\n電子郵件：info@clab.org.tw\n電話：(02)87735087", "主管機關": "1", "空域說明": "有條件開放\n1.區域內於例(假)日禁止從事遙控無人機活動。\n2.申請本區域內從事活動者或執行業務所需者，須申請同意，且向民航局申請獲准後，始得為之。", "三級機關": null, "有效日期起": null, "罰則": "罰款3萬-15萬\n註冊/地點/操作限制\n得沒入遙控無人機", "last_edited_date": null, "空域類型": 7, "SHAPE__Area": 89971.63258814, "會商機關": ".886.101.20003.20067", "空域顏色": "黃區", "有效日期迄": null, "限制區": "黃區", "created_user": null, "空域類別": 7, "空域名稱": "北16 臺灣當代文化實驗場", "last_edited_user": null, "條件": "限制", "countyid": null, "created_date": null, "二級機關": null, "SHAPE__Length": 1247.5806610712768, "objectid": 482}}, {"geometry": {"type": "Polygon", "coordinates": [[[119.52203868510651, 23.32682213704139], [119.41109305813684, 23.362149807028736], [119.31324885563124, 23.09927729035334], [119.42399517788037, 23.064026630006847], [119.52203868510651, 23.32682213704139]]]}, "id": 483, "type": "Feature", "properties": {"空域類別名稱": "機場四周距地面或水面200呎以上禁止施放範圍", "會商機關名稱": "交通部民用航空局澎湖航空站（七美）", "主管機關名稱": "交通部民用航空局", "聯絡方式": "", "主管機關": "23", "空域說明": "機場四周200呎以上禁止施放範圍", "三級機關": null, "有效日期起": null, "罰則": "罰款30萬-150萬\n危害飛航安全\n沒入遙控無人機", "last_edited_date": null, "空域類型": 5, "SHAPE__Area": 439436865.4044964, "會商機關": "03.20008.20003.20029", "空域顏色": "黃區", "有效日期迄": null, "限制區": "黃區", "created_user": null, "空域類別": 5, "空域名稱": "七美機場200呎以上禁止施放範圍", "last_edited_user": null, "條件": "限制", "countyid": null, "created_date": null, "二級機關": null, "SHAPE__Length": 93419.62296161361, "objectid": 483}}, {"geometry": {"type": "Polygon", "coordinates": [[[120.82047222239622, 24.26252777819504], [120.8163055558341, 24.269361111061812], [120.81513888862179, 24.266777778342412], [120.81761111067418, 24.262805555826574], [120.82047222239622, 24.26252777819504]]]}, "id": 484, "type": "Feature", "properties": {"空域類別名稱": "縣市政府限制使用範圍", "會商機關名稱": "陸軍航空特戰指揮部", "主管機關名稱": "臺中市政府", "聯絡方式": "承辦窗口:上尉詹勳閔\n電子郵件:\nTearssky0729@gmail.com\n電話:0982171667", "主管機關": "10", "空域說明": "本區距地表（或水面）300呎以上禁止遙控無人機飛航活動，因執行業務得經臺中市政府會商陸軍航空特戰指揮部（陸軍航空第602旅）同意後為之。如軍方有演習或任務以軍機優先使用。", "三級機關": null, "有效日期起": null, "罰則": "罰款3萬-15萬\n註冊/地點/操作限制\n得沒入遙控無人機", "last_edited_date": null, "空域類型": 7, "SHAPE__Area": 199915.33992687, "會商機關": "03.20003.20056.20018", "空域顏色": "黃區", "有效日期迄": null, "限制區": "黃區", "created_user": null, "空域類別": 7, "空域名稱": "中159 亞拓飛行場", "last_edited_user": null, "條件": "限制", "countyid": null, "created_date": null, "二級機關": null, "SHAPE__Length": 2173.7675872612326, "objectid": 484}}, {"geometry": {"type": "MultiPolygon", "coordinates": [[[[120.6411109132695, 24.174999704530677], [120.64305555565386, 24.178333332939506], [120.64055555589623, 24.1741666671621], [120.6411109132695, 24.174999704530677]]], [[[120.63916666704222, 24.17166666682299], [120.64111111089886, 24.175000000381754], [120.6411109132695, 24.174999704530677], [120.63916666704222, 24.17166666682299]]]]}, "id": 485, "type": "Feature", "properties": {"空域類別名稱": "縣市政府限制使用範圍", "會商機關名稱": "臺中市政府水利局", "主管機關名稱": "臺中市政府", "聯絡方式": "承辦窗口：黃烟宏\n電子郵件：yhhuang@taichung.gov.tw\n電話：04-22289111#53832", "主管機關": "10", "空域說明": "<有條件開放>\n1. 週一至週五(國定假日除外)日出至日落，區域內開放從事遙控無人機活動，限制高度400英呎(120公尺)以下；臨時關閉則另行通告。\n2. 申請本區域於核定日外從事活動者，經臺中市政府會商臺中市政府水利局同意後，始得為之。", "三級機關": null, "有效日期起": null, "罰則": "罰款3萬-15萬\n註冊/地點/操作限制\n得沒入遙控無人機", "last_edited_date": null, "空域類型": 7, "SHAPE__Area": 1572.32325447, "會商機關": "01.90027.20002.20058", "空域顏色": "黃區", "有效日期迄": null, "限制區": "黃區", "created_user": null, "空域類別": 7, "空域名稱": "中300 西屯區潮洋溪", "last_edited_user": null, "條件": "限制", "countyid": null, "created_date": null, "二級機關": null, "SHAPE__Length": 2080.8557455390787, "objectid": 485}}, {"geometry": {"type": "Polygon", "coordinates": [[[120.64999999992402, 24.17194444432443], [120.64388888860694, 24.16638888928346], [120.65111111082761, 24.17194444432443], [120.65333333263472, 24.174722222153658], [120.64999999992402, 24.17194444432443]]]}, "id": 486, "type": "Feature", "properties": {"空域類別名稱": "縣市政府限制使用範圍", "會商機關名稱": "臺中市政府水利局", "主管機關名稱": "臺中市政府", "聯絡方式": "承辦窗口：黃烟宏\n電子郵件：yhhuang@taichung.gov.tw\n電話：04-22289111#53832", "主管機關": "10", "空域說明": "<有條件開放>\n1. 週一至週五(國定假日除外)日出至日落，區域內開放從事遙控無人機活動，限制高度400英呎(120公尺)以下；臨時關閉則另行通告。\n2. 申請本區域於核定日外從事活動者，經臺中市政府會商臺中市政府水利局同意後，始得為之。", "三級機關": null, "有效日期起": null, "罰則": "罰款3萬-15萬\n註冊/地點/操作限制\n得沒入遙控無人機", "last_edited_date": null, "空域類型": 7, "SHAPE__Area": 62883.44094075, "會商機關": "01.90027.20002.20058", "空域顏色": "黃區", "有效日期迄": null, "限制區": "黃區", "created_user": null, "空域類別": 7, "空域名稱": "中301 西屯區惠來溪", "last_edited_user": null, "條件": "限制", "countyid": null, "created_date": null, "二級機關": null, "SHAPE__Length": 2934.1419798905604, "objectid": 486}}, {"geometry": {"type": "Polygon", "coordinates": [[[121.49941666744724, 25.04480555625213], [121.49627777777471, 25.043527778403362], [121.49544444392329, 25.04286111090805], [121.48780555612439, 25.041861110601385], [121.4837777780884, 25.037249999709996], [121.483388889317, 25.035944444097517], [121.4833055562014, 25.035138889333258], [121.48388888890926, 25.03297222192714], [121.48572222194504, 25.029222221731157], [121.48880555620714, 25.023277777749957], [121.48849999965309, 25.01863888902954], [121.48894444383485, 25.01522222210107], [121.48980555628984, 25.01219444419907], [121.49222222203349, 25.009888888701504], [121.49383333342756, 25.009333333318992], [121.49519444367807, 25.00949999987198], [121.49938888884365, 25.01227777800467], [121.50030555581074, 25.013583333033047], [121.50241666679702, 25.014944443762875], [121.503666667125, 25.016111111002466], [121.50516666679987, 25.017916667046244], [121.50733333319654, 25.02033333311092], [121.50813888934279, 25.021194444375492], [121.5100555563925, 25.021805555712096], [121.51263888926579, 25.02183333283583], [121.51547222238432, 25.021388889147687], [121.51891666681416, 25.019805556165903], [121.52122222173696, 25.01822222229912], [121.5228888894398, 25.01577777770627], [121.52422222198506, 25.01391666740221], [121.52497222182254, 25.013083333038956], [121.52722222223322, 25.011027778008444], [121.52758333329932, 25.011333333308848], [121.52619444444528, 25.012638888609224], [121.52591666739315, 25.013166667055387], [121.52558333313391, 25.013361110702988], [121.52338888903199, 25.0163888891434], [121.52372222239286, 25.017083332967296], [121.52261111059099, 25.01849999973382], [121.52197222157444, 25.018527777605517], [121.51880555599332, 25.020583333252578], [121.51502777820258, 25.021916666611336], [121.51216666737884, 25.022555556196647], [121.50938888877243, 25.022333333012227], [121.50786111139233, 25.02144444439147], [121.50602777835655, 25.01972222177125], [121.50372222163709, 25.01722222223757], [121.49855555589056, 25.012833333092534], [121.49599999982424, 25.01122222178642], [121.49330555613012, 25.011361111173752], [121.49102777801424, 25.01252777826803], [121.49136111137514, 25.01311111132208], [121.48969444367232, 25.017888889036268], [121.49024999957327, 25.021638888767658], [121.48994444391755, 25.023833332716894], [121.48897222243843, 25.02622222175811], [121.48694444366944, 25.030055555606985], [121.48702777768345, 25.030916667030628], [121.48513888923718, 25.032305555661857], [121.48424999997533, 25.034916666959752], [121.48458333333623, 25.0368333326819], [121.48611111071637, 25.039000000259442], [121.48738888874955, 25.038638889077006], [121.48933333260618, 25.038250000174482], [121.49036111129244, 25.038638889077006], [121.49194444408302, 25.039194443675864], [121.4953055562955, 25.040111110994424], [121.49802777769489, 25.04191666715656], [121.50008333327071, 25.044083332830397], [121.49941666744724, 25.04480555625213]]]}, "id": 487, "type": "Feature", "properties": {"空域類別名稱": "縣市政府限制使用範圍", "會商機關名稱": "臺北市動物保護處", "主管機關名稱": "臺北市政府", "聯絡方式": "承辦窗口：陳小姐\n電子郵件：tcapo324@mail.taipei.gov.tw\n電話：02-87897158-7022", "主管機關": "1", "空域說明": "1. 候鳥繁殖季節(11月初~隔年3月底)禁止從事遙控無人機活動。\n2. 申請本區域內候鳥繁殖季節從事活動者，由交通局會商臺北市動物保護處同意後，始得為之。", "三級機關": null, "有效日期起": null, "罰則": "罰款3萬-15萬\n註冊/地點/操作限制\n得沒入遙控無人機", "last_edited_date": null, "空域類型": 7, "SHAPE__Area": 1551406.81353974, "會商機關": "03.20002.20050.20005", "空域顏色": "黃區", "有效日期迄": null, "限制區": "黃區", "created_user": null, "空域類別": 7, "空域名稱": "北150 臺北市野雁保護區", "last_edited_user": null, "條件": "限制", "countyid": null, "created_date": null, "二級機關": null, "SHAPE__Length": 21620.73404869439, "objectid": 487}}, {"geometry": {"type": "Polygon", "coordinates": [[[120.30944444375102, 23.038611110725522], [120.31111111055553, 23.038888888689353], [120.31138888940431, 23.03999999977725], [120.30916666669887, 23.041944444036293], [120.30833333284745, 23.04027777818403], [120.30944444375102, 23.038611110725522]]]}, "id": 488, "type": "Feature", "properties": {"空域類別名稱": "縣市政府限制使用範圍", "會商機關名稱": "國立新化高級中學", "主管機關名稱": "臺南市政府", "聯絡方式": "承辦窗口：黃崑銘\n電子郵件：cadmus@mail.hhsh.tn.ed.tw\n電話：06-5982065-4002", "主管機關": "16", "空域說明": "<有條件開放>\n1. 區域內於平常(上課)日禁止從事遙控無人機活動。", "三級機關": null, "有效日期起": null, "罰則": "罰款3萬-15萬\n註冊/地點/操作限制\n得沒入遙控無人機", "last_edited_date": null, "空域類型": 7, "SHAPE__Area": 80007.64922478, "會商機關": "2.16.886.111.100176", "空域顏色": "黃區", "有效日期迄": null, "限制區": "黃區", "created_user": null, "空域類別": 7, "空域名稱": "南128-國立新化高級中學", "last_edited_user": null, "條件": "限制", "countyid": null, "created_date": null, "二級機關": null, "SHAPE__Length": 1126.2919574710943, "objectid": 488}}, {"geometry": {"type": "Polygon", "coordinates": [[[120.19493055575927, 23.118988888700848], [120.19495833256616, 23.11786388936152], [120.19657222155111, 23.1180027783731], [120.19705000041641, 23.120030555618722], [120.19493055575927, 23.118988888700848]]]}, "id": 489, "type": "Feature", "properties": {"空域類別名稱": "縣市政府限制使用範圍", "會商機關名稱": null, "主管機關名稱": "臺南市政府", "聯絡方式": "承辦窗口：港明高中資訊組\n電子郵件：cmadoka@gmail.com\n電話：06-7952025#15", "主管機關": "16", "空域說明": "<有條件開放>\n1.本校區域內，禁止從事遙控無人機活動，但本校教職員生不在此限。\n2.欲於本校區域從事空拍活動者，請至港明高中教務處提出申請並取得同意後，始得為之。", "三級機關": null, "有效日期起": null, "罰則": "罰款3萬-15萬\n註冊/地點/操作限制\n得沒入遙控無人機", "last_edited_date": null, "空域類型": 7, "SHAPE__Area": 37859.22444879, "會商機關": null, "空域顏色": "黃區", "有效日期迄": null, "限制區": "黃區", "created_user": null, "空域類別": 7, "空域名稱": "南130-港明高級中學", "last_edited_user": null, "條件": "限制", "countyid": null, "created_date": null, "二級機關": null, "SHAPE__Length": 835.2974616748828, "objectid": 489}}, {"geometry": {"type": "Polygon", "coordinates": [[[120.20305555609436, 22.930833333408778], [120.20305555609436, 22.648888888623716], [120.32749999975185, 22.648888888623716], [120.32749999975185, 22.919722221850936], [120.20305555609436, 22.930833333408778]]]}, "id": 490, "type": "Feature", "properties": {"空域類別名稱": "縣市政府限制使用範圍", "會商機關名稱": "1.空軍飛行訓練指揮部\r\n2.第四作戰區", "主管機關名稱": "臺南市政府", "聯絡方式": "承辦窗口：空軍飛行訓練指揮部\r\n電話：07-6254141#976738", "主管機關": "16", "空域說明": "本區200呎以上禁止遙控無人機飛航活動，因執行業務得經申請地點之所在縣市政府會商空軍飛行訓練指揮部同意後為之。", "三級機關": null, "有效日期起": null, "罰則": "罰款3萬-15萬\n註冊/地點/操作限制\n得沒入遙控無人機", "last_edited_date": null, "空域類型": 7, "SHAPE__Area": 462308270.31170225, "會商機關": "03.20003.20055.20048", "空域顏色": "黃區", "有效日期迄": null, "限制區": "黃區", "created_user": null, "空域類別": 7, "空域名稱": "南152 國軍營區", "last_edited_user": null, "條件": "限制", "countyid": null, "created_date": null, "二級機關": null, "SHAPE__Length": 94515.54301939077, "objectid": 490}}, {"geometry": {"type": "Polygon", "coordinates": [[[120.26641666698104, 23.239944444277537], [120.2666388886228, 23.238666667348625], [120.26822222231162, 23.23872222236806], [120.26805555608036, 23.240083332928965], [120.26641666698104, 23.239944444277537]]]}, "id": 491, "type": "Feature", "properties": {"空域類別名稱": "縣市政府限制使用範圍", "會商機關名稱": null, "主管機關名稱": "臺南市政府", "聯絡方式": "承辦窗口：事務組長                       電子郵件：snoopycat1975@hotmail.com           電話：06-6892478", "主管機關": "16", "空域說明": "<有條件開放>\n1. 週一至週五或上班上課時間內，校園區域內禁止從事遙控無人機。\n2.國定假日則開放無人機活動，限制高度400英呎(120公尺)以下；臨時關閉則另行通告。\n3. 申請本區域於核定日外從事活動者，經臺南市政府同意後，始得為之。", "三級機關": null, "有效日期起": null, "罰則": "罰款3萬-15萬\n註冊/地點/操作限制\n得沒入遙控無人機", "last_edited_date": null, "空域類型": 7, "SHAPE__Area": 28923.606371015, "會商機關": null, "空域顏色": "黃區", "有效日期迄": null, "限制區": "黃區", "created_user": null, "空域類別": 7, "空域名稱": "南240-東興國小", "last_edited_user": null, "條件": "限制", "countyid": null, "created_date": null, "二級機關": null, "SHAPE__Length": 682.3020132221233, "objectid": 491}}, {"geometry": {"type": "Polygon", "coordinates": [[[120.17244444409849, 23.064472221919807], [120.17205555622546, 23.062638888853233], [120.17383333295253, 23.062583332690423], [120.17408333319777, 23.063999999825302], [120.17244444409849, 23.064472221919807]]]}, "id": 492, "type": "Feature", "properties": {"空域類別名稱": "縣市政府限制使用範圍", "會商機關名稱": null, "主管機關名稱": "臺南市政府", "聯絡方式": "承辦窗口：總務主任\n電子郵件：tokyo5fv@tn.edu.tw\n電話：06-2567642#106", "主管機關": "16", "空域說明": "1.週一至週五(國定假日除外)，區域內禁止從事遙控無人機活動。\n2.因執行業務得經臺南市政府會商安佃國小同意後，始得為之。", "三級機關": null, "有效日期起": null, "罰則": "罰款3萬-15萬\n註冊/地點/操作限制\n得沒入遙控無人機", "last_edited_date": null, "空域類型": 7, "SHAPE__Area": 38524.617363435, "會商機關": null, "空域顏色": "黃區", "有效日期迄": null, "限制區": "黃區", "created_user": null, "空域類別": 7, "空域名稱": "南267-安佃國小", "last_edited_user": null, "條件": "限制", "countyid": null, "created_date": null, "二級機關": null, "SHAPE__Length": 788.8399442018408, "objectid": 492}}, {"geometry": {"type": "Polygon", "coordinates": [[[120.16401666659684, 22.994616666956798], [120.16419166739733, 22.99460277772971], [120.16424166672775, 22.99529444395569], [120.16394722233379, 22.995302777780175], [120.16401666659684, 22.994616666956798]]]}, "id": 493, "type": "Feature", "properties": {"空域類別名稱": "縣市政府限制使用範圍", "會商機關名稱": null, "主管機關名稱": "臺南市政府", "聯絡方式": "承辦窗口：潘君瑜\n電子郵件：selepkawac@mail.tainan.gov.tw\n電話：06-2991111#1554", "主管機關": "16", "空域說明": "本區僅開放同意借用公園場地者，得開放使用從事遙控無人機活動，高度上限為200呎。", "三級機關": null, "有效日期起": null, "罰則": "罰款3萬-15萬\n註冊/地點/操作限制\n得沒入遙控無人機", "last_edited_date": null, "空域類型": 7, "SHAPE__Area": 2175.27268745, "會商機關": null, "空域顏色": "黃區", "有效日期迄": null, "限制區": "黃區", "created_user": null, "空域類別": 7, "空域名稱": "南53-札哈木原住民公園", "last_edited_user": null, "條件": "限制", "countyid": null, "created_date": null, "二級機關": null, "SHAPE__Length": 219.50309945786535, "objectid": 493}}, {"geometry": {"type": "Polygon", "coordinates": [[[120.4519444443076, 23.473833332882293], [120.45216666684765, 23.472111111000306], [120.45388888906258, 23.472222221810966], [120.45366666742086, 23.474000000183587], [120.4519444443076, 23.473833332882293]]]}, "id": 494, "type": "Feature", "properties": {"空域類別名稱": "縣市政府限制使用範圍", "會商機關名稱": null, "主管機關名稱": "嘉義市政府", "聯絡方式": "承辦窗口：劉老師\n電子郵件：larsine888@gmail.com\n電話：05-2222310", "主管機關": "13", "空域說明": "<有條件開放>\n1. 例假日(國定假日)日出至日落，區域內開放從事遙控無人機活動，限制高度400英呎(120公尺)以下；臨時關閉則另行通告。\n2. 申請本區域於核定日外從事活動者，經嘉義市政府會商嘉義市崇文國民小學同意後，始得為之。", "三級機關": null, "有效日期起": null, "罰則": "罰款3萬-15萬\n註冊/地點/操作限制\n得沒入遙控無人機", "last_edited_date": null, "空域類型": 7, "SHAPE__Area": 41134.675572945, "會商機關": null, "空域顏色": "黃區", "有效日期迄": null, "限制區": "黃區", "created_user": null, "空域類別": 7, "空域名稱": "嘉市43 嘉義市崇文國民小學", "last_edited_user": null, "條件": "限制", "countyid": null, "created_date": null, "二級機關": null, "SHAPE__Length": 812.6128821843945, "objectid": 494}}, {"geometry": {"type": "Polygon", "coordinates": [[[120.2833249998039, 23.448686111328904], [120.28777500039648, 23.448063888752475], [120.2895416667601, 23.452838889269735], [120.28426111080523, 23.45359166707073], [120.2833249998039, 23.448686111328904]]]}, "id": 495, "type": "Feature", "properties": {"空域類別名稱": "縣市政府限制使用範圍", "會商機關名稱": null, "主管機關名稱": "嘉義縣政府", "聯絡方式": "承辦窗口：(經濟發展處)廖志偉\n電子郵件：97702043@mail.cyhg.gov.tw\n電話：05-3620123#8136", "主管機關": "14", "空域說明": "1.有條件開放\n2.本區以供進駐無人機廠商研發試飛、民航局無人機考試為主，其他申請本區域內從事活動者，由嘉義縣政府經濟發展處同意後，始得為之。", "三級機關": null, "有效日期起": null, "罰則": "罰款3萬-15萬\n註冊/地點/操作限制\n得沒入遙控無人機", "last_edited_date": null, "空域類型": 7, "SHAPE__Area": 330647.59783915, "會商機關": null, "空域顏色": "黃區", "有效日期迄": null, "限制區": "黃區", "created_user": null, "空域類別": 7, "空域名稱": "嘉縣85 無人機AI創新應用研發中心", "last_edited_user": null, "條件": "限制", "countyid": null, "created_date": null, "二級機關": null, "SHAPE__Length": 2312.154285452445, "objectid": 495}}, {"geometry": {"type": "Polygon", "coordinates": [[[120.3336985476888, 23.31384089321651], [120.4510255297557, 23.315040851598585], [120.44753398755381, 23.613359472031764], [120.32994779391669, 23.612148396772632], [120.33119243938727, 23.513939684619118], [120.36185869895846, 23.51402122400187], [120.3656511273732, 23.51629961273678], [120.36909313197876, 23.517992872740983], [120.37307740819887, 23.51957209219017], [120.37717548569407, 23.520814901016983], [120.38131221320442, 23.52169049430554], [120.38546743073823, 23.522244626020136], [120.38946343356605, 23.52246670619571], [120.3940359751432, 23.5223638175973], [120.39840703178865, 23.52188261104791], [120.40232528632694, 23.521100463591097], [120.40652325019356, 23.519968830162263], [120.41049158580891, 23.518500834717006], [120.41427193008646, 23.51671563937654], [120.41800432588741, 23.514600072349435], [120.41543728216519, 23.511122431652613], [120.41656760893102, 23.416622639715822], [120.41923000163409, 23.413194598954668], [120.41557500377972, 23.410995581986505], [120.4118882486834, 23.40919377266353], [120.40796651856333, 23.407630501345466], [120.40394651544605, 23.40641067065556], [120.39965674285911, 23.405504178105772], [120.39555579614485, 23.404965594846175], [120.39133346996773, 23.404742817307714], [120.38718033113547, 23.40486323621935], [120.38275744978296, 23.405340044338754], [120.37860025595552, 23.406144127615036], [120.37454524010175, 23.407288492218477], [120.37054890669393, 23.40874666430103], [120.36672954139708, 23.41054943267995], [120.36311199790015, 23.41261494221169], [120.3656896004202, 23.416096925025858], [120.36452456544674, 23.51059305108451], [120.36186352291153, 23.514016465363305], [120.33119156532649, 23.513928687931177], [120.3336985476888, 23.31384089321651]]]}, "id": 496, "type": "Feature", "properties": {"空域類別名稱": "機場四周距地面或水面200呎以上禁止施放範圍", "會商機關名稱": "交通部民用航空局嘉義航空站", "主管機關名稱": "交通部民用航空局", "聯絡方式": "", "主管機關": "23", "空域說明": "機場四周200呎以上禁止施放範圍", "三級機關": null, "有效日期起": null, "罰則": "罰款30萬-150萬\n危害飛航安全\n沒入遙控無人機", "last_edited_date": null, "空域類型": 5, "SHAPE__Area": 395034745.3581744, "會商機關": "03.20008.20003.20010", "空域顏色": "黃區", "有效日期迄": null, "限制區": "黃區", "created_user": null, "空域類別": 5, "空域名稱": "嘉義機場200呎以上禁止施放範圍", "last_edited_user": null, "條件": "限制", "countyid": null, "created_date": null, "二級機關": null, "SHAPE__Length": 143679.90848515794, "objectid": 496}}, {"geometry": {"type": "Polygon", "coordinates": [[[121.74933611103923, 24.74690277838257], [121.74934444381181, 24.746916666888215], [121.74521111103489, 24.748030556048306], [121.7446972216918, 24.746944443894904], [121.74436666682006, 24.747069443611377], [121.74418888932706, 24.746780556365717], [121.7431388890156, 24.74706666738224], [121.74240833321251, 24.74552222184886], [121.74462222224707, 24.744950000205954], [121.74828888921697, 24.744786110863124], [121.74933611103923, 24.74690277838257]]]}, "id": 497, "type": "Feature", "properties": {"空域類別名稱": "縣市政府限制使用範圍", "會商機關名稱": null, "主管機關名稱": "宜蘭縣政府", "聯絡方式": "承辦窗口：黃謹毅\n電子郵件：r0734002@ems.niu.edu.tw\n電話：03-9357400-7690", "主管機關": "5", "空域說明": "<有條件開放>\n國立宜蘭大學區域內從事遙控無人機活動僅得為遙控無人機術科測驗或本校教職員工生，因教學、研究、試驗與實驗等用途使用。非本校教職員工生申請從事遙控無人機活動者，須經宜蘭縣政府核准後，會商國立宜蘭大學無人機應用研究中心同意後始為之。", "三級機關": null, "有效日期起": null, "罰則": "罰款3萬-15萬\n註冊/地點/操作限制\n得沒入遙控無人機", "last_edited_date": null, "空域類型": 7, "SHAPE__Area": 198323.59949326, "會商機關": null, "空域顏色": "黃區", "有效日期迄": null, "限制區": "黃區", "created_user": null, "空域類別": 7, "空域名稱": "宜104 國立宜蘭大學神農校區", "last_edited_user": null, "條件": "限制", "countyid": null, "created_date": null, "二級機關": null, "SHAPE__Length": 1984.629832623397, "objectid": 497}}, {"geometry": {"type": "Polygon", "coordinates": [[[121.75304722215785, 24.73214166677561], [121.74461944375791, 24.727455556272464], [121.7442611111809, 24.727950000290853], [121.74410000013135, 24.728219444148095], [121.7440027781631, 24.728552777957837], [121.74375277791786, 24.72846388864846], [121.74354166663957, 24.729827778249483], [121.74385277837528, 24.729961111135882], [121.74360555572088, 24.730419443678844], [121.7457472220032, 24.73135833265812], [121.7457444444124, 24.731394443693933], [121.7455694436119, 24.73168888882791], [121.7451138890667, 24.731619444306748], [121.74384999988612, 24.731199999782156], [121.74358888927739, 24.731150000056505], [121.74346388870562, 24.731063889189432], [121.7434611111148, 24.7309000003108], [121.74301666693303, 24.73066666697911], [121.74315277786826, 24.728274999981043], [121.74335000029393, 24.72791111078242], [121.74418055565613, 24.727177778293687], [121.74393055630924, 24.726966666908794], [121.74398055563961, 24.726794444219355], [121.74413055632576, 24.72578055632781], [121.74546944405274, 24.725761111236064], [121.75386388866745, 24.730547221919284], [121.75349444393044, 24.731077777832418], [121.75332500010832, 24.731380555902206], [121.75322222205999, 24.73172499976777], [121.75304722215785, 24.73214166677561]]]}, "id": 498, "type": "Feature", "properties": {"空域類別名稱": "縣市政府限制使用範圍", "會商機關名稱": null, "主管機關名稱": "宜蘭縣政府", "聯絡方式": "承辦窗口：黃謹毅\n電子郵件：r0734002@ems.niu.edu.tw\n電話：03-9357400-7690", "主管機關": "5", "空域說明": "<有條件開放>\n國立宜蘭大學城南校區區域內僅得為遙控無人機術科測驗或本校教職員工生，因教學、研究、試驗與實驗等用途使用。非本校教職員工生申請從事遙控無人機活動者，須經宜蘭縣政府核准後，會商國立宜蘭大學無人機應用研究中心同意後始為之。", "三級機關": null, "有效日期起": null, "罰則": "罰款3萬-15萬\n註冊/地點/操作限制\n得沒入遙控無人機", "last_edited_date": null, "空域類型": 7, "SHAPE__Area": 312072.958135735, "會商機關": null, "空域顏色": "黃區", "有效日期迄": null, "限制區": "黃區", "created_user": null, "空域類別": 7, "空域名稱": "宜105 國立宜蘭大學城南校區", "last_edited_user": null, "條件": "限制", "countyid": null, "created_date": null, "二級機關": null, "SHAPE__Length": 4314.425453566215, "objectid": 498}}, {"geometry": {"type": "Polygon", "coordinates": [[[121.80501001284956, 24.467812014884963], [121.80487141717425, 24.46781758302188], [121.80466931599825, 24.467830089661526], [121.8046336951023, 24.46785401465698], [121.80455765091686, 24.467905086956126], [121.8045419070432, 24.46792818530276], [121.80447790297754, 24.468022069204462], [121.80455060273516, 24.468312479028338], [121.80460243822202, 24.46860410973077], [121.80458514565275, 24.468742196949542], [121.80456191971108, 24.46892762503577], [121.80450664457507, 24.469044603063512], [121.80449438077474, 24.46907057109329], [121.8044366810858, 24.469192670637096], [121.80439751364106, 24.469275571166566], [121.80382518799038, 24.469786647215944], [121.80351975360726, 24.470059389781895], [121.80297712985313, 24.47054313603871], [121.80265942358496, 24.47082764581288], [121.80198789607911, 24.470844980209037], [121.8017833218412, 24.470850262861898], [121.80171085295054, 24.470832329149815], [121.80150620055919, 24.47078170037159], [121.80099831555543, 24.470656035080605], [121.80094996373526, 24.47064407571138], [121.80057369359868, 24.47018811195383], [121.79994657880057, 24.469428168143082], [121.79976898097051, 24.46917819936215], [121.79935867007461, 24.46860066339445], [121.79913032821088, 24.468417076146046], [121.79899306114386, 24.468306707321453], [121.7988869162099, 24.468221371226296], [121.79822136789063, 24.467686250965777], [121.79784659434736, 24.467679184085036], [121.79726423271836, 24.467668199880183], [121.79692796276481, 24.467661856611812], [121.7967806282784, 24.467617328625007], [121.79651041773587, 24.467535673091756], [121.79642822817564, 24.46758402931084], [121.79616862673656, 24.467736768154204], [121.79605983267084, 24.46780078376401], [121.79591833184391, 24.46788404088367], [121.7957508759935, 24.46798256492632], [121.79547913472172, 24.468142445364176], [121.79532067100735, 24.46795631785676], [121.79530355899944, 24.46793622025584], [121.79527724464985, 24.46790390137717], [121.79424385239136, 24.466634726148257], [121.79416545372163, 24.466584722819047], [121.79398580144458, 24.46647013903804], [121.79389215207621, 24.466410411328003], [121.79388738112371, 24.4663731370951], [121.79388016136376, 24.466316624342724], [121.7938759294005, 24.466283520103197], [121.79383998780598, 24.46600246363887], [121.7938010907542, 24.465698337231327], [121.79377842715789, 24.46552106459806], [121.79376804442983, 24.465439890940498], [121.79375172832928, 24.465312232592645], [121.79373601410005, 24.46518942037619], [121.79372055319568, 24.46506846984971], [121.79371606072093, 24.465033345663542], [121.79370034289846, 24.46491042033803], [121.79369308540922, 24.46485366490172], [121.79366051339534, 24.464598939693065], [121.79363061207282, 24.46436496218599], [121.79362686430146, 24.464335612145835], [121.79361061018471, 24.464208513596468], [121.79360062181705, 24.46413033501808], [121.79359501722797, 24.46408650733944], [121.79358988605108, 24.464046354235343], [121.79358408832421, 24.464000999127357], [121.79357328967623, 24.463916503946084], [121.79355741015695, 24.463792256179914], [121.79354043109974, 24.46365946529376], [121.79353328410336, 24.463603589105052], [121.79349894240832, 24.463334929083718], [121.79349490627776, 24.463303286872964], [121.79347384976754, 24.463138565398754], [121.79345970309845, 24.463027932745458], [121.79345557533972, 24.462995660032057], [121.7934416451646, 24.46288663316352], [121.79342084916573, 24.462723931617564], [121.79341508198162, 24.462678864672437], [121.79340477561037, 24.462593657226744], [121.79340854494127, 24.462558063004668], [121.79341267898826, 24.46251891106593], [121.79341668367779, 24.462481123816037], [121.79342346416152, 24.46242734035573], [121.79345410928913, 24.46237348736993], [121.79356221075382, 24.462213638855975], [121.79384185809839, 24.462010718908548], [121.79407896931595, 24.461838700402524], [121.79549967559902, 24.460807990036106], [121.79547006173738, 24.46080593437163], [121.79552202119169, 24.460756924670875], [121.79557499035248, 24.46075393684226], [121.79728234185619, 24.459592451122848], [121.79733380005058, 24.459557962393784], [121.79745274507906, 24.459478227307375], [121.79747710379628, 24.459461901200434], [121.79888489140724, 24.458518171594726], [121.7989264708285, 24.45849012197328], [121.80022464331357, 24.45757051073911], [121.80054304757276, 24.457341994738602], [121.80069618427758, 24.45725415801637], [121.8010197511547, 24.457068562283], [121.8012641378278, 24.457003607391428], [121.80169653739819, 24.45700357222985], [121.8019771477368, 24.45700354606306], [121.80244526072961, 24.457003500271238], [121.8025175885847, 24.457003491276414], [121.8038508609429, 24.45655841505868], [121.80387899977084, 24.456548957374395], [121.80390884360122, 24.45652693059988], [121.80538410636815, 24.45544327591835], [121.80542097502403, 24.45545804887535], [121.80553170226428, 24.455518996912847], [121.8057703388212, 24.45565032612034], [121.80603331612903, 24.45579505924617], [121.80615279296012, 24.455860816943073], [121.80622535527553, 24.455900751054937], [121.80673785043335, 24.456182811322055], [121.80680650238224, 24.45622058901338], [121.80704396484113, 24.456922719349702], [121.80705635799875, 24.456948176356068], [121.80717738622036, 24.457196696716863], [121.807342409433, 24.457535556180584], [121.80737271320083, 24.45757315111744], [121.80795472897843, 24.458295179262226], [121.80816056085783, 24.458550523137045], [121.80825034657212, 24.458680251397304], [121.80827693400961, 24.458694888236412], [121.80837141431961, 24.458812095730767], [121.80883037886964, 24.45906210307791], [121.8091019090373, 24.459210008219557], [121.80931517986552, 24.459326181666373], [121.80930456088059, 24.459748318342495], [121.8096075159135, 24.459834217028416], [121.8096405298985, 24.459843573889817], [121.80976473276633, 24.460757038329383], [121.80939189958406, 24.461189456678582], [121.80928216588055, 24.46131673734744], [121.80925925075593, 24.461343316144895], [121.80919106593095, 24.46142239099831], [121.80911557420941, 24.46152479100358], [121.80911404437849, 24.461555755802877], [121.80908049409922, 24.46161386189996], [121.80869485722926, 24.46228165571499], [121.80762219691479, 24.464001035922315], [121.80748962624007, 24.464450021253896], [121.80746266959504, 24.464541623199892], [121.80735839136024, 24.464896006624777], [121.80738064622307, 24.464916650907924], [121.80741304755706, 24.46494591986434], [121.80824012913412, 24.465691638183795], [121.80887058836007, 24.46599152098803], [121.8090107731551, 24.466162767681723], [121.80938563473329, 24.46662069120388], [121.80996763523952, 24.46716193279898], [121.81057753113036, 24.46826691777682], [121.81089121474275, 24.46883414326787], [121.81094323887578, 24.468925902280848], [121.81076526914322, 24.469188687950098], [121.81070830427613, 24.469273262992083], [121.8105205590767, 24.469346185096438], [121.81022636621105, 24.46953954494007], [121.80982683060695, 24.470304020174446], [121.808883731611, 24.4706363148348], [121.80866263465997, 24.470663075630362], [121.8083439070073, 24.470536154351173], [121.80819244655879, 24.47047584069831], [121.80783271799991, 24.470264666237703], [121.80744898466, 24.46990126395442], [121.80662834939342, 24.46872115265232], [121.80641411287631, 24.468493704276494], [121.80612339828744, 24.468185058255106], [121.80533504218396, 24.467798944070967], [121.80501001284956, 24.467812014884963]]]}, "id": 499, "type": "Feature", "properties": {"空域類別名稱": "縣市政府限制使用範圍", "會商機關名稱": null, "主管機關名稱": "宜蘭縣政府", "聯絡方式": "承辦窗口：劉靖茹\r\n電子郵件：cjliu123@mail.e-land.gov.tw\r\n電話：03-9251000 #2268", "主管機關": "5", "空域說明": "本區每星期六、日全日及星期一至星期五下午5時至上午8時禁止遙控無人機飛航活動。", "三級機關": null, "有效日期起": null, "罰則": "罰款3萬-15萬\n註冊/地點/操作限制\n得沒入遙控無人機", "last_edited_date": null, "空域類型": 7, "SHAPE__Area": 2274055.293415345, "會商機關": null, "空域顏色": "黃區", "有效日期迄": null, "限制區": "黃區", "created_user": null, "空域類別": 7, "空域名稱": "宜39 南澳南強都市計畫區", "last_edited_user": null, "條件": "限制", "countyid": null, "created_date": null, "二級機關": null, "SHAPE__Length": 6905.957984295293, "objectid": 499}}, {"geometry": {"type": "Polygon", "coordinates": [[[121.87805748856162, 24.57973769596316], [121.87803848021018, 24.579822930174203], [121.87797924530035, 24.579892522099556], [121.87787585999094, 24.579932858750865], [121.87777784840355, 24.579893709889404], [121.87757337208197, 24.579735106349293], [121.87753630579667, 24.579800331926307], [121.87747917563952, 24.579819629031423], [121.8768617734263, 24.579436801260762], [121.87682979160549, 24.57938101168245], [121.87691213657438, 24.579197261991606], [121.87691541901843, 24.578957071180746], [121.87693682138007, 24.578885915153826], [121.87696887416772, 24.57879607778351], [121.87692783283731, 24.578573320921546], [121.87710401312579, 24.578369512983215], [121.87714664088091, 24.578269502924456], [121.87724212191421, 24.578228309602483], [121.87737207759305, 24.578318738014712], [121.87761794199477, 24.578323610955174], [121.87786340305291, 24.578413357986054], [121.87793123304336, 24.57851408273572], [121.8779185982389, 24.57857055564567], [121.87788586183328, 24.578769068803656], [121.87815485515861, 24.578976052268555], [121.8782000871298, 24.579091348733918], [121.87819332820564, 24.57925479903518], [121.87812739815193, 24.579427622405174], [121.87813731555269, 24.579575626059693], [121.87805748856162, 24.57973769596316]]]}, "id": 500, "type": "Feature", "properties": {"空域類別名稱": "縣市政府限制使用範圍", "會商機關名稱": null, "主管機關名稱": "宜蘭縣政府", "聯絡方式": "承辦窗口：劉靖茹\r\n電子郵件：cjliu123@mail.e-land.gov.tw\r\n電話：03-9251000 #2268", "主管機關": "5", "空域說明": "本區每星期六、日全日及星期一至星期五下午5時至上午8時禁止遙控無人機飛航活動。", "三級機關": null, "有效日期起": null, "罰則": "罰款3萬-15萬\n註冊/地點/操作限制\n得沒入遙控無人機", "last_edited_date": null, "空域類型": 7, "SHAPE__Area": 21738.83698278, "會商機關": null, "空域顏色": "黃區", "有效日期迄": null, "限制區": "黃區", "created_user": null, "空域類別": 7, "空域名稱": "宜40 蘇澳擴大都市計畫區1", "last_edited_user": null, "條件": "限制", "countyid": null, "created_date": null, "二級機關": null, "SHAPE__Length": 598.6380416212224, "objectid": 500}}, {"geometry": {"type": "Polygon", "coordinates": [[[121.87188627725709, 24.584055621284843], [121.87190660074202, 24.584067690756118], [121.87193391042499, 24.584090555355292], [121.87194685065664, 24.584105827826917], [121.87195454921863, 24.58413641932704], [121.8719433867529, 24.58417581682885], [121.87191546172399, 24.5842066737991], [121.87188360297245, 24.584239812317396], [121.87186504827028, 24.584269260965], [121.87181199466791, 24.584307035278375], [121.87178778776591, 24.58430446618103], [121.87176736097473, 24.584277500050028], [121.8717654906823, 24.58420510129789], [121.87176585539825, 24.584059928717938], [121.87179362681526, 24.58404261484557], [121.87185111989174, 24.584040025320707], [121.87188627725709, 24.584055621284843]]]}, "id": 501, "type": "Feature", "properties": {"空域類別名稱": "縣市政府限制使用範圍", "會商機關名稱": null, "主管機關名稱": "宜蘭縣政府", "聯絡方式": "承辦窗口：劉靖茹\r\n電子郵件：cjliu123@mail.e-land.gov.tw\r\n電話：03-9251000 #2268", "主管機關": "5", "空域說明": "本區每星期六、日全日及星期一至星期五下午5時至上午8時禁止遙控無人機飛航活動。", "三級機關": null, "有效日期起": null, "罰則": "罰款3萬-15萬\n註冊/地點/操作限制\n得沒入遙控無人機", "last_edited_date": null, "空域類型": 7, "SHAPE__Area": 502.24683382, "會商機關": null, "空域顏色": "黃區", "有效日期迄": null, "限制區": "黃區", "created_user": null, "空域類別": 7, "空域名稱": "宜41 蘇澳擴大都市計畫區2", "last_edited_user": null, "條件": "限制", "countyid": null, "created_date": null, "二級機關": null, "SHAPE__Length": 87.8219041305553, "objectid": 501}}, {"geometry": {"type": "Polygon", "coordinates": [[[121.87223208103076, 24.584375924643815], [121.8722234212714, 24.584408476595787], [121.87220348406196, 24.58442845427075], [121.87219610889352, 24.584456483949776], [121.87219439311126, 24.584493811372276], [121.87217734308723, 24.584526787255175], [121.87215130721536, 24.584545220188318], [121.87210945380792, 24.584546129377454], [121.8720634888115, 24.584552951154883], [121.87204184659961, 24.5845643621718], [121.87202617908278, 24.584582960109397], [121.8720095108427, 24.584599759271953], [121.87198767639138, 24.58460131706433], [121.87195708785761, 24.58458606915956], [121.87193169967104, 24.584555520247125], [121.87189215942556, 24.58454852610783], [121.87186300280635, 24.584544181115007], [121.87184257871007, 24.584517665954305], [121.8718358988376, 24.584479786326714], [121.87184945531354, 24.58443931308662], [121.87186510216918, 24.58441957966121], [121.87190236159219, 24.58438234779182], [121.87191207866866, 24.584359721775673], [121.8719353459328, 24.584345442664528], [121.8719698987319, 24.584341582893067], [121.87201171890163, 24.58434831074013], [121.8720517433391, 24.58435165015703], [121.8721261678621, 24.584336813930843], [121.87219404905657, 24.584337323665746], [121.87222762359029, 24.5843500703057], [121.87223208103076, 24.584375924643815]]]}, "id": 502, "type": "Feature", "properties": {"空域類別名稱": "縣市政府限制使用範圍", "會商機關名稱": null, "主管機關名稱": "宜蘭縣政府", "聯絡方式": "承辦窗口：劉靖茹\r\n電子郵件：cjliu123@mail.e-land.gov.tw\r\n電話：03-9251000 #2268", "主管機關": "5", "空域說明": "本區每星期六、日全日及星期一至星期五下午5時至上午8時禁止遙控無人機飛航活動。", "三級機關": null, "有效日期起": null, "罰則": "罰款3萬-15萬\n註冊/地點/操作限制\n得沒入遙控無人機", "last_edited_date": null, "空域類型": 7, "SHAPE__Area": 1002.223617245, "會商機關": null, "空域顏色": "黃區", "有效日期迄": null, "限制區": "黃區", "created_user": null, "空域類別": 7, "空域名稱": "宜42 蘇澳擴大都市計畫區3", "last_edited_user": null, "條件": "限制", "countyid": null, "created_date": null, "二級機關": null, "SHAPE__Length": 126.13441851735962, "objectid": 502}}, {"geometry": {"type": "Polygon", "coordinates": [[[121.87226173531654, 24.5850934951688], [121.87230870642617, 24.585104057400297], [121.87233098913678, 24.58511385911769], [121.87238081060075, 24.585135499026215], [121.87247806670496, 24.58520598819846], [121.87246542740891, 24.585282611258467], [121.87242721307673, 24.585321852376296], [121.8723621840333, 24.58547232991665], [121.87226567622575, 24.585494169897704], [121.87221162818831, 24.58551246872091], [121.8721649607093, 24.58551883217873], [121.87214508817864, 24.585500438598938], [121.87211394987592, 24.585471428086123], [121.87203961608277, 24.58545410297263], [121.87200594902255, 24.5854398533938], [121.87198454127105, 24.585413795056358], [121.87197438581673, 24.58538639621991], [121.87195717679089, 24.585361052638053], [121.8719338682042, 24.58534629576841], [121.87188525317767, 24.585314087965255], [121.87187511658794, 24.58527712838179], [121.8718766167745, 24.585245297141082], [121.87189723580519, 24.585194844358913], [121.87190779100976, 24.585151437942542], [121.87192179125347, 24.585097858930737], [121.87195048703694, 24.585048721263135], [121.87197802219706, 24.585032752926114], [121.87200391883005, 24.58502988813371], [121.8720324097976, 24.58504506900041], [121.8720553339053, 24.58507472004441], [121.87207941504317, 24.58508606484668], [121.87213826816892, 24.585086085268603], [121.8721807153628, 24.585084935921266], [121.87226173531654, 24.5850934951688]]]}, "id": 503, "type": "Feature", "properties": {"空域類別名稱": "縣市政府限制使用範圍", "會商機關名稱": null, "主管機關名稱": "宜蘭縣政府", "聯絡方式": "承辦窗口：劉靖茹\r\n電子郵件：cjliu123@mail.e-land.gov.tw\r\n電話：03-9251000 #2268", "主管機關": "5", "空域說明": "本區每星期六、日全日及星期一至星期五下午5時至上午8時禁止遙控無人機飛航活動。", "三級機關": null, "有效日期起": null, "罰則": "罰款3萬-15萬\n註冊/地點/操作限制\n得沒入遙控無人機", "last_edited_date": null, "空域類型": 7, "SHAPE__Area": 2688.313007, "會商機關": null, "空域顏色": "黃區", "有效日期迄": null, "限制區": "黃區", "created_user": null, "空域類別": 7, "空域名稱": "宜43 蘇澳擴大都市計畫區4", "last_edited_user": null, "條件": "限制", "countyid": null, "created_date": null, "二級機關": null, "SHAPE__Length": 200.56830988167988, "objectid": 503}}, {"geometry": {"type": "Polygon", "coordinates": [[[121.86982094082438, 24.587691091114724], [121.86982945685328, 24.58770909963129], [121.86983748330034, 24.58772756231986], [121.86983746084249, 24.587760293926745], [121.86983885772277, 24.587783986965032], [121.86984694705188, 24.587811630334965], [121.86986819041174, 24.587837689807117], [121.86989636157904, 24.587890195109868], [121.86987478674082, 24.587911541286065], [121.86983347681415, 24.5879348103457], [121.86980843717393, 24.587954820949328], [121.86976647956196, 24.587979749041804], [121.86973860573703, 24.587994511319103], [121.86971052889281, 24.58800370588405], [121.86969407355345, 24.587979874838123], [121.86969924964612, 24.587942825370074], [121.86970978868099, 24.5879198879569], [121.86972605986576, 24.587893005107258], [121.86973394797228, 24.58785548673587], [121.86974233015218, 24.587817965902694], [121.86974758619495, 24.587792652219917], [121.86974638155411, 24.587761056057644], [121.86975689004635, 24.587733604638853], [121.86976623701689, 24.587704957329606], [121.86978113916913, 24.587682295971902], [121.86980545117399, 24.58766409467226], [121.86982094082438, 24.587691091114724]]]}, "id": 504, "type": "Feature", "properties": {"空域類別名稱": "縣市政府限制使用範圍", "會商機關名稱": null, "主管機關名稱": "宜蘭縣政府", "聯絡方式": "承辦窗口：劉靖茹\r\n電子郵件：cjliu123@mail.e-land.gov.tw\r\n電話：03-9251000 #2268", "主管機關": "5", "空域說明": "本區每星期六、日全日及星期一至星期五下午5時至上午8時禁止遙控無人機飛航活動。", "三級機關": null, "有效日期起": null, "罰則": "罰款3萬-15萬\n註冊/地點/操作限制\n得沒入遙控無人機", "last_edited_date": null, "空域類型": 7, "SHAPE__Area": 464.42873541, "會商機關": null, "空域顏色": "黃區", "有效日期迄": null, "限制區": "黃區", "created_user": null, "空域類別": 7, "空域名稱": "宜44 蘇澳擴大都市計畫區5", "last_edited_user": null, "條件": "限制", "countyid": null, "created_date": null, "二級機關": null, "SHAPE__Length": 100.41437741306942, "objectid": 504}}, {"geometry": {"type": "Polygon", "coordinates": [[[121.87006176208406, 24.587796819024494], [121.87008200831394, 24.587821378744504], [121.87010096635974, 24.58785016162585], [121.87012084158539, 24.58786900576714], [121.87012605900053, 24.58790960777942], [121.87014309824487, 24.58794652574297], [121.87016514200359, 24.587993348928705], [121.87016687485377, 24.588029908266538], [121.87015931103907, 24.588078710669212], [121.87015110762393, 24.58810629761084], [121.87013304789348, 24.588136201155994], [121.87011398115155, 24.588163401711167], [121.87008655468763, 24.58819546664823], [121.87005802239757, 24.588210232984387], [121.87001704484757, 24.588210023868832], [121.869995736809, 24.588198410603447], [121.86998278400094, 24.58818133174144], [121.86996243176982, 24.588165198798603], [121.86995582825422, 24.588138150179432], [121.86995663494136, 24.58811196088933], [121.86995742995032, 24.588083964702843], [121.86997594692329, 24.588048641288], [121.869987941229, 24.587998006658868], [121.86998891320613, 24.587923960001504], [121.86998895722358, 24.587858497681594], [121.869991158096, 24.587819657620123], [121.87000727477054, 24.58779428103945], [121.8700349842038, 24.587779520372276], [121.87006176208406, 24.587796819024494]]]}, "id": 505, "type": "Feature", "properties": {"空域類別名稱": "縣市政府限制使用範圍", "會商機關名稱": null, "主管機關名稱": "宜蘭縣政府", "聯絡方式": "承辦窗口：劉靖茹\r\n電子郵件：cjliu123@mail.e-land.gov.tw\r\n電話：03-9251000 #2268", "主管機關": "5", "空域說明": "本區每星期六、日全日及星期一至星期五下午5時至上午8時禁止遙控無人機飛航活動。", "三級機關": null, "有效日期起": null, "罰則": "罰款3萬-15萬\n註冊/地點/操作限制\n得沒入遙控無人機", "last_edited_date": null, "空域類型": 7, "SHAPE__Area": 851.56888762, "會商機關": null, "空域顏色": "黃區", "有效日期迄": null, "限制區": "黃區", "created_user": null, "空域類別": 7, "空域名稱": "宜45 蘇澳擴大都市計畫區6", "last_edited_user": null, "條件": "限制", "countyid": null, "created_date": null, "二級機關": null, "SHAPE__Length": 124.65764713009756, "objectid": 505}}, {"geometry": {"type": "Polygon", "coordinates": [[[121.8055595976488, 24.630210211964936], [121.80553828781365, 24.630213937218382], [121.80542788756016, 24.630233126926395], [121.80460871025929, 24.630367391923286], [121.8045857187779, 24.63037703086135], [121.80452322927181, 24.630381789086417], [121.80421887466368, 24.63040526500835], [121.80417755126227, 24.630408452128396], [121.80404779321273, 24.630418457708604], [121.8039108782854, 24.63075183586697], [121.8038318876258, 24.63094415415988], [121.80339682634714, 24.63158784509021], [121.80351614417647, 24.631959081311088], [121.80349544968726, 24.63198979666233], [121.80347842481602, 24.632014986266057], [121.80343811381593, 24.632074698051095], [121.80326444162374, 24.632332117781555], [121.80320475755624, 24.63242055304824], [121.80318792761945, 24.63244546983111], [121.80314575800503, 24.632507990405756], [121.80296357158055, 24.632777914962134], [121.80289048285246, 24.632886283105606], [121.80284850727413, 24.63294844008803], [121.80274851040997, 24.63309667603735], [121.80257238941029, 24.633357538741155], [121.80239832285771, 24.63361559274654], [121.80227601543518, 24.633796719760916], [121.8021697537202, 24.633954198151475], [121.8019950008547, 24.634213157303147], [121.80196623410438, 24.634255833027396], [121.80194182238652, 24.634291986082076], [121.80189954227934, 24.634354597187077], [121.801813691186, 24.63448181088191], [121.80167484577902, 24.63468749287596], [121.80154632381137, 24.634877950719996], [121.80145958069089, 24.63500643362042], [121.8011353140261, 24.635487020130046], [121.80111310228241, 24.6355199107164], [121.801013198843, 24.63566796479102], [121.8008653478254, 24.635886920243053], [121.8005929112576, 24.636286651684628], [121.80056179271782, 24.636332409968556], [121.80053845269009, 24.636366570873548], [121.80044367593607, 24.636505567674906], [121.80010625793554, 24.63700071302549], [121.79996338178795, 24.63721025064643], [121.79987706896048, 24.637336924968906], [121.79968437494216, 24.637618548205495], [121.79955029958937, 24.637814361308788], [121.79951582314712, 24.637844608163444], [121.79948183628659, 24.637874401834825], [121.79944650824147, 24.637905416216118], [121.7991448207314, 24.638170063301292], [121.79904708762172, 24.638220465324135], [121.79900959643332, 24.6382581449607], [121.79883576344271, 24.638406964144938], [121.79872466429995, 24.63850207187145], [121.79787325005682, 24.63923095924933], [121.79779510471191, 24.63929786116257], [121.79716989613877, 24.639833075995075], [121.79711935242933, 24.639822239950817], [121.79685907905052, 24.639766624271523], [121.79664191133054, 24.639720223010222], [121.79633479530119, 24.639654590197885], [121.79605576869248, 24.63959503635806], [121.79599207095238, 24.63958138002563], [121.79570938460716, 24.639520941856976], [121.79521582413891, 24.63941548465793], [121.79468794173862, 24.63930271539777], [121.79465401596362, 24.63929549079333], [121.79460732961994, 24.63928544591428], [121.7945613376741, 24.639275667221305], [121.79440554734592, 24.639241099666123], [121.79422224701051, 24.639198732658013], [121.79368809796274, 24.63907876879667], [121.79355921038072, 24.639049836847104], [121.79345554569528, 24.639026548717204], [121.79335208043577, 24.63900326139948], [121.792996278413, 24.638923342264246], [121.79265472097568, 24.63884659691823], [121.79226845438667, 24.638759840081406], [121.79193016232541, 24.638683844207684], [121.79163321702174, 24.63861706362834], [121.79141045908575, 24.63856704635057], [121.79111391083741, 24.63850044371219], [121.7910465021568, 24.638485653100844], [121.79058827422533, 24.638382319638882], [121.7903512160084, 24.63836704481119], [121.78925426524864, 24.638296338183647], [121.78882899291168, 24.637738817219844], [121.78797184831532, 24.63753782879615], [121.78786075995234, 24.637511686592177], [121.78747586059916, 24.637421434869545], [121.78727693317113, 24.63737480737302], [121.78722223026189, 24.63736195671958], [121.78716411105961, 24.63734781593671], [121.7870456026124, 24.63731884194287], [121.78699107038312, 24.637305071046427], [121.78694800155509, 24.637294100870765], [121.78677729021005, 24.637250860323906], [121.78673231605536, 24.63723946717708], [121.78668190529658, 24.63722668918155], [121.78663695090485, 24.637215287050605], [121.78659207466652, 24.63720392002977], [121.78654703223985, 24.637192499932915], [121.78648618934562, 24.637177073083727], [121.78644206499722, 24.637165865284306], [121.78640387671614, 24.63715615174847], [121.78680004723118, 24.634772287912863], [121.78680766494477, 24.634727107177717], [121.78682200026005, 24.634634537695028], [121.78686362998697, 24.63435801039249], [121.78687915107847, 24.6342545461336], [121.7868862190231, 24.634207480597016], [121.78697665781269, 24.633606447261258], [121.78698178090472, 24.633572745325722], [121.78698651861956, 24.63354075979366], [121.78699562394326, 24.633480584085408], [121.78702843221406, 24.633262379737662], [121.78703933776163, 24.63319009670245], [121.78704379160875, 24.633160008767486], [121.78706399022796, 24.633025834143538], [121.78712531372082, 24.632944889661136], [121.78714578812281, 24.63291796912556], [121.78717409942728, 24.632880625120233], [121.78720397739366, 24.632841194777036], [121.78724855000138, 24.63278236769991], [121.78746714873759, 24.63249389888418], [121.78763941237139, 24.632266522732987], [121.78788617419006, 24.631940934630695], [121.78812441099663, 24.631626496000592], [121.78825728260699, 24.63145114801022], [121.78843885907536, 24.631211488646198], [121.78872000031824, 24.63084053274082], [121.78880059986047, 24.63073104900811], [121.78898477156173, 24.630474040803016], [121.78921594132201, 24.63015160167709], [121.78926107717342, 24.6300885287292], [121.78960283134178, 24.629615732114146], [121.78965162423479, 24.629543743390926], [121.78968070898875, 24.62950315570618], [121.7897104647842, 24.62946163383127], [121.78977543903042, 24.629412290656973], [121.78989414690366, 24.62932214087384], [121.79004567113246, 24.629207068702513], [121.7899415779506, 24.62908170901501], [121.78985612660757, 24.62897879730282], [121.7898135823957, 24.6289275586284], [121.78975904836969, 24.62886188176676], [121.78977562138842, 24.628512389608066], [121.78974152583179, 24.62843925211676], [121.78972242495391, 24.628398277007186], [121.78964546808015, 24.62823318992007], [121.78971117355499, 24.628077023124643], [121.7897293842024, 24.62803373937486], [121.78980231213211, 24.627860404975618], [121.78983301744682, 24.627787423889846], [121.78990575583201, 24.627614538279225], [121.7899182576858, 24.627584823004916], [121.78994630937723, 24.627518150001066], [121.78996321028096, 24.62747797975836], [121.79002132409332, 24.627483921349], [121.79011103973906, 24.62750280198441], [121.79033925673698, 24.62755082791893], [121.79038785200063, 24.627561054210105], [121.79061337315437, 24.62760851340155], [121.79068769616775, 24.627613043083944], [121.790675935424, 24.62754330212585], [121.79064050137764, 24.627350665840943], [121.79062665923742, 24.627275415935557], [121.79060826623198, 24.62717542372588], [121.79057408084385, 24.626989581023192], [121.79060322578495, 24.626969144678515], [121.79068420082298, 24.626948740994727], [121.79071262441687, 24.626941577737934], [121.79074100489163, 24.6269344267298], [121.7908190711848, 24.62691475471838], [121.79095263539615, 24.626881099157853], [121.79100300842575, 24.626884888205748], [121.79103137991734, 24.626887021178334], [121.79124669261623, 24.62690322017307], [121.79138932442204, 24.626913951179116], [121.79140643912487, 24.626886023286872], [121.79141851966878, 24.626866308804335], [121.7914863577441, 24.6267556203627], [121.79157340090188, 24.62661359208711], [121.7916280912347, 24.626508439204656], [121.79161083280145, 24.62643524664458], [121.79158355725446, 24.626319560175265], [121.7915691536672, 24.626258472103732], [121.79154843941507, 24.62617061961901], [121.7915415053194, 24.62614120614712], [121.79160407028398, 24.62613121329021], [121.7916445169297, 24.626124753087883], [121.7917753466693, 24.62610385685028], [121.79183121559178, 24.626110552237414], [121.79213335764939, 24.626144024268182], [121.79214227073368, 24.626128720996306], [121.7921634269569, 24.626065561907332], [121.79224714814472, 24.625815617602473], [121.79225729910748, 24.625785310673166], [121.79229695793066, 24.625771607101125], [121.7923924748965, 24.62573859962322], [121.792433476701, 24.625724431393397], [121.79246239706323, 24.625714437686582], [121.79251090429197, 24.62569767589151], [121.79259611219159, 24.62566823127705], [121.79259164666635, 24.62553256318882], [121.79258780008024, 24.62548401711212], [121.79258457692505, 24.625443352980508], [121.79258077525473, 24.62539537359989], [121.79262618778736, 24.62540615373226], [121.79265487638425, 24.62541296266623], [121.79281120480321, 24.625450068818406], [121.7928414726384, 24.625410813336188], [121.792915303375, 24.625315058685388], [121.79293384639908, 24.625291009359838], [121.79336494790394, 24.625187046807863], [121.79342086982699, 24.625174244714607], [121.79344725963512, 24.625195373026614], [121.79367888214625, 24.62538079212397], [121.79373422735097, 24.625425095927625], [121.79383878406345, 24.625508795636993], [121.79391990462855, 24.625535550362695], [121.79398427341023, 24.625556779873744], [121.79407908699523, 24.625321535261886], [121.79411165811084, 24.62532696738708], [121.7941930993745, 24.625340550148852], [121.79428148910684, 24.625355290869358], [121.79430994863336, 24.62536003785302], [121.79440874624666, 24.62518466963799], [121.7944306849025, 24.625157099853975], [121.79446892618415, 24.625156551904364], [121.79452277030396, 24.625155779385228], [121.79485819943442, 24.62515094664909], [121.7949203269195, 24.625150286822983], [121.79497358264275, 24.62517499600161], [121.7951310752784, 24.62506741818969], [121.79525340156555, 24.624987321917992], [121.7954114134274, 24.62488384500127], [121.79551817909723, 24.624813934296963], [121.79583770265728, 24.624739114855902], [121.79605149630504, 24.624565489254095], [121.79621488099059, 24.62443280308615], [121.79627574095274, 24.624398046868354], [121.79630355908219, 24.624360785245806], [121.7964125741335, 24.624187515166003], [121.79653741390685, 24.62398534289003], [121.7965742699863, 24.623925651738865], [121.79668288169403, 24.623749746621737], [121.79671661882281, 24.623743339376976], [121.79696547820765, 24.6237393125958], [121.79724366668827, 24.623734768890408], [121.79821066176908, 24.623719076609696], [121.79838239360028, 24.623716269866737], [121.79894647541158, 24.623707046077584], [121.7992636714367, 24.62370192991625], [121.79941199856152, 24.623699515969978], [121.79944458764335, 24.623698981896602], [121.799509788265, 24.623699866302502], [121.79971488083088, 24.62369402334374], [121.79973735308606, 24.623693919632252], [121.79976542813361, 24.623645634978523], [121.79981962888462, 24.62354928610444], [121.79986555076191, 24.623517894144843], [121.7999732372049, 24.623492042993693], [121.8000695671461, 24.623451084228137], [121.80024038808557, 24.62339826311268], [121.80031096063261, 24.623329453209212], [121.80035796408153, 24.6233591768448], [121.80038913921513, 24.623369303033652], [121.80063971797543, 24.623325356184658], [121.80082694394866, 24.623320658121436], [121.80101723407529, 24.623347542342763], [121.8011602323938, 24.62331473021558], [121.80119774334513, 24.623280765000153], [121.80124662157806, 24.623139844209188], [121.80129250392947, 24.623148658092145], [121.80134786530381, 24.623002074636496], [121.80139413662576, 24.622979078319485], [121.8014550019779, 24.62298326681804], [121.80149391879262, 24.62299949081757], [121.80155621875417, 24.62298092227148], [121.80165369404736, 24.62296478401576], [121.80172869798368, 24.62295607791508], [121.80177840176836, 24.62289812324697], [121.80179547425033, 24.622849460185503], [121.80192582069637, 24.622784394237385], [121.80205150488605, 24.622685135037703], [121.80216284477731, 24.622613127623378], [121.80218403423825, 24.62259053383499], [121.80217854643017, 24.62255083892262], [121.80219698884298, 24.622531239718345], [121.80222654072091, 24.62253469407833], [121.80230106765177, 24.622520978717027], [121.80240744974097, 24.6224535582419], [121.80257935943858, 24.622277583272627], [121.80272572823606, 24.62227806590404], [121.80293838820992, 24.62214277060576], [121.80301014832972, 24.622012741652885], [121.80305713021912, 24.62197728082102], [121.80310886958623, 24.621934301198078], [121.80309624376487, 24.62190069329488], [121.80306854780638, 24.62187845134864], [121.80304247959512, 24.62178650197721], [121.8030504305837, 24.621747999102062], [121.80311951641895, 24.621694092770355], [121.80331227960757, 24.621598266674845], [121.80337291319432, 24.621519938656313], [121.80358525606283, 24.621397013832446], [121.8037769331883, 24.621270360917897], [121.80382276523407, 24.621271425818815], [121.803872723242, 24.621299867816397], [121.80404908229515, 24.621171717897813], [121.80427097156021, 24.621012988636025], [121.80438941263385, 24.62092451018205], [121.80446604162252, 24.620598813319287], [121.80450728866711, 24.620423533972804], [121.80505382458428, 24.619990594983737], [121.80528884093056, 24.6198078693743], [121.80530618560208, 24.61979432439404], [121.80569454436738, 24.619675961326273], [121.80611018676453, 24.619253829811072], [121.8069504663897, 24.618750423882574], [121.80766925336428, 24.618537382057706], [121.80776684004859, 24.618508509052], [121.80787135723529, 24.618405568218623], [121.80800138298274, 24.61827773383146], [121.80801734155379, 24.61826187181687], [121.80804316721988, 24.618235803980255], [121.80805874400686, 24.618219830077688], [121.808074201318, 24.618203758990333], [121.80808956161103, 24.61818761113468], [121.8081048024281, 24.61817136691085], [121.80812495792813, 24.618149581631982], [121.80814491939209, 24.61812764608347], [121.80816468232831, 24.618105561898528], [121.80817937966468, 24.61808890606609], [121.80819395303352, 24.618072158765177], [121.8082132147099, 24.618049707888833], [121.8082322760619, 24.618027113275765], [121.80825113259804, 24.618004377375883], [121.8082697861149, 24.617981499372465], [121.8082836462214, 24.61796425389252], [121.80829737697054, 24.617946921843817], [121.80831100531172, 24.617929522009668], [121.8083245007022, 24.617912037240043], [121.80833789278645, 24.617894484684893], [121.8083511528184, 24.61787684964421], [121.80836430774744, 24.617859147634594], [121.8087447676264, 24.617343396246323], [121.80876266655844, 24.617319333953947], [121.80878681417161, 24.617287428379335], [121.80881129595802, 24.617255736763653], [121.80883611281611, 24.61722426400699], [121.80886126115244, 24.61719301092624], [121.80888673827226, 24.617161980788197], [121.80891254058217, 24.617131177676395], [121.8089386680822, 24.617100604041052], [121.80896511807741, 24.617070263148943], [121.80898515410148, 24.617047652842153], [121.80900538955163, 24.617025191165165], [121.80903263186087, 24.616995442340293], [121.80906018768225, 24.616965935242668], [121.80908805432068, 24.61693667232243], [121.80911622818292, 24.616907656029788], [121.80914470657409, 24.61687889126492], [121.80917348859576, 24.616850378844667], [121.80920257065479, 24.616822122035924], [121.80923211444785, 24.61679397792137], [121.80926200858387, 24.616766051035047], [121.80928461468797, 24.61674527083381], [121.80930740494674, 24.616724659680138], [121.8093380339047, 24.616697404082437], [121.80936895032345, 24.61667042206389], [121.80939231640237, 24.616650357251434], [121.80941585855102, 24.616630466386948], [121.8094474837406, 24.616604177708712], [121.80947938561124, 24.616578171593634], [121.80951156326473, 24.61655244967523], [121.80954401220941, 24.616527016037022], [121.80957672975036, 24.616501870679187], [121.80960971319266, 24.616477017685266], [121.80964295894304, 24.61645245868882], [121.80967646430652, 24.616428196139992], [121.80971022568984, 24.616404231672316], [121.8097442412964, 24.616380569369355], [121.80977801166289, 24.616357532634076], [121.80980076958228, 24.616342277164687], [121.80982526843665, 24.61632607516817], [121.80985153697223, 24.616308968294543], [121.80987628286337, 24.616293083163317], [121.80990304637061, 24.616276075102746], [121.810580915084, 24.615846381112174], [121.81065012039522, 24.615802544320395], [121.81067595055289, 24.615786459855496], [121.81069984034956, 24.615771829074937], [121.810729165852, 24.61575417821802], [121.81075288766368, 24.615740133808398], [121.81077672895132, 24.61572625926625], [121.81080547683703, 24.615709811369804], [121.81083438102965, 24.615693592141078], [121.81086343793582, 24.615677603213555], [121.81089264575898, 24.615661846220657], [121.81092200180413, 24.61564632116248], [121.81095644141551, 24.615628512668874], [121.81099603376332, 24.61560854405737], [121.8110308794132, 24.615591409318448], [121.81106177427245, 24.61557658006204], [121.81108294576705, 24.61556662392797], [121.81110108724423, 24.615558203149828], [121.81112178891993, 24.615548715788144], [121.81114673962698, 24.615537457865113], [121.81117498715103, 24.6155249536884], [121.81120703185391, 24.615511058705387], [121.81124185863911, 24.61549636827497], [121.81127934533592, 24.615480942831184], [121.8113032522006, 24.615471322344842], [121.81132905001893, 24.615461144065474], [121.81135686814838, 24.615450391659387], [121.81139198059783, 24.615437181862532], [121.81142408638611, 24.615425403704304], [121.81144849001913, 24.615416653794604], [121.81148878934104, 24.615402171606544], [121.81154898904154, 24.615380451179668], [121.81158928656686, 24.61536596898741], [121.81162869925164, 24.61535185266634], [121.81167126322639, 24.61533654562338], [121.8117215904419, 24.615319913922512], [121.81178246657376, 24.615441243211656], [121.81179460191494, 24.615564093856207], [121.81183662779888, 24.61551887187723], [121.8117892587356, 24.615386605682133], [121.81186885306302, 24.615274276164648], [121.81204697281423, 24.61503204916979], [121.81273471491089, 24.614606729154822], [121.81275914818832, 24.614591592707935], [121.81299472867661, 24.61443543092217], [121.81318954990559, 24.614306285776717], [121.81326015389365, 24.614259480602364], [121.81345233766889, 24.6141352517396], [121.81356600868828, 24.614109837210293], [121.8145181914484, 24.613854277125856], [121.8165562667072, 24.613454971309114], [121.81714811544393, 24.613339013120367], [121.8173428504346, 24.613300858005683], [121.81759029227787, 24.613252378232026], [121.81784987036069, 24.613201515324963], [121.8180633981071, 24.61315967687494], [121.81849037364982, 24.613076011366587], [121.81869728889745, 24.613035468153768], [121.8190538131657, 24.61296560799313], [121.81945089367416, 24.612887807053117], [121.81988628193952, 24.61280249326816], [121.82020945894782, 24.61273915920751], [121.82032950890407, 24.61271563586637], [121.82055123826903, 24.612705696655166], [121.82062097807776, 24.612702562985856], [121.82110306616156, 24.612680946627492], [121.82140710186779, 24.612667306954943], [121.82203396064608, 24.61263919130652], [121.82248992572133, 24.612618742815776], [121.82280228431868, 24.612604729088588], [121.82302249193755, 24.612594848670863], [121.82387315698571, 24.612557047776413], [121.82389328912951, 24.61221921336179], [121.8239247310628, 24.611658350911664], [121.82395432516151, 24.61113028984574], [121.82397705792813, 24.610724841835353], [121.8240095517886, 24.610145114748747], [121.82401129362192, 24.610114110630327], [121.82403645363641, 24.60966614591564], [121.82403851437164, 24.609629379734315], [121.82393282218861, 24.60943527433966], [121.82388845170175, 24.609353792698517], [121.8235100759142, 24.60865889303541], [121.82342820076427, 24.607721956625994], [121.82341549768779, 24.60757662673749], [121.82340660616312, 24.607474872601596], [121.82340365968905, 24.607441178322496], [121.8233781466366, 24.607149225651074], [121.82332654740674, 24.606558785994917], [121.82331087719488, 24.60637951190155], [121.82330772770148, 24.606343434898985], [121.82330209167141, 24.60627896801694], [121.82327353782182, 24.60595216634756], [121.823265116116, 24.605855780972256], [121.82323755490474, 24.605540421605557], [121.82321821327835, 24.605319109778204], [121.82318754569292, 24.604968124138026], [121.82339700317274, 24.60487167593173], [121.8236581685787, 24.60487106908729], [121.8237294157605, 24.60487261519295], [121.82386346057059, 24.60491389530848], [121.82390117993103, 24.6049255062063], [121.82419875136048, 24.604957480274194], [121.82435302533241, 24.605118466167863], [121.82448600114729, 24.60525722410372], [121.82459905592239, 24.605725369183777], [121.8253664300758, 24.605868928075097], [121.82580221180328, 24.605950455273387], [121.82596834533362, 24.605981530663534], [121.8263633740899, 24.606055434326606], [121.82773723772247, 24.606312456790697], [121.82789109667274, 24.60617405612401], [121.82799692270481, 24.606078875612642], [121.82834929675646, 24.60576191517511], [121.82890097822359, 24.605265683145678], [121.82923167233422, 24.604968222964565], [121.82958764234198, 24.60464801639772], [121.82987700316968, 24.60438724733969], [121.83023854902044, 24.60406251120091], [121.83049670596841, 24.60378213714645], [121.83053744815983, 24.603737895099233], [121.83057514685905, 24.60369696090051], [121.83060294163224, 24.603666770307267], [121.83128695572053, 24.602923888624346], [121.83148683626115, 24.602706811169043], [121.83160640022884, 24.602576946597274], [121.83195951000069, 24.602193445150526], [121.83208020315071, 24.602207718958923], [121.83240563942194, 24.602246204163528], [121.83248155514825, 24.60225518205544], [121.83254270706293, 24.602262409617335], [121.83265869663407, 24.60227613210093], [121.83268739331584, 24.602279528213238], [121.83271985932852, 24.602283367829283], [121.83286160180228, 24.602300126228627], [121.83294607937158, 24.602331356894076], [121.8339620910259, 24.602706911630897], [121.83405054633526, 24.602738423977996], [121.83395523328704, 24.601973224322332], [121.8339162706582, 24.601659256747], [121.83305807503298, 24.60155558002137], [121.83299803972423, 24.601548381822408], [121.83289590397138, 24.601535983244265], [121.83264953291989, 24.60150619888153], [121.83250030837813, 24.6014881547783], [121.83240269923597, 24.601476390008578], [121.83229544488265, 24.601463467056217], [121.83222303528089, 24.601235183397737], [121.83188227285257, 24.6001610811219], [121.83175278699257, 24.599752907081697], [121.8316752363324, 24.5995084267462], [121.83172962662795, 24.598839522232435], [121.83159482094477, 24.59872724238287], [121.83135355591737, 24.598526278639127], [121.8311482064333, 24.597884475838054], [121.83118977058321, 24.59760989618003], [121.83120437898633, 24.59751341208079], [121.8309088602073, 24.5970644621146], [121.83100378877664, 24.59647793228588], [121.83111624886709, 24.5957830852687], [121.83121297855855, 24.595185448959302], [121.83105723224786, 24.594938284636903], [121.83082452906339, 24.594568688948975], [121.83068794920756, 24.594351329901748], [121.83053904536443, 24.594114481991642], [121.83094248774167, 24.593551132841494], [121.83165266526255, 24.593627345650802], [121.83214009383067, 24.593679725185424], [121.83273695157342, 24.59333289965918], [121.83282291944779, 24.59328295003243], [121.83294941212127, 24.593209483179145], [121.83355993683274, 24.592854724140214], [121.83367821441298, 24.592793218661377], [121.83392017922803, 24.592667379752704], [121.83399365423176, 24.592629152987794], [121.83411471479268, 24.59256617873926], [121.83410755432153, 24.592427141262096], [121.83402272461265, 24.59240733966497], [121.83359419228954, 24.591809875927545], [121.83354645491698, 24.59174324103118], [121.83352662370878, 24.59171572513869], [121.83349373638625, 24.591669773274347], [121.83346120120324, 24.591624902066304], [121.83340116499623, 24.59158713486151], [121.83334088085414, 24.59154909808953], [121.83316667326602, 24.591439465602278], [121.83290451701833, 24.591274346067678], [121.83274306730388, 24.590794619673645], [121.83281294096163, 24.59077477779306], [121.83292967074462, 24.590748311328483], [121.83326262771139, 24.59061637182266], [121.83307337963046, 24.59021828000945], [121.8330034898031, 24.590071326325976], [121.8329674431057, 24.589995598192086], [121.83293970672298, 24.589937157749866], [121.83258597172367, 24.589778771957715], [121.83265607894334, 24.589047999361316], [121.83361299492672, 24.58875357527353], [121.83405491394421, 24.588617609021274], [121.83417460367603, 24.588580778659114], [121.83462636014423, 24.58933159295582], [121.83543813532711, 24.590680425282795], [121.83559057314261, 24.59078497033331], [121.83567690483468, 24.5907583682753], [121.83625846067488, 24.590578908178934], [121.83634073827011, 24.590553532974322], [121.83648691303145, 24.590381906113315], [121.83671087830315, 24.590119022741458], [121.83682305722088, 24.58998730965566], [121.83694355723306, 24.589916373092546], [121.83706706660153, 24.589843668832458], [121.83722718321603, 24.589749336041667], [121.83747089705096, 24.589605785615582], [121.83750718719179, 24.589584416039635], [121.83761252184536, 24.589522390255027], [121.83767399715354, 24.589558879714243], [121.83790485070683, 24.58969591093091], [121.83793250713946, 24.589712278928708], [121.83819866628008, 24.589870235960408], [121.83833486794514, 24.589951093147945], [121.83836797804989, 24.589970770973], [121.83830799304678, 24.590244750670273], [121.83812928759406, 24.59106180881917], [121.8379880463802, 24.591707211269775], [121.8386112112861, 24.591911707330983], [121.83880441914077, 24.591975136884745], [121.83935706360187, 24.590510115346063], [121.8399808681082, 24.589072229644565], [121.84023505360437, 24.58848650373049], [121.84029796891194, 24.588341519906674], [121.84087545718049, 24.588250722976564], [121.84091747408134, 24.58824407784177], [121.84099563469753, 24.587602816998462], [121.84085386796932, 24.587398307364516], [121.84073816855397, 24.587230087402734], [121.84110531001062, 24.586968243818415], [121.84142289859952, 24.586696687132374], [121.84157502110634, 24.586821617151493], [121.84179074433531, 24.586997093878836], [121.84223951480348, 24.58736161387673], [121.84272691732043, 24.587757559894435], [121.84310715262068, 24.587491807093308], [121.84328597485435, 24.58736930872745], [121.84353070468386, 24.58719578319356], [121.84388983855806, 24.587099718288087], [121.84469646190279, 24.586883948965117], [121.84471729742747, 24.58687377489524], [121.8447121428944, 24.58675177503063], [121.84470406434501, 24.586579656921845], [121.8446926997584, 24.586337572877326], [121.84468432386667, 24.586159150405862], [121.8447916069661, 24.586104736165804], [121.84499194564752, 24.586044064664637], [121.8452064229132, 24.586086255266792], [121.84523393471709, 24.58609166704024], [121.8452485592899, 24.586106405034002], [121.84532613510285, 24.586146580394207], [121.84537603472027, 24.586185178363994], [121.84550197133656, 24.58628630121441], [121.84585661183769, 24.586397956698253], [121.8464360171111, 24.586721983882537], [121.84634366491004, 24.58697821774854], [121.84605196666594, 24.587234075332788], [121.84583960044118, 24.58727005083472], [121.84567786326585, 24.587297450892756], [121.84575808192238, 24.58773958324241], [121.84554813665734, 24.588030136170126], [121.84531511996083, 24.58833668738193], [121.84531088440433, 24.588381793389438], [121.8452452337267, 24.589080930751756], [121.84523559660032, 24.58918355672055], [121.84529011804987, 24.590015726092165], [121.84558347638063, 24.590462917353754], [121.84623261607292, 24.591244934191558], [121.84632385076979, 24.591315088288564], [121.84656453189233, 24.591500155726866], [121.8467212870111, 24.59162068637901], [121.84682157133614, 24.591697801332394], [121.84739355472868, 24.59195391882737], [121.84755863902673, 24.592027833224932], [121.84823712937433, 24.591950422781196], [121.84849905924655, 24.5919729298018], [121.848778879966, 24.591996973281095], [121.84918828266512, 24.592032149368954], [121.84922401405386, 24.59203521902618], [121.84930672823029, 24.59204232628703], [121.84934441525144, 24.5920455642115], [121.84954806781789, 24.5920630607646], [121.84960826212847, 24.5920682329478], [121.8496415536929, 24.592071094311848], [121.8496882939354, 24.592075109043215], [121.84977652825926, 24.592082691698252], [121.84986011290319, 24.59208987083764], [121.84990030532563, 24.592060496727402], [121.85008897399317, 24.591910919086658], [121.8501178197953, 24.591888524777968], [121.85015668720264, 24.591858595990303], [121.8502092323586, 24.591817130231302], [121.85040753635585, 24.59166060838469], [121.85045102469708, 24.591626280067523], [121.85050668341377, 24.59158235065537], [121.85054196115333, 24.591554507176347], [121.85059253181225, 24.59151458677046], [121.85063152228881, 24.591483815735252], [121.85068726904042, 24.591439812757823], [121.85072088669325, 24.59141327863637], [121.85074558766864, 24.591393783192668], [121.85077940834078, 24.59136708896142], [121.85084747997809, 24.591304359129253], [121.85091935957384, 24.59123680910544], [121.85101688607098, 24.591145156594553], [121.8510467873935, 24.591117057347805], [121.85107745228402, 24.591088243360762], [121.85121174143585, 24.590981917036437], [121.85123633461339, 24.59093892513031], [121.85125331187393, 24.590922577713883], [121.85128526315196, 24.590891840023584], [121.85129876932226, 24.590879148777848], [121.85132360594329, 24.590855806749776], [121.85135716071406, 24.590824272623532], [121.8514001774398, 24.590794386874013], [121.85143624659506, 24.590749949094814], [121.8514726939411, 24.590715695677318], [121.85154352430465, 24.59064912963015], [121.85157943266148, 24.590538985011435], [121.85159429708446, 24.590493392125993], [121.85161483077523, 24.590430410268365], [121.85171466863758, 24.590124176217543], [121.85178158504142, 24.58991892573781], [121.85156098755374, 24.589676558985044], [121.85145581908849, 24.589561010055963], [121.85126863803103, 24.58935535512906], [121.85101375544222, 24.58907531407768], [121.85072911795619, 24.588762580272583], [121.85069085242003, 24.588720537605912], [121.84992201940268, 24.587252503783116], [121.84980634514018, 24.587031629315273], [121.84960207812603, 24.585472360957926], [121.84969395960997, 24.58436930626053], [121.85006381487699, 24.583012821929703], [121.85039419817055, 24.58302731603525], [121.8504520721327, 24.583029877806748], [121.8524258971874, 24.58311676479832], [121.853072382358, 24.58314515501969], [121.85360262373422, 24.583444685595243], [121.85457787792579, 24.58399565539654], [121.85491852536973, 24.58418810031208], [121.85600882679978, 24.584740934231057], [121.85691109377281, 24.585198317721094], [121.85701976836259, 24.585730544808097], [121.85705980178325, 24.58592604869589], [121.85717164293449, 24.5864736959936], [121.85685195677937, 24.588260123370727], [121.85682741660243, 24.588397401065702], [121.85686432119093, 24.588422921290846], [121.85736774336432, 24.58878136464623], [121.85766191826369, 24.58899040800346], [121.85829451997164, 24.589439838644555], [121.85834772089774, 24.589477669394476], [121.85838331933577, 24.589502981919786], [121.85846568766082, 24.589561493630463], [121.85858037377645, 24.589643373711457], [121.85951613892652, 24.588526364654545], [121.86171227096285, 24.587440919828413], [121.86239163716782, 24.587034528370268], [121.86262458559234, 24.586525144023426], [121.86247011668597, 24.58522409999892], [121.86240603895844, 24.584699855766928], [121.86228537814783, 24.583687708934058], [121.86214615724506, 24.582513777816743], [121.86221062484142, 24.582228344651714], [121.86230889334696, 24.5817932606588], [121.86214920612714, 24.581320520036403], [121.86204167060113, 24.58100216698383], [121.86122401594466, 24.580279334995108], [121.86123819225818, 24.580214143977734], [121.86154020675502, 24.578825281001542], [121.86169597732024, 24.578710123167628], [121.86239792896802, 24.578191168204977], [121.86306616414836, 24.57769713061164], [121.86404238402882, 24.57697538730965], [121.86423647672409, 24.576831886779086], [121.86467732315313, 24.57695817130664], [121.86494738367702, 24.57703553301597], [121.86478237124412, 24.57795055801661], [121.86552181587703, 24.57821231997285], [121.86569926817994, 24.578113901155533], [121.86620063321138, 24.57783583234897], [121.867326306704, 24.577199395281248], [121.86794962881498, 24.576846973058423], [121.86729269713594, 24.575902882336532], [121.86680144443969, 24.575196880167095], [121.86660864442013, 24.574792345927268], [121.86635016857014, 24.57425000510401], [121.86710355236127, 24.574116460067145], [121.86792530782705, 24.573974107345194], [121.86845920983802, 24.573879470132844], [121.86852328037907, 24.573866236341463], [121.86865207902784, 24.57384395236228], [121.86865683830219, 24.573988674388204], [121.86869557904716, 24.5744956833868], [121.86871315817896, 24.574573928102016], [121.86879181736019, 24.574924048851337], [121.86882074131566, 24.575012511631297], [121.86891002577012, 24.575285605809697], [121.86897671220524, 24.57539405725355], [121.86902602522271, 24.575474267783967], [121.86913983458273, 24.57562840234005], [121.86921905700761, 24.57575912160787], [121.86927161294334, 24.57591489704158], [121.86927604612927, 24.57596925035361], [121.86931255725563, 24.57625583005393], [121.86962889359305, 24.576909532858465], [121.86969780515513, 24.577156905139933], [121.87046068593546, 24.577756350394473], [121.87062023571305, 24.577881714949548], [121.871266043554, 24.578343845297287], [121.87132088300712, 24.578366134194546], [121.8716641265822, 24.57850835285262], [121.8720652593909, 24.578535087403328], [121.87225761115113, 24.578549627774574], [121.87264990902891, 24.578456451405998], [121.87277149330774, 24.57836265574134], [121.8729507907502, 24.578224344259496], [121.87319320741778, 24.578035268978443], [121.87332321160575, 24.577847632017328], [121.87330157119052, 24.577574202765117], [121.87363264169527, 24.577622840955243], [121.87365872068628, 24.577589547103972], [121.87387914839239, 24.577315352643268], [121.87432667918543, 24.577071651959365], [121.8746699892359, 24.577034426075095], [121.87473638731181, 24.577071055600275], [121.87482417966449, 24.57720417268451], [121.87487563696061, 24.577365491631273], [121.87488727643176, 24.577535925644828], [121.87486270840706, 24.577639150895347], [121.87495224977961, 24.578026878351846], [121.87488960486496, 24.57824936333334], [121.87501587565457, 24.578522203745806], [121.87486903075005, 24.578703649079706], [121.87489347660386, 24.57889512509201], [121.8749005948542, 24.578946238030973], [121.87509456358191, 24.579297210857916], [121.87518187174268, 24.57936159769087], [121.87524639593288, 24.579409181366614], [121.87544221429177, 24.57945769794088], [121.87594699471789, 24.579300976839512], [121.87617686820921, 24.579234095113403], [121.87647492113565, 24.579222989137556], [121.87655308265023, 24.579341995805756], [121.87657673169844, 24.579477281018903], [121.87643901996532, 24.579692050947234], [121.87638730934432, 24.579828677969243], [121.87637864868665, 24.579862231003432], [121.87636194990387, 24.580017627189775], [121.87640437643638, 24.580299984011198], [121.87666515197354, 24.580605430081103], [121.87669158579907, 24.58071633008979], [121.8764068872276, 24.580807396343225], [121.87581451567141, 24.580664618263498], [121.87528908657013, 24.580637014978223], [121.87506385197894, 24.58076113576979], [121.87487569175786, 24.580964494603727], [121.87481012103032, 24.58107125095651], [121.87475175029978, 24.581396451923737], [121.87475626433407, 24.581477678920933], [121.87485420944613, 24.58161078233646], [121.87505978081411, 24.581890693855918], [121.8749149023217, 24.58192766424155], [121.87484999994074, 24.582252189862494], [121.87484661958032, 24.582287688094386], [121.87484536822708, 24.58234345268808], [121.87484319610078, 24.582554704238678], [121.87491300238489, 24.582798979967503], [121.87489482138184, 24.582883057009507], [121.87481613794608, 24.58292686122163], [121.87449624967007, 24.582926942910856], [121.87415785789577, 24.582820590051], [121.87394253441711, 24.582950976690654], [121.87371545917796, 24.583087236641287], [121.8736879437808, 24.58310444199926], [121.8736806943764, 24.58341144230475], [121.87365692675066, 24.583459438604507], [121.87353918366804, 24.58370637480349], [121.87339154375447, 24.583727933266562], [121.87325357959479, 24.583752476629947], [121.87315114200804, 24.583727629384637], [121.87311058307296, 24.583721525605824], [121.87305339003375, 24.583645262654922], [121.87299525915338, 24.5835689702496], [121.87286508518386, 24.583398114761206], [121.87260535169256, 24.583387884042775], [121.87254503341444, 24.58340724839694], [121.87219303755352, 24.58352844933564], [121.87168782324112, 24.584054963692648], [121.87169579938254, 24.58417434398713], [121.87170434415754, 24.584302240991452], [121.87180721922387, 24.584384527234572], [121.87179265932971, 24.584578566104913], [121.87168544001068, 24.584656052174935], [121.87145701819685, 24.584801126038258], [121.87141152212101, 24.584932298087356], [121.87146281143215, 24.585067423689214], [121.87155773371325, 24.585087639787464], [121.87161448028975, 24.585119670386383], [121.87167271088308, 24.585153452362626], [121.87179674307099, 24.585224333625778], [121.87188355715834, 24.585430203640808], [121.87190335243397, 24.58548023318673], [121.87176392312207, 24.585735669874207], [121.87174505490785, 24.585863089863928], [121.87160945960565, 24.58595869336837], [121.87152372888643, 24.585957173985847], [121.87145640374918, 24.585955981352267], [121.87135417816481, 24.586022494347194], [121.87119533895458, 24.586040583157132], [121.87111319431006, 24.586012172353474], [121.87096607811428, 24.585868570264353], [121.87074621365187, 24.58605766802923], [121.87064434110538, 24.586175646297846], [121.87044922073748, 24.586230065408298], [121.87042676105872, 24.586266314033356], [121.87043098403888, 24.58630601800827], [121.87051011663227, 24.586327223952896], [121.87070231388225, 24.586278238705514], [121.8707418810773, 24.58628884086375], [121.87103778433524, 24.58653179333379], [121.87107887417463, 24.586620037164135], [121.87086399985363, 24.58681723384482], [121.87063478931898, 24.586939575095588], [121.87044169644867, 24.587002110249998], [121.87036270489077, 24.58700167322695], [121.87013444207878, 24.586831458760916], [121.86989670383713, 24.58671908808778], [121.86988411843998, 24.586611713278934], [121.86992866589492, 24.58648503985224], [121.86991808463925, 24.58623860088831], [121.87000585722897, 24.586080073183282], [121.87012482381705, 24.586007141238966], [121.87037153263512, 24.585988536977865], [121.87046375637708, 24.585903120715745], [121.87054028116121, 24.585832243921207], [121.8705734128255, 24.585807464072147], [121.87059980802353, 24.585769392869402], [121.87071640216087, 24.585639615284848], [121.87072470708564, 24.585555604626514], [121.87070773970659, 24.58551418987701], [121.87069275041775, 24.58547741578333], [121.87054946284172, 24.58545931218824], [121.87050953991387, 24.585399966164026], [121.87054643282426, 24.585036810360815], [121.87047051170805, 24.58477454721533], [121.87036458775962, 24.58459822435219], [121.8703101723113, 24.58453210515461], [121.87019527239656, 24.584392492656367], [121.8701700027876, 24.584377305175458], [121.87010603285789, 24.58433885777182], [121.86983838970049, 24.584880343754815], [121.86976657568171, 24.584853333636307], [121.86979632788392, 24.58479338120003], [121.86984369335394, 24.58469398729709], [121.86989088544907, 24.58459552537674], [121.8699043718564, 24.58456520682718], [121.86991825082758, 24.58453766321702], [121.86998366524821, 24.584403425811633], [121.8699882313848, 24.5843781588178], [121.87006092036266, 24.584230293990228], [121.87008082523276, 24.584168523688803], [121.8700203335798, 24.584133364996987], [121.8699968893475, 24.584126441086145], [121.87022737728648, 24.583697004292308], [121.87028050634737, 24.583595899773222], [121.87031059362114, 24.583538644099516], [121.87038353143232, 24.583402591312925], [121.87053613004628, 24.583117942754924], [121.87077749478667, 24.582667707656732], [121.87083289209362, 24.58256437218489], [121.87089617211723, 24.58244633006396], [121.87141467969921, 24.5814773456251], [121.87153506921861, 24.58125171313136], [121.8716921369511, 24.580957335249067], [121.87171434779654, 24.580878820040553], [121.87175982770272, 24.580718044776546], [121.87176897614556, 24.58068570671188], [121.87177783263594, 24.58065439467395], [121.87173894456734, 24.58043179796305], [121.87167616490538, 24.580325866143394], [121.87160875802137, 24.580212125393658], [121.87119948378131, 24.580066803592256], [121.87167336126338, 24.579524336924056], [121.87162641440825, 24.579493289276108], [121.87153616606159, 24.579431099194988], [121.87123852186858, 24.579215797823654], [121.871170882321, 24.579167352227422], [121.87113252425833, 24.579140020645497], [121.87085346890352, 24.57894120173109], [121.87057476478998, 24.578741974041442], [121.87040267812426, 24.57861955125998], [121.86995124235463, 24.578296038197077], [121.86950080730831, 24.577971360998355], [121.8692729352634, 24.577809670313794], [121.86914817993168, 24.577720847610713], [121.86882916032654, 24.57749312926986], [121.8685113112262, 24.57726359366495], [121.86823133779315, 24.57759116461924], [121.86820082471789, 24.577626905982335], [121.8681188273971, 24.577722889925788], [121.86807209523936, 24.577777582294463], [121.86812734073106, 24.577816614180033], [121.86831977962787, 24.577954389392662], [121.86839788005699, 24.578010631365387], [121.86855530711551, 24.578122233774728], [121.86915389681015, 24.578549560787067], [121.8693288311353, 24.578674846124013], [121.86940884407771, 24.578732220840564], [121.8694844642583, 24.578780980301996], [121.86954451394008, 24.578811938265428], [121.86959019866221, 24.57883216109182], [121.86962412533552, 24.57884464932878], [121.86967342757329, 24.57886008990842], [121.86973191598311, 24.57887540222992], [121.86976581301205, 24.578882783905364], [121.86986386771856, 24.578900101758702], [121.87005067597516, 24.578933411600023], [121.87009682063466, 24.57894649536016], [121.87015837229967, 24.57897056339736], [121.87019966695489, 24.578992996777576], [121.8702573334063, 24.579029739281566], [121.87029764081308, 24.57906412170083], [121.87033968376502, 24.579106799086144], [121.87037826999975, 24.57915751328342], [121.87064135061382, 24.579499715125266], [121.87081009375008, 24.579721909937522], [121.87083885600882, 24.57979329095743], [121.87084821106417, 24.579865443101657], [121.87082462220313, 24.579939541087704], [121.87058475944589, 24.58041101336187], [121.87052651537782, 24.580523896177848], [121.87051126378088, 24.580554316185353], [121.87049811783503, 24.580580360012647], [121.87048711526946, 24.580602042366767], [121.8704738462544, 24.580628033085187], [121.87046051884879, 24.580653999291005], [121.870447119578, 24.580679933632055], [121.87043366191676, 24.58070584427744], [121.8704223925515, 24.58072741224296], [121.87040881271939, 24.58075326814582], [121.87039744723438, 24.580774793624045], [121.87038603413872, 24.580796297859038], [121.87037167816219, 24.580823204288535], [121.87033665015429, 24.580889563980524], [121.87024339784125, 24.581068423651075], [121.86989450476129, 24.5817371829475], [121.86984613138159, 24.581834211006225], [121.86983569565291, 24.581852869799803], [121.86981588420767, 24.581868128657028], [121.86977253510534, 24.581869482258686], [121.86973873509442, 24.58186602514213], [121.86961363391136, 24.58184684271816], [121.8694363801361, 24.581823806977386], [121.86925929793912, 24.58179969292516], [121.86917625587758, 24.581789450639548], [121.86884517189813, 24.581749414388316], [121.86819644273598, 24.581666964667598], [121.86771781855593, 24.58160224000586], [121.8674769092614, 24.581576397348663], [121.86719996404916, 24.58154263728077], [121.86670312293352, 24.581479713822656], [121.86620644441294, 24.58141574061393], [121.86604361668284, 24.581393458794512], [121.86601845217675, 24.58139012174943], [121.86588068205323, 24.58137185418311], [121.86563342436455, 24.581338892990658], [121.8653864514418, 24.581304195871382], [121.86536754998988, 24.58145101770252], [121.86530652563599, 24.581864451794626], [121.86529924299398, 24.58190224888956], [121.86531812108973, 24.581946879329067], [121.86834842510564, 24.582306788761205], [121.86981265925583, 24.582514427248096], [121.8697691915758, 24.582620754227325], [121.86975482841274, 24.582762215696125], [121.86974371265939, 24.582834320384098], [121.86973325537117, 24.58294064790865], [121.86973008880982, 24.582986923198014], [121.86972292115216, 24.58303611967392], [121.86971967823398, 24.58308571722397], [121.86972191324243, 24.583105062019467], [121.8696411978175, 24.58309979634045], [121.86963403914304, 24.583158115806327], [121.86962718230245, 24.583224545330665], [121.86961090572784, 24.583315193963646], [121.86959222436322, 24.58345474394555], [121.8695730588066, 24.583602053388297], [121.86955923373432, 24.583704263150544], [121.86954137163325, 24.583783203819518], [121.86953444292745, 24.583808430089086], [121.86938808490979, 24.584062605649063], [121.86871902956766, 24.583988402273352], [121.86871325519705, 24.58403197818801], [121.86861838501818, 24.58402214861186], [121.86843060388611, 24.584002695312286], [121.86840004320014, 24.5839995290657], [121.86840574211232, 24.58395362828399], [121.86606486183933, 24.583693763701287], [121.86605662608481, 24.583753502639635], [121.86587337515672, 24.58508273525188], [121.8658360753095, 24.58535328986318], [121.86582043294544, 24.58546675065699], [121.86648162892719, 24.5855665556515], [121.86718818444082, 24.585666461858914], [121.86725097308596, 24.585675339647587], [121.86744417375411, 24.585702658367186], [121.86753878162489, 24.58576581659695], [121.86761859064968, 24.585819097164244], [121.86821335980939, 24.586216155735958], [121.86818298776966, 24.58624974626872], [121.86752586744434, 24.585807353794223], [121.86744145455377, 24.585750524722783], [121.8671954706761, 24.585713219730444], [121.86472094175006, 24.585355309181278], [121.86475964476575, 24.585551356059852], [121.86467399579328, 24.585562976922642], [121.86454916679976, 24.585440355772338], [121.86450965170705, 24.585432587284245], [121.86439210984703, 24.58542647215229], [121.86428543311045, 24.585346590660752], [121.86424877555862, 24.585316006808167], [121.86399593124719, 24.585436252605685], [121.86395849934759, 24.585454054776974], [121.8639571240269, 24.58540810469893], [121.86395553131392, 24.585354925249423], [121.86395203866407, 24.58523830794157], [121.8636168907063, 24.585317040156923], [121.86365813325932, 24.585628326080222], [121.86363760226352, 24.585642953850453], [121.86353666665984, 24.585696209963796], [121.86336097595326, 24.585788907976898], [121.86334307702121, 24.58597197979582], [121.86318647910761, 24.586301462323927], [121.86301951643229, 24.586459374646292], [121.86293931304711, 24.58692809894586], [121.86304043639862, 24.58703210881524], [121.8630724577452, 24.587065044820193], [121.86312449625134, 24.587118569077248], [121.86315593638795, 24.58715090466406], [121.86320944004629, 24.58720593599881], [121.86312530742998, 24.58721782790693], [121.86309314414957, 24.587222372938704], [121.86302079024337, 24.58723260007643], [121.86297971657362, 24.58723840634561], [121.86287363542003, 24.587253399065926], [121.8628785887305, 24.58744075563902], [121.862882314044, 24.587581580229113], [121.86288337136105, 24.587621558252426], [121.86288503593926, 24.587684548057865], [121.8628874577973, 24.587776204735707], [121.86280379769488, 24.58776989612224], [121.86273874619361, 24.587764990058034], [121.86239695788925, 24.587739217288803], [121.86227145695587, 24.587999713077316], [121.86223145767117, 24.58808273614776], [121.86211522914812, 24.588323983624353], [121.86203210084838, 24.58849652900159], [121.86198139095058, 24.588477440714797], [121.86194775263645, 24.588464777814284], [121.86191429218877, 24.588452182711553], [121.86157846600292, 24.58832577090721], [121.86132051476912, 24.5884341587816], [121.86093181015241, 24.588597489064984], [121.8607249362273, 24.588768713212414], [121.860676974276, 24.588808409042183], [121.86064748258522, 24.58882244095463], [121.86033045723995, 24.588966960249245], [121.86022847599735, 24.58898346230614], [121.85980987814294, 24.58905119815433], [121.85959735740795, 24.589570420153947], [121.8595647916823, 24.589649981196967], [121.85926052780394, 24.589870616611012], [121.85909017668337, 24.590298146957306], [121.85919515560411, 24.59044531112004], [121.85921503082976, 24.59047317281629], [121.85926505890623, 24.590543305290993], [121.8593098363299, 24.5907735141402], [121.8593255882884, 24.590854495720976], [121.85925849311985, 24.591050507033977], [121.8592278911114, 24.591089291365005], [121.85899255676145, 24.591387549910486], [121.85896522102739, 24.591405535023956], [121.85894649744189, 24.591417855372462], [121.85875023980682, 24.591546983301498], [121.85866289840835, 24.591604450141222], [121.85852087655859, 24.592368251881314], [121.8585117505736, 24.59241733113205], [121.85850234880584, 24.592467892092923], [121.85843820729795, 24.592812854381496], [121.85840778135928, 24.592884075192945], [121.85823666038252, 24.593284637591882], [121.85815301195818, 24.593480445795162], [121.85816382228431, 24.593619653635137], [121.85818632508213, 24.593909443075855], [121.8581467902265, 24.59413065582566], [121.85802358987857, 24.594819991983485], [121.85795645338747, 24.595195649308575], [121.85794711899338, 24.59524857218354], [121.8579444716582, 24.595277978218164], [121.8579157785697, 24.595596746672157], [121.85789521164128, 24.595825225214163], [121.85788747355343, 24.595911181151315], [121.85786702340604, 24.596138380818136], [121.85785395022367, 24.596283615356512], [121.85783140430667, 24.596534080175008], [121.85780453030662, 24.59683262469711], [121.85770559525118, 24.59739140216432], [121.85747894311844, 24.597513207064768], [121.8574203262495, 24.597944449776673], [121.85739486799436, 24.598131734808163], [121.85708939318702, 24.598523819283464], [121.85678454181053, 24.598818256331313], [121.85670905997047, 24.598890596809188], [121.85662786394688, 24.598968413805075], [121.85654440237215, 24.599048401772144], [121.85653094201592, 24.599061302103877], [121.85653945804486, 24.599089018944753], [121.85665887468882, 24.59903059009886], [121.8567652729477, 24.59898137213692], [121.85681021386475, 24.598971634397838], [121.85690356409414, 24.598951409106487], [121.85708578016299, 24.59891192804105], [121.85770928373373, 24.598776832083654], [121.85788969598543, 24.598737741388266], [121.85788696780193, 24.598908556341], [121.85786861432237, 24.59994103314178], [121.85752886070213, 24.599926652076515], [121.85758185411738, 24.600108032906455], [121.85764357286895, 24.60031287380891], [121.85777293206652, 24.600742167847937], [121.85774049390162, 24.600840526407445], [121.85756976638689, 24.601358146006717], [121.8579433945782, 24.60184715124602], [121.85857242997446, 24.60286374963584], [121.85902072703044, 24.603359549325045], [121.8592781554448, 24.603786827776126], [121.85936573220184, 24.603944140595573], [121.85940536407557, 24.603973689969386], [121.85932089279443, 24.604307221130817], [121.85931166979144, 24.604345200936734], [121.8592170933617, 24.604716646277712], [121.85808077303625, 24.604612112863727], [121.85807857126552, 24.604968418167417], [121.85719257188393, 24.604983309937616], [121.85704674656722, 24.604885732996166], [121.85674689611196, 24.604501033917543], [121.85635274590796, 24.60433444920856], [121.85635088100545, 24.60429258737397], [121.85634854987731, 24.604240263736408], [121.85634691763838, 24.604203574368775], [121.85652770718262, 24.603925378916216], [121.85646311561874, 24.603779833077727], [121.85634933410653, 24.603688050086078], [121.85623506840238, 24.603587071973987], [121.85608122023189, 24.60346894921332], [121.85666060843728, 24.60245178727216], [121.85670707379542, 24.602367333774627], [121.85675938988092, 24.60227551217567], [121.85670502922983, 24.602255038304623], [121.85665566770324, 24.602236459327635], [121.85661692426336, 24.602221838396886], [121.85657992984332, 24.60220467813802], [121.85637833801214, 24.602111154277445], [121.85627041531218, 24.602061085638816], [121.85605095329501, 24.601959272293744], [121.85591401860466, 24.6018957440699], [121.85508015923881, 24.601508887691175], [121.85464092798067, 24.601305107283178], [121.85439725726488, 24.601192056978558], [121.85423587312745, 24.601117181749654], [121.85345092074064, 24.600763846710688], [121.85158240608507, 24.599922617994235], [121.85151630624978, 24.600018870720803], [121.85123264433426, 24.600432071978215], [121.85052724495233, 24.60145940688682], [121.85012094862739, 24.602053403942694], [121.85019818936883, 24.60907611833229], [121.8503813369906, 24.609123401594772], [121.85074260166864, 24.609103339655135], [121.85092613736269, 24.609013537035793], [121.85100901143917, 24.60897298270551], [121.85122707657612, 24.608837771018617], [121.85130880619897, 24.60878709416276], [121.85164377898522, 24.60868920166572], [121.8519728309755, 24.60870869114835], [121.85199009390031, 24.608732265063185], [121.85209084355272, 24.608869879662624], [121.85242886522109, 24.60894350475057], [121.85245682977585, 24.608934570624886], [121.85251412971459, 24.608916271142107], [121.85274225508435, 24.60884341212428], [121.85321685571019, 24.60854392027095], [121.85326989943107, 24.6085241816615], [121.85337532571283, 24.60848493393307], [121.85351044221306, 24.608434648145835], [121.85358375911329, 24.608461551902092], [121.85381863083079, 24.60854774826059], [121.85388083018111, 24.60859663495314], [121.85403387076614, 24.60870600085998], [121.85412025366222, 24.60869687478722], [121.85406683264891, 24.60852558397839], [121.85428840211372, 24.608363387997212], [121.85451187690526, 24.60827517011318], [121.85466880539887, 24.608213175642764], [121.85500779455285, 24.608228945824965], [121.85525136735221, 24.60821776564889], [121.85531567325185, 24.60821480991364], [121.85537868467912, 24.608216753724072], [121.85566507837147, 24.608201159136655], [121.85581518326221, 24.608195063085], [121.85596877181955, 24.608148413252156], [121.85612106410801, 24.608101827923402], [121.85691179086548, 24.607859949665784], [121.85733760129334, 24.607730686655742], [121.85751431967266, 24.60776783399128], [121.85842516555662, 24.60795931129004], [121.8587404517635, 24.607919651752965], [121.85907832161661, 24.607984772805846], [121.85932995769394, 24.608020102845426], [121.86013303628658, 24.608369346013966], [121.86036914857756, 24.60852353971561], [121.86080128224668, 24.608585842754103], [121.86147107690232, 24.608550146981575], [121.8614786757513, 24.608577834768692], [121.86151731139331, 24.60870661666975], [121.86177677179685, 24.608799268240176], [121.86197047013165, 24.608685162148877], [121.86244494589171, 24.608857178805813], [121.86272585806418, 24.60878358796944], [121.86298067327938, 24.608817097307544], [121.86310176707798, 24.60895017737169], [121.8632468602678, 24.608946646681257], [121.86335950002123, 24.60882721569009], [121.86361474283444, 24.6087403367432], [121.86466719734325, 24.6089264466872], [121.86506867330833, 24.609038081975292], [121.86589222720126, 24.609038429082023], [121.8659174491995, 24.60919941299123], [121.86523051199332, 24.60983100760384], [121.86484601508542, 24.610212406285704], [121.86465163492926, 24.610380544722986], [121.86439205325321, 24.610688998031833], [121.86381344568373, 24.61127915684754], [121.86362230485256, 24.61148790373166], [121.86349967044319, 24.611605974818872], [121.86325390485622, 24.61176989392421], [121.86277916409315, 24.6123865397519], [121.86266621711589, 24.612477468628008], [121.86244989021908, 24.612614133370403], [121.86194890876826, 24.61300521692863], [121.86154291337894, 24.613567295927158], [121.86133164309884, 24.613721986302856], [121.86114030912987, 24.613903645224877], [121.86055667368979, 24.614484793074975], [121.85710309698669, 24.619271444241203], [121.85411427537402, 24.623893644138764], [121.85378332973512, 24.62414517898528], [121.85207400373442, 24.625582700010053], [121.8506097902455, 24.626814126900992], [121.84999753807367, 24.62732891972536], [121.84997019784802, 24.627351916058757], [121.84985460802716, 24.627449116983534], [121.84972821506669, 24.62755540578282], [121.84953250630222, 24.627719976041007], [121.84934339656186, 24.62787900137782], [121.84919062367477, 24.62800747677576], [121.84912867495446, 24.628059577337737], [121.84907763627331, 24.628102496059658], [121.84902736295673, 24.62814476067271], [121.84897110865697, 24.62819207020536], [121.84887006166227, 24.62827704521805], [121.84877582120242, 24.62835629338871], [121.84867498980334, 24.62844108618905], [121.84858334098314, 24.628518153131914], [121.84848150796252, 24.628603790997147], [121.84829042192852, 24.628764468809962], [121.84791555585882, 24.62907969938506], [121.84777194309267, 24.62920045677344], [121.84764906344323, 24.629303791296355], [121.84753577690279, 24.629399052938155], [121.84743789107957, 24.629481364236195], [121.84732758964073, 24.629574109019774], [121.8472704999078, 24.629622117826624], [121.84707261542371, 24.629788520232523], [121.84633450568737, 24.63040918296938], [121.84612598155714, 24.63058451935649], [121.84573863159989, 24.63091023184659], [121.84560999285121, 24.631018399914968], [121.84502435596464, 24.631510829851422], [121.8446995916332, 24.631783906084365], [121.84467657140577, 24.631803265398496], [121.84375348867096, 24.632579427054605], [121.84364342887898, 24.632671968663395], [121.84284238497041, 24.63264279515929], [121.84215185899473, 24.632617652226514], [121.8418858399913, 24.632607960384387], [121.84135315160422, 24.632588560366536], [121.84120170103725, 24.63258304281733], [121.84074110335001, 24.632566262345815], [121.84060189232875, 24.63256118982523], [121.84046992262695, 24.632556384322186], [121.84020958007787, 24.632546896617317], [121.83992809567852, 24.632536642154243], [121.83983649267236, 24.632533299123953], [121.83943643155388, 24.632518723380244], [121.83915409375501, 24.63250843461897], [121.83892534764936, 24.632500096638857], [121.8388317351119, 24.632496680932984], [121.83849640479612, 24.632484468334408], [121.83701966879215, 24.632430635224818], [121.83573214583478, 24.63238368985346], [121.83569427106578, 24.632382308218368], [121.83527052227153, 24.632366853011877], [121.8348418650826, 24.63235122224107], [121.83475825618413, 24.632348173987427], [121.83465192440056, 24.632344296099106], [121.83424242288672, 24.632329360226155], [121.83375229667782, 24.63231148470063], [121.83369955119758, 24.63230955677962], [121.83319109756023, 24.632139845719518], [121.83313575684718, 24.63212113889771], [121.83306176980379, 24.632096124878156], [121.83300745406841, 24.632077774074837], [121.83195356225517, 24.6317215590776], [121.83166515184499, 24.631624069958747], [121.8307015272431, 24.631298350346864], [121.82947756368537, 24.630884626381494], [121.82852529468691, 24.630562728891636], [121.82749079211084, 24.62932395778482], [121.82731212528564, 24.62911000714873], [121.82694863098907, 24.62867473338901], [121.82630950302064, 24.62790937639373], [121.82363449168274, 24.624705921732787], [121.82317487315922, 24.624155486400763], [121.82075511271935, 24.622277124323624], [121.82012394921423, 24.622387071960297], [121.81986206156283, 24.622432684256335], [121.81968542942175, 24.622463458296494], [121.81952213277111, 24.622491900839503], [121.81932774183521, 24.622525760106925], [121.81909764017182, 24.622565842928093], [121.81891735637913, 24.622597249826153], [121.8188721253063, 24.622605124619312], [121.8186876580593, 24.622637250144443], [121.81789658724709, 24.622775034818577], [121.8176176405884, 24.62282362522877], [121.81753447905095, 24.62283810737392], [121.81713969733138, 24.62290687099987], [121.81701245815793, 24.622810968253944], [121.81694367235997, 24.622759129276407], [121.81691802366198, 24.622735970404886], [121.8166705081568, 24.62255324635803], [121.81622362774397, 24.622316099050835], [121.8161490972198, 24.62228240632021], [121.81564544867094, 24.62214349087879], [121.8154295466772, 24.622081437135364], [121.81515666903664, 24.6220496830371], [121.81502028411523, 24.622033810068125], [121.81458882238593, 24.621983594243016], [121.81453415540938, 24.621977226922972], [121.81434584337296, 24.62199060017297], [121.81430895944574, 24.6219941321284], [121.81423029307797, 24.622015219329434], [121.81423960591256, 24.62204420422124], [121.81420996599972, 24.622048516879868], [121.81413963240458, 24.62206441679598], [121.81411676938225, 24.62208888976], [121.81407178893939, 24.62210049089707], [121.8140419918214, 24.622108172995365], [121.81390479392469, 24.622143557026323], [121.81387550525312, 24.622135083609773], [121.81379738865432, 24.62215869990877], [121.81373638406338, 24.622166425285158], [121.81361083282438, 24.622208353818195], [121.81360848462816, 24.622271310697247], [121.81359064857826, 24.622300452323607], [121.81357498195968, 24.622376310350155], [121.81355332896806, 24.62238783469695], [121.81291573172885, 24.622573124030808], [121.81287102706877, 24.622586085633934], [121.81263924465749, 24.622565345598357], [121.81243305075705, 24.622538254600585], [121.81228327195473, 24.622482348673206], [121.81219759603283, 24.622413628095387], [121.81212199471685, 24.622452939233277], [121.81206308589545, 24.62246767376124], [121.81202823395739, 24.622477638328792], [121.81183404514243, 24.622533175956526], [121.8118024397158, 24.62254316583453], [121.81174114496899, 24.62250311812137], [121.81168932565181, 24.622469262114343], [121.81165354485579, 24.622446419226545], [121.81161027390687, 24.622470954996572], [121.81152570920095, 24.622518126215695], [121.81149390524658, 24.622535866764093], [121.81073402394104, 24.62302127116821], [121.8098640496058, 24.623576990169838], [121.80865524422019, 24.624349124705063], [121.80867620820393, 24.6244025007213], [121.80868694576655, 24.624428986198787], [121.80892569820612, 24.62501815004263], [121.80902294532716, 24.625258049118766], [121.80906748469732, 24.625373370727], [121.80925116232513, 24.625821085637106], [121.80928068096534, 24.62590596018531], [121.80935111966342, 24.62606774225728], [121.80948347114918, 24.626398229795193], [121.80947118039948, 24.62641441170447], [121.80920734879375, 24.62676287672322], [121.80900599771105, 24.62702875924878], [121.80871542685259, 24.627412396860812], [121.80863356427909, 24.627520479763707], [121.80833181658188, 24.62791904736871], [121.80811645806891, 24.628203420080908], [121.80807669593953, 24.62825590681118], [121.80805299928062, 24.62828005029144], [121.80803302973189, 24.628300289622114], [121.8078605460108, 24.628475985003277], [121.80777584476095, 24.628562272089795], [121.80754377758372, 24.6287985680897], [121.80750531172328, 24.628837596311843], [121.8074701310018, 24.628872949857186], [121.8073541351424, 24.628981686403378], [121.807203335854, 24.62912306524829], [121.80717513234731, 24.629145246294367], [121.80700497526283, 24.6292789637119], [121.80631328417216, 24.629822562888414], [121.8057070444246, 24.63016403661445], [121.8056550993433, 24.630193539780375], [121.805617950413, 24.6301994273474], [121.80559289011157, 24.63019657665444], [121.8055595976488, 24.630210211964936]]]}, "id": 506, "type": "Feature", "properties": {"空域類別名稱": "縣市政府限制使用範圍", "會商機關名稱": null, "主管機關名稱": "宜蘭縣政府", "聯絡方式": "承辦窗口：劉靖茹\r\n電子郵件：cjliu123@mail.e-land.gov.tw\r\n電話：03-9251000 #2268", "主管機關": "5", "空域說明": "本區每星期六、日全日及星期一至星期五下午5時至上午8時禁止遙控無人機飛航活動。", "三級機關": null, "有效日期起": null, "罰則": "罰款3萬-15萬\n註冊/地點/操作限制\n得沒入遙控無人機", "last_edited_date": null, "空域類型": 7, "SHAPE__Area": 23633119.884411827, "會商機關": null, "空域顏色": "黃區", "有效日期迄": null, "限制區": "黃區", "created_user": null, "空域類別": 7, "空域名稱": "宜46 冬山都市計畫及蘇澳(新馬地區)都市計畫及蘇澳(新馬地區)都市計畫", "last_edited_user": null, "條件": "限制", "countyid": null, "created_date": null, "二級機關": null, "SHAPE__Length": 49074.92713106999, "objectid": 506}}, {"geometry": {"type": "Polygon", "coordinates": [[[121.72762504065274, 24.651203530092953], [121.72759544385909, 24.651208350391123], [121.72756447982954, 24.65121974308012], [121.72743762782994, 24.651296207313596], [121.72740415031426, 24.651316799702123], [121.72692342856804, 24.65161261794486], [121.7268569262876, 24.651653548700263], [121.72672817075795, 24.651732773060935], [121.72658970084676, 24.651817982708934], [121.72589117986495, 24.650884460885887], [121.72585197558936, 24.65081651685927], [121.72571892431598, 24.65057836589171], [121.72571751485928, 24.650511406338065], [121.7256882720019, 24.650430712406603], [121.72563187307338, 24.650172267767438], [121.72561600163893, 24.65009951362634], [121.72558782328512, 24.649970390638273], [121.72542141936185, 24.64920783066142], [121.72541023803151, 24.648843871385456], [121.72540526675478, 24.64868206328614], [121.72514327759369, 24.648251303372017], [121.7250851251538, 24.648010382954254], [121.72500073831434, 24.647769959301055], [121.72498524057906, 24.647730869226308], [121.72493725796643, 24.647572851371077], [121.72482108334232, 24.647190257879643], [121.72460806673733, 24.646563843154286], [121.72460463157971, 24.646482144037897], [121.72459832540636, 24.64633236694845], [121.72450920803863, 24.644214523370238], [121.72463027578613, 24.64409257208406], [121.72472434376937, 24.64399992136007], [121.72514901243851, 24.643594690189175], [121.72518403415813, 24.643547144805744], [121.72520901181464, 24.643522539689126], [121.72523025607279, 24.64351190890554], [121.72577175064457, 24.64296826477694], [121.72613057459998, 24.642815460786505], [121.72637294725017, 24.642635412383232], [121.72639164208958, 24.642614257625947], [121.72650543168656, 24.642485487792342], [121.726537794393, 24.642384936201786], [121.7265670641999, 24.642064289017842], [121.72671538323986, 24.6416106023876], [121.72684169804685, 24.641224228962493], [121.72713808010688, 24.641105824951637], [121.7277485302582, 24.640861949666558], [121.72798906226042, 24.640765851671762], [121.72807571285436, 24.640703318082643], [121.72884094272916, 24.640151093185246], [121.7288591668513, 24.63982744690251], [121.72886834493858, 24.639664431733365], [121.7288800580716, 24.639456407979882], [121.72889151608304, 24.639253007040722], [121.72892564757221, 24.638646860381588], [121.72893805869617, 24.638426408985037], [121.72893982298741, 24.63839514405841], [121.72896889516493, 24.637854159972175], [121.72899285772519, 24.63740820698111], [121.7289967438371, 24.637335834892248], [121.72900444689067, 24.637192481152542], [121.72901474338039, 24.637000859186], [121.7291082696796, 24.636884454960676], [121.72919134677538, 24.636781064649533], [121.7292128551382, 24.636754296817067], [121.7292632757785, 24.636691548102586], [121.72929055761368, 24.636657596321033], [121.72937584366679, 24.63655145570884], [121.72945121770897, 24.63645764724965], [121.72953186576025, 24.636213879655937], [121.7296253947544, 24.635931396696144], [121.7296854740806, 24.63583946419555], [121.72979495535752, 24.635672397828657], [121.72992100156831, 24.635551845115806], [121.73011812607758, 24.63536333332048], [121.73038756137402, 24.635223900026862], [121.73067501777335, 24.635162013638215], [121.73098217782015, 24.635159167141225], [121.73117909661529, 24.63522095636175], [121.73196061025122, 24.635942103247107], [121.73265760230035, 24.635967688895295], [121.73391474603146, 24.636013832705505], [121.73590738540146, 24.636083542806897], [121.73688937695766, 24.636116652886777], [121.73736460370922, 24.63749199174973], [121.73739855194214, 24.637646662318705], [121.7374204232244, 24.63774630810443], [121.73741228179297, 24.637875443731335], [121.737443304213, 24.637943906764846], [121.73750752836588, 24.63794720392451], [121.7377179811791, 24.637621161117448], [121.73795567989487, 24.637393391744357], [121.73811225714715, 24.637312280251766], [121.73824940024669, 24.63728596734433], [121.73833899821312, 24.637321098034466], [121.73843042065785, 24.637500304084114], [121.73849245202318, 24.637533946169672], [121.73855789069839, 24.63750870623685], [121.73863717420876, 24.637334981611218], [121.73879774626913, 24.63714396573451], [121.73890258774765, 24.637100756164116], [121.73906624641938, 24.637115300344853], [121.73918084180517, 24.63695042074337], [121.73936248205395, 24.636764456215314], [121.73945300079355, 24.636704424137793], [121.73960784699236, 24.636564636328583], [121.73991784841037, 24.63630400568665], [121.74013823659061, 24.636324589932183], [121.74025626174418, 24.63623914271357], [121.74055580677233, 24.63628461522461], [121.7405939663073, 24.636223033932342], [121.7405820959691, 24.6360524659159], [121.74056142663277, 24.63599964359389], [121.74046577491961, 24.635755114084578], [121.74048725363804, 24.635710778014886], [121.74058984932832, 24.635690410053343], [121.7407160527443, 24.63570228428791], [121.74079047097904, 24.635709285366133], [121.74084053139488, 24.635732837042642], [121.74097469208759, 24.63579594306962], [121.74104081078751, 24.635871102923463], [121.74107512822793, 24.635910106889963], [121.74107967639826, 24.636012999012568], [121.74101707190779, 24.636243953790792], [121.7409743049137, 24.636401727135013], [121.74096426264715, 24.63671052696481], [121.74090053885587, 24.636960917356415], [121.74074432362461, 24.63727044578834], [121.74081939493458, 24.63777654681024], [121.74058615725254, 24.638090066879023], [121.7406432218326, 24.638388606103184], [121.74079685081423, 24.6386469526493], [121.74084022866266, 24.638802025969284], [121.7408422929912, 24.638984379235634], [121.74088746118198, 24.639107834649707], [121.74097868420078, 24.63916697311063], [121.74111711728102, 24.63919157010345], [121.7417090073402, 24.63939900231853], [121.74178349384695, 24.6394690551037], [121.74178294317966, 24.639543090029424], [121.74173394008092, 24.639608326887164], [121.74167580740395, 24.639632989931375], [121.74131738230054, 24.63965021037547], [121.74123663004471, 24.639696006620465], [121.74109495314795, 24.639958607796498], [121.74107234434888, 24.640042510882914], [121.74094588221817, 24.640511903180933], [121.74086004729443, 24.640830510615505], [121.74076266991766, 24.640925752038033], [121.74073433615527, 24.64095345470077], [121.74065423338136, 24.641106879885392], [121.7405389930052, 24.641299588045175], [121.74006866656345, 24.641472684160313], [121.73995193228892, 24.64162047397978], [121.73990687908248, 24.641677511191403], [121.73973632404429, 24.64206926807092], [121.73967434657789, 24.64211741414858], [121.73960357909641, 24.642172382925548], [121.73925676471805, 24.64215377477005], [121.73921145010189, 24.64217476303825], [121.7391459772907, 24.642296967680405], [121.73926910397681, 24.64257531862336], [121.73921042781905, 24.642675821887046], [121.73910507699584, 24.642902039258967], [121.73909244937785, 24.643000401397234], [121.73907956663841, 24.64310077776148], [121.73922429780711, 24.64335736480765], [121.73925188866268, 24.643386165119946], [121.73932611375965, 24.643463632725947], [121.73935946910449, 24.643498435896568], [121.73955258083946, 24.6439204536769], [121.73970684043836, 24.644035086087673], [121.73973178306049, 24.644053623744473], [121.73988990182185, 24.644171126003002], [121.74033158817572, 24.644532775168287], [121.74059542696791, 24.6448032191575], [121.7406307343519, 24.644957808006026], [121.7406415644409, 24.64500521731566], [121.74063495373873, 24.64507029782114], [121.7406284840721, 24.64513402537561], [121.74054605466162, 24.645226872031223], [121.74034915203617, 24.64533708361213], [121.73995874690863, 24.64545111134109], [121.73935406663641, 24.645627719109804], [121.73852804776635, 24.64586953980418], [121.73817553178083, 24.64624478168653], [121.7380522083637, 24.64637605504725], [121.73780817383029, 24.646457306803548], [121.73765901217057, 24.646463952111386], [121.73733089263162, 24.646478571950748], [121.73709376793931, 24.646489133081243], [121.73703393115821, 24.646491801328064], [121.73705800780448, 24.64652940335359], [121.73713707841412, 24.646652910912767], [121.73760869663319, 24.64738953822672], [121.73766329084626, 24.647474795744685], [121.73775035825854, 24.64761078619071], [121.73780666825381, 24.647698734639775], [121.73793002490862, 24.64786788406079], [121.73799680027699, 24.64797003232925], [121.73809146923318, 24.64811528423076], [121.73810509398109, 24.648147574655145], [121.7381675161136, 24.648295567223855], [121.73828351826111, 24.64883648893939], [121.73828573799823, 24.648901626233368], [121.73828484686942, 24.64895671286043], [121.73827046663835, 24.64905627532515], [121.7382450227563, 24.649199661170112], [121.73817603573575, 24.649316311919083], [121.73812647388489, 24.64942677299266], [121.7380906688343, 24.64950658824842], [121.73797076440512, 24.64977382830829], [121.73789322721966, 24.649849387162234], [121.73773727429642, 24.649993792664038], [121.73769755079458, 24.65003057064952], [121.73755148113614, 24.650165828403082], [121.73747881461614, 24.650233101659865], [121.7373891798188, 24.650316106278115], [121.73624308312816, 24.650732842268802], [121.73620772813354, 24.650743093605257], [121.73617291302638, 24.65075226967735], [121.73611008305878, 24.65078068210383], [121.73599782419096, 24.650821506993655], [121.73594109378419, 24.650842124770374], [121.73586379105905, 24.650870239172747], [121.7357618682069, 24.650907297758216], [121.73551701710484, 24.650923416075866], [121.73536920022319, 24.650932886872422], [121.73514255078537, 24.65094740331611], [121.73497503295124, 24.65095813633911], [121.73481735975422, 24.650968233348447], [121.73465969733705, 24.650978330356956], [121.73455621770447, 24.650984956645903], [121.73447673476815, 24.650990052911787], [121.73435987472948, 24.650997535653566], [121.73420219165102, 24.65100764082418], [121.73409375601307, 24.6510145806274], [121.73400503031081, 24.651020268816392], [121.73382759687252, 24.651031625598883], [121.73367971980365, 24.65104109720368], [121.7335022666025, 24.651052462965197], [121.7334036863815, 24.65105877573454], [121.73328538364848, 24.6510663588952], [121.73308822140991, 24.65107898606501], [121.7329351296209, 24.65108878832724], [121.73289105917137, 24.651091702226278], [121.73275306806222, 24.651100843165572], [121.73253623721057, 24.651115198749693], [121.73231951505502, 24.651129545351257], [121.73224057470108, 24.651134768976902], [121.73204097982472, 24.651147980715535], [121.73193502802853, 24.651154999706236], [121.73180875903559, 24.651163351953628], [121.73159872124404, 24.651177257668646], [121.73155466965916, 24.65118017238206], [121.73137756500428, 24.651191894917933], [121.73115296192873, 24.65120676485268], [121.73104051261807, 24.65120848510474], [121.73090176961911, 24.65121059561799], [121.73067587566445, 24.65121404102064], [121.73055438930204, 24.651215895986173], [121.73051789075211, 24.65121645198597], [121.73035921413695, 24.651218880096618], [121.73020756144895, 24.651221193088343], [121.73000939309732, 24.651224213938736], [121.72973290422927, 24.651228435781157], [121.72964744210643, 24.651229736379644], [121.72948285996654, 24.65121373322045], [121.72933167979248, 24.651199037189567], [121.72913075361282, 24.65117949963029], [121.72909462696535, 24.65117598319587], [121.72893343057588, 24.65118515188815], [121.72873679295343, 24.65119634373349], [121.72848371597834, 24.651210733597388], [121.7283794907441, 24.65121666507839], [121.72785677635164, 24.651227439717], [121.72765177721055, 24.65120325821639], [121.72762504065274, 24.651203530092953]]]}, "id": 507, "type": "Feature", "properties": {"空域類別名稱": "縣市政府限制使用範圍", "會商機關名稱": null, "主管機關名稱": "宜蘭縣政府", "聯絡方式": "承辦窗口：劉靖茹\r\n電子郵件：cjliu123@mail.e-land.gov.tw\r\n電話：03-9251000 #2268", "主管機關": "5", "空域說明": "本區每星期六、日全日及星期一至星期五下午5時至上午8時禁止遙控無人機飛航活動。", "三級機關": null, "有效日期起": null, "罰則": "罰款3萬-15萬\n註冊/地點/操作限制\n得沒入遙控無人機", "last_edited_date": null, "空域類型": 7, "SHAPE__Area": 2636425.516743065, "會商機關": null, "空域顏色": "黃區", "有效日期迄": null, "限制區": "黃區", "created_user": null, "空域類別": 7, "空域名稱": "宜47 冬山梅花湖風景區計畫", "last_edited_user": null, "條件": "限制", "countyid": null, "created_date": null, "二級機關": null, "SHAPE__Length": 7671.156994232934, "objectid": 507}}, {"geometry": {"type": "Polygon", "coordinates": [[[121.66176414740079, 24.672207854832443], [121.66106286769276, 24.672532679177852], [121.6607963815654, 24.672565523271263], [121.65960968731214, 24.672014502971624], [121.6588017587153, 24.672021822007164], [121.65790291342513, 24.671541720610264], [121.65718200193488, 24.671477991028173], [121.65708757462552, 24.67146956095789], [121.65705008433547, 24.671456087701223], [121.65676095706966, 24.671337545020165], [121.65653371564217, 24.671244373301498], [121.65620270622289, 24.671108587378374], [121.65608243617935, 24.671122294138932], [121.65565069597234, 24.67117146083417], [121.6551088986683, 24.671103402955595], [121.65433489584643, 24.6708422452363], [121.65386904211651, 24.670747669896475], [121.65384101917128, 24.670749082943498], [121.65300575214538, 24.6707896849772], [121.65284374278052, 24.670699881796352], [121.65271776304503, 24.670451878233898], [121.65253138957301, 24.67008496132945], [121.65250283931665, 24.67002865791023], [121.65243979914328, 24.669989837662545], [121.6522013179949, 24.669843078976424], [121.65214006187571, 24.669805426015017], [121.65204923681057, 24.669781352603483], [121.65184898526581, 24.669728142102652], [121.65168415339431, 24.669684437687405], [121.65152899727671, 24.669639337340115], [121.65139062797687, 24.66960525900792], [121.65088598139968, 24.66978009383088], [121.65069112423816, 24.669785435859303], [121.65059989942279, 24.669789118299633], [121.65048068220479, 24.669793399105735], [121.65044036761145, 24.669786160755574], [121.65028344720267, 24.66968644503126], [121.6502434982237, 24.669660977312937], [121.65019290600523, 24.66963131204311], [121.65016038429697, 24.669618813280767], [121.65011484420364, 24.669601223909424], [121.64935596631626, 24.669309277697366], [121.64929780399487, 24.669286867866322], [121.64913446961492, 24.6692839633717], [121.64900176598958, 24.66928155683702], [121.64877210000913, 24.66927737478904], [121.64827619403965, 24.668910255245283], [121.64799276478777, 24.668593280299255], [121.64794093019925, 24.66853533374517], [121.64783454272013, 24.668577685083708], [121.64731707628552, 24.668779532932927], [121.646828509552, 24.668723495048585], [121.6459298753659, 24.66862037518573], [121.64559271697857, 24.66859193988142], [121.64475066497731, 24.66852116302327], [121.6444498919522, 24.66847830390633], [121.64417648879714, 24.668474330812725], [121.64362676116576, 24.668359137165332], [121.64363318322175, 24.66811248406628], [121.6436340231465, 24.668080127785537], [121.64363691302684, 24.66796933709333], [121.6436392216971, 24.667880126991843], [121.6436421951207, 24.66776635567264], [121.64366124389629, 24.667030820055484], [121.64366479583488, 24.666895197712673], [121.64366651970191, 24.66682684606622], [121.64366899905208, 24.66673221706881], [121.64366990365562, 24.66669682199463], [121.64368409793543, 24.666642229738457], [121.64367280341733, 24.66658792726103], [121.64367580828196, 24.666472197981335], [121.64367863438184, 24.666363334072845], [121.64368146676995, 24.666254213736213], [121.64368430814118, 24.666144805949475], [121.64368715490228, 24.66603513683503], [121.6436965180425, 24.66567451162302], [121.64370579314787, 24.66531724303211], [121.6437152056954, 24.66495468587897], [121.64371875224414, 24.664817800007583], [121.64373209492102, 24.664308631314793], [121.64376301403477, 24.663243113096662], [121.64394401108984, 24.663262936128973], [121.64422581169619, 24.663226696762944], [121.64470127380638, 24.66318789480794], [121.64472300135812, 24.663186118391625], [121.64498041270446, 24.66310677721254], [121.6450943720831, 24.663059881741944], [121.64528545542217, 24.662981245825502], [121.6453337542417, 24.66296198114501], [121.64543773333753, 24.66296250770319], [121.64548701311737, 24.662962457904673], [121.64562002306828, 24.662962319938266], [121.6457699357195, 24.662962164011713], [121.64588099892964, 24.662980419659934], [121.64610199437097, 24.662945314965302], [121.64618001934161, 24.662932890639134], [121.64635685809522, 24.662921891692935], [121.64645078414466, 24.662916639171286], [121.6466604859663, 24.662839319969535], [121.64680001139787, 24.662686843989245], [121.64704690437061, 24.662436385176196], [121.64722303794663, 24.662314405972317], [121.64738468259556, 24.66220244437781], [121.64744191516056, 24.662162750623363], [121.64758378789, 24.66212414916572], [121.64769197559298, 24.662094682932036], [121.64774264326995, 24.662080850274283], [121.64826566398794, 24.661981664750318], [121.64830048179005, 24.661966654049767], [121.64851356397202, 24.661874660711163], [121.64887143930649, 24.661904602127716], [121.64901507273393, 24.661916929407514], [121.64904291601616, 24.661919318123964], [121.64930930602377, 24.66194215461021], [121.64945997415813, 24.66191816621732], [121.650417313248, 24.661934682321032], [121.65062712376576, 24.661909487322713], [121.65071074883389, 24.661872195254457], [121.65078120729488, 24.661838515641673], [121.65099697274466, 24.661780521866007], [121.6512806705929, 24.6618578392747], [121.6516281838605, 24.66195257483226], [121.65170257694247, 24.661990714274413], [121.65195815213234, 24.662121691061312], [121.6523507437593, 24.662250265938717], [121.65260765564233, 24.662334379364854], [121.65287639204948, 24.6624122099289], [121.65306730740355, 24.662467492237923], [121.65352068533085, 24.662591060767863], [121.65378666301172, 24.662594598106356], [121.65414407212054, 24.662549616019188], [121.65450938460725, 24.662503594673897], [121.65454146793766, 24.662499552814705], [121.65464069135233, 24.66248705333793], [121.65488026934369, 24.66245616261981], [121.65494049509522, 24.662448397283608], [121.6549856543029, 24.662442574097515], [121.65526608677507, 24.662407898663734], [121.65538779591961, 24.662392848828556], [121.65544732727354, 24.662385487593074], [121.65552394278744, 24.662376034809313], [121.65565509322568, 24.662403901702], [121.65568983467097, 24.662411280896574], [121.65575963736183, 24.662426107043405], [121.65596308601073, 24.662469277644572], [121.6562791896845, 24.662536332830207], [121.6568221503068, 24.66258831122797], [121.65686584076897, 24.66259254411524], [121.65704126377769, 24.66262292538376], [121.65707596839204, 24.662590090101936], [121.65720808272255, 24.662557009899846], [121.65741775040817, 24.662504540849337], [121.65791876509665, 24.662379051307866], [121.65846785222925, 24.66256591325167], [121.65849894741277, 24.663031641915175], [121.65790920881867, 24.663423348934572], [121.65776855420475, 24.664008038868797], [121.65771682471909, 24.66422323181815], [121.65802111285191, 24.664692459736923], [121.65806244882974, 24.664756200132707], [121.65831999582166, 24.664922007134813], [121.65957165893121, 24.665727807936996], [121.65971302411258, 24.66581882616134], [121.66111191211401, 24.665480250831298], [121.66191635973917, 24.665285460739653], [121.66476310560319, 24.66796425294947], [121.66500513958847, 24.668115924920677], [121.66513732758082, 24.668341128837003], [121.66512181996407, 24.668381610020695], [121.66505408968665, 24.66855823432715], [121.66504220138211, 24.668589343944266], [121.6649963001661, 24.668708992917388], [121.66498411901078, 24.668740735970133], [121.66485518381808, 24.66907634978891], [121.66470724566385, 24.669461885176393], [121.66462226593625, 24.669683636872307], [121.6643761913288, 24.67032547016139], [121.66428107411328, 24.670573539280724], [121.66423741239721, 24.67068721906102], [121.66417630809325, 24.670846930083513], [121.66412470257512, 24.670981049372593], [121.66404133712015, 24.671198369857095], [121.66400171063633, 24.67130166717803], [121.66377678596388, 24.671887990362297], [121.66370910060216, 24.672064449707314], [121.66368695982538, 24.672125455781917], [121.6634131434453, 24.67204785412989], [121.66268361172163, 24.671991459353595], [121.66176414740079, 24.672207854832443]]]}, "id": 508, "type": "Feature", "properties": {"空域類別名稱": "縣市政府限制使用範圍", "會商機關名稱": null, "主管機關名稱": "宜蘭縣政府", "聯絡方式": "承辦窗口：劉靖茹\r\n電子郵件：cjliu123@mail.e-land.gov.tw\r\n電話：03-9251000 #2268", "主管機關": "5", "空域說明": "本區每星期六、日全日及星期一至星期五下午5時至上午8時禁止遙控無人機飛航活動。", "三級機關": null, "有效日期起": null, "罰則": "罰款3萬-15萬\n註冊/地點/操作限制\n得沒入遙控無人機", "last_edited_date": null, "空域類型": 7, "SHAPE__Area": 2000508.84113418, "會商機關": null, "空域顏色": "黃區", "有效日期迄": null, "限制區": "黃區", "created_user": null, "空域類別": 7, "空域名稱": "宜48 三星都市計畫", "last_edited_user": null, "條件": "限制", "countyid": null, "created_date": null, "二級機關": null, "SHAPE__Length": 6585.317225311404, "objectid": 508}}, {"geometry": {"type": "Polygon", "coordinates": [[[121.78075983814286, 24.69940712602542], [121.78076110027578, 24.699443231640867], [121.78076218723726, 24.69947482486188], [121.78081908562909, 24.701103936633075], [121.78083709774882, 24.701647070353857], [121.7808379583349, 24.70167406012286], [121.78083917195885, 24.701710165897335], [121.78087852625309, 24.703195267042783], [121.78088972375312, 24.70333524870333], [121.78090465195655, 24.7038115886531], [121.78090858208591, 24.70393471305592], [121.78104867794772, 24.7044827171438], [121.7810824689754, 24.704703281147292], [121.78103652194527, 24.70484706819628], [121.78094823192586, 24.70511069925345], [121.78096644257336, 24.705823957854538], [121.78097649561967, 24.70587282523158], [121.78098708316361, 24.706158308913906], [121.78120235364165, 24.712547480707276], [121.78121565769105, 24.7126339381499], [121.78122078976628, 24.712747146249054], [121.78004613293778, 24.71273831421266], [121.77911357657003, 24.712652161226913], [121.77690425996022, 24.712263404664473], [121.77634497605086, 24.712200532352274], [121.77541381297007, 24.71202662367466], [121.77318153542164, 24.711652273346115], [121.77244736210282, 24.71147472268055], [121.77128934117519, 24.71131731765443], [121.77071757517488, 24.711212414862047], [121.77060012584143, 24.711193931253256], [121.77005472988633, 24.711111659167585], [121.76857913025115, 24.71093651264552], [121.76713135593191, 24.710809753923854], [121.76668462194449, 24.710799431631745], [121.76635861973465, 24.710733823975158], [121.76530974591059, 24.71067717169183], [121.76447244509895, 24.710567744137197], [121.76319654274805, 24.710333569679513], [121.76234858971372, 24.710079158108996], [121.76236016720105, 24.710044469810494], [121.76234761683826, 24.709994508916257], [121.7623461022787, 24.709886854880462], [121.7623398553942, 24.709445317226574], [121.7623361911661, 24.709184329608778], [121.76233166455542, 24.708863128645202], [121.76232730323468, 24.708552490889254], [121.76232557128283, 24.708430258121634], [121.7623251787191, 24.708398389707785], [121.7623255497233, 24.708353878698347], [121.76232776227381, 24.70823830733819], [121.76233410527806, 24.707916509015735], [121.7623389705536, 24.70766071496943], [121.76234451315895, 24.70736979801652], [121.7623465442498, 24.70726497024197], [121.76234699520408, 24.70724167525964], [121.76234865529071, 24.70715725264032], [121.76234902988816, 24.707137678146704], [121.76232896332134, 24.706943771672222], [121.76223142424783, 24.706001424359712], [121.76220632531879, 24.705758603012324], [121.76218879200104, 24.705589502717714], [121.7621690470311, 24.70539894062351], [121.7621570581153, 24.705263114376205], [121.7621383417164, 24.705048369296318], [121.76212274067485, 24.704869567117942], [121.76210298312851, 24.704643421309953], [121.76208810882402, 24.704472862767187], [121.76207514703276, 24.70432414360333], [121.76206750236975, 24.704237241329626], [121.76204933214643, 24.704028420185903], [121.76203179882877, 24.703826818744115], [121.762012889292, 24.70361014681652], [121.7619910018401, 24.703358822708072], [121.76199113029918, 24.703314989712922], [121.76199380907538, 24.702492366151635], [121.76284394411758, 24.702424921949504], [121.7629084171038, 24.702418566893794], [121.76290927229996, 24.702345102197963], [121.76289577511284, 24.702257567688854], [121.76285704065607, 24.701558264660715], [121.76286938171145, 24.701477664145838], [121.76290345660682, 24.701109364644054], [121.76292378997326, 24.70087005940212], [121.76325953710736, 24.70043842772072], [121.76353997586769, 24.69996126200855], [121.76345247456908, 24.69988898577733], [121.76353099720643, 24.699755687599982], [121.7637786654252, 24.699061149800887], [121.76424375199385, 24.69859509785032], [121.76430992728756, 24.698595048882144], [121.76445436470715, 24.698436569047185], [121.76454454927348, 24.69838121780577], [121.76468327071294, 24.69829609709564], [121.76473420608788, 24.698238147207427], [121.76484000157718, 24.69811771288128], [121.76485384371738, 24.69803792383147], [121.76486948158987, 24.69785560871325], [121.7648467030092, 24.69771799994803], [121.76483585225886, 24.697664607944507], [121.76475547909207, 24.69757870814468], [121.76474031642842, 24.697523080665768], [121.76471868409804, 24.697443802957128], [121.7647027120523, 24.697385140994975], [121.7646763276341, 24.697288267123366], [121.76463701196741, 24.697225947126345], [121.76458916769532, 24.697158840405468], [121.7645752851309, 24.697139279847274], [121.76450292583478, 24.697037473813165], [121.76449108424269, 24.697020756689632], [121.7643455562684, 24.69681619598099], [121.76411097829991, 24.696642061782843], [121.7640247032017, 24.696657758771345], [121.76398431135325, 24.69666527794886], [121.76367444917412, 24.696305995746467], [121.763597445588, 24.69611435763562], [121.7634648937779, 24.695784688826468], [121.76344392260758, 24.695732613268188], [121.7634074294475, 24.69554943536426], [121.7633414320202, 24.69521798420343], [121.76333989590104, 24.69518639316751], [121.76333029919891, 24.694989897185035], [121.76331584530595, 24.694693664359754], [121.7633099658324, 24.69457208398004], [121.76343642706486, 24.694259245298028], [121.76346826066361, 24.694180536828043], [121.76348111106375, 24.69414869170176], [121.76349415819494, 24.694116575600457], [121.76350408727377, 24.69409187761915], [121.76351508804271, 24.694064737665325], [121.76349085059802, 24.693719891688634], [121.76347613709201, 24.69351078276242], [121.76348621529121, 24.69310500313454], [121.76366549386907, 24.693108515122397], [121.7634286108236, 24.69251725510777], [121.76337643397692, 24.69245733473095], [121.76333514740645, 24.692413935370613], [121.76341974894329, 24.69233297635123], [121.76345697063711, 24.69230335483567], [121.76348193032723, 24.69228345561779], [121.76354117062702, 24.692236279743017], [121.76365455688047, 24.69225927636204], [121.76370708407008, 24.69226992421309], [121.76375108265438, 24.69227884584814], [121.76416655437161, 24.69236306879379], [121.76417245091311, 24.692333390152974], [121.76418000394803, 24.69230149966489], [121.76424291117077, 24.691977409147796], [121.76426198779414, 24.691881071382866], [121.76428573296201, 24.691837209047645], [121.76434739242485, 24.69172318371717], [121.76447981218253, 24.6914770420569], [121.76453631980715, 24.69137174629374], [121.76471586428634, 24.691039907758768], [121.7648617318239, 24.690763659684627], [121.76490154066575, 24.6906895596515], [121.76493094701652, 24.690688236611134], [121.76523685032025, 24.69067451731004], [121.76565759424986, 24.690655428306723], [121.76570045826195, 24.690658230280068], [121.7663351162136, 24.690702563154375], [121.76652206011576, 24.69071507367856], [121.76654459165974, 24.690712851199695], [121.76662597812617, 24.69070484276656], [121.76679411310292, 24.690688292928108], [121.76704063057986, 24.690664030111694], [121.76720449406746, 24.690647898972273], [121.76740426681019, 24.69062834310528], [121.76765252701875, 24.69062562030151], [121.76773428269274, 24.69062473228875], [121.76776121867658, 24.69063615076105], [121.76799253576054, 24.690374034119714], [121.7681761558962, 24.69017417273832], [121.76819502231378, 24.690158551655053], [121.76893215917468, 24.689650842937084], [121.76909635773387, 24.689579212048514], [121.76896864604657, 24.689557688983427], [121.76884223781477, 24.689521835972556], [121.76882538362341, 24.689501155211364], [121.76882465598801, 24.689413648406973], [121.76882424725456, 24.689300291772835], [121.7688022852425, 24.689250236041307], [121.76878212255593, 24.68918002673884], [121.76873519636214, 24.689023670104635], [121.76862899393596, 24.6890301956129], [121.76763576715052, 24.68909989324352], [121.76751136755165, 24.6891143611716], [121.7674435690022, 24.689121880804343], [121.7673398962319, 24.68914454335693], [121.76727479622157, 24.689153265247242], [121.76722936931596, 24.689167334864628], [121.76715901775447, 24.68917693579826], [121.76710684000955, 24.68918900164791], [121.76706253959127, 24.689198320991732], [121.76702461631328, 24.689209897937], [121.7667241918345, 24.689274218361167], [121.76662832811893, 24.689294135199702], [121.7665811719564, 24.689323221189294], [121.76650597039072, 24.68937311038743], [121.76646642206032, 24.68938090669512], [121.76633235299578, 24.68940566600861], [121.76610126408386, 24.689403979747308], [121.76590458334228, 24.689391177709435], [121.76579795421641, 24.6893721440109], [121.76578469238785, 24.68926409098793], [121.76576641077345, 24.68911481905873], [121.76575058874639, 24.688960083314146], [121.76588292496078, 24.688935480622387], [121.76588144633384, 24.688862070007286], [121.76588252790539, 24.688766395853587], [121.76588398676942, 24.688683909801355], [121.76587851513105, 24.688574490676398], [121.76588586335009, 24.68854526820633], [121.76589510162445, 24.688508764391173], [121.76595266027799, 24.688506131323347], [121.76607641937805, 24.68849194328199], [121.76615709258213, 24.688478603273136], [121.76613620315848, 24.68829525228145], [121.76612419178483, 24.688188327135176], [121.76611994994006, 24.688148928138457], [121.76611112399239, 24.68807328800451], [121.76610371468793, 24.688000299675927], [121.76608684792015, 24.68784083834498], [121.76607165830706, 24.687691797330295], [121.76600235058791, 24.687513255098388], [121.76598855605843, 24.687488915756454], [121.76593359263775, 24.6873941391952], [121.76588596575805, 24.687270857241593], [121.76580239638545, 24.68724800009025], [121.76576397005088, 24.687203722305686], [121.76574217782034, 24.68708930013824], [121.76553902202224, 24.687065502677953], [121.76554748684715, 24.68687896637794], [121.76550522021473, 24.68680283982641], [121.76533616626142, 24.686802640670393], [121.76528808393586, 24.68679251717738], [121.76515025362518, 24.68681014085348], [121.76497361699252, 24.686842924867513], [121.76484429821916, 24.686867891187013], [121.76475335277982, 24.68689533960411], [121.76471720367448, 24.68689998303759], [121.76468299942175, 24.68690433100194], [121.76462957930667, 24.68690281774387], [121.7644713805953, 24.68694587376558], [121.76421769635905, 24.686965871781144], [121.7641818445961, 24.686985146629706], [121.76396726132923, 24.68701795834891], [121.76383341774176, 24.687036163952047], [121.7635907225964, 24.687051843377706], [121.76327484439976, 24.687176238859422], [121.76308139399997, 24.687154743130556], [121.76304806380799, 24.68711356609918], [121.76276896174079, 24.687105177896534], [121.76258069462017, 24.687123883008173], [121.76246676937754, 24.687175759743706], [121.76240756321377, 24.687208734654845], [121.76232981133099, 24.687246246870497], [121.76219696577184, 24.687295896118094], [121.76193885463788, 24.687302843697353], [121.76150908533458, 24.68728593672333], [121.76143767376104, 24.687283469320317], [121.76121027512839, 24.68727461997036], [121.76085708810137, 24.687260851320886], [121.76056119741983, 24.687249735353355], [121.76010674420915, 24.68723536025681], [121.75942874793502, 24.68721588221055], [121.75935559542646, 24.68721404736929], [121.75934808012079, 24.687166117029175], [121.75930918127236, 24.68691323996168], [121.75928355143903, 24.686746619047003], [121.75922817209837, 24.686385895377587], [121.75922486360318, 24.686361732118197], [121.75921436499245, 24.68629576877958], [121.75920441076082, 24.686229735211388], [121.75917652705438, 24.686049911055083], [121.75914919401521, 24.68605279720247], [121.75912147290387, 24.68605639590815], [121.7590396552461, 24.685502074022107], [121.75903803738024, 24.68535752270068], [121.7590540202058, 24.685311446921542], [121.75907698024615, 24.685240735055395], [121.75907803217335, 24.68519709729343], [121.7590739978394, 24.6851379039178], [121.75907074503976, 24.685078669702815], [121.759069472127, 24.685042999054087], [121.75906896727383, 24.684984096181427], [121.75906777610777, 24.684925208789203], [121.75906649870342, 24.68489273688523], [121.75906593905302, 24.684860247832074], [121.75906712123593, 24.684818705189592], [121.75906623819199, 24.684774571830413], [121.75906737815411, 24.684721129388688], [121.75906917478466, 24.684678550907606], [121.75907015664325, 24.684639792356247], [121.7590706605981, 24.684588854043373], [121.75906616003857, 24.68449779074841], [121.75906369685808, 24.684418947965586], [121.75903824309445, 24.684129312093155], [121.75903560384417, 24.684087725130635], [121.75903213005901, 24.68404618876056], [121.75902790797711, 24.683980696794777], [121.75892028172126, 24.683957596619276], [121.75858847010643, 24.68365128320211], [121.75854928918704, 24.683570415622633], [121.75852168126337, 24.68352267079925], [121.7584828668566, 24.68344969286584], [121.7584010959112, 24.68339703915586], [121.75812110361355, 24.6834907356125], [121.75817043100416, 24.68323422781482], [121.75817301905046, 24.68278157972794], [121.75805761967247, 24.682632393903265], [121.7579151127324, 24.682183776690266], [121.75774929720569, 24.681983587922016], [121.75762799320131, 24.68194605861401], [121.75749105401937, 24.681900373371736], [121.75735681966475, 24.681855589247878], [121.75730000930793, 24.68181637027241], [121.75726349189331, 24.681783282925384], [121.7570475602552, 24.681665070029617], [121.7568273167037, 24.681568050889837], [121.75680644165314, 24.681554078364393], [121.75671200805554, 24.6815310609965], [121.75662196093143, 24.681330792820283], [121.75634390629985, 24.6812993190692], [121.75629178065722, 24.681073403108982], [121.7562003393478, 24.680972423873353], [121.75606657032056, 24.680829992004497], [121.75572931132182, 24.680645509046567], [121.75568438567616, 24.680581852681975], [121.75571562459017, 24.680352156159035], [121.75557404111822, 24.68024308805709], [121.75558951909056, 24.680128674193295], [121.75574016207214, 24.680141673084083], [121.75584840996218, 24.68013916309428], [121.75591353512536, 24.680105121097633], [121.75598299915133, 24.68005019106569], [121.75598784556232, 24.680019716906887], [121.75596145844911, 24.67998827384261], [121.75552176815188, 24.679857789244846], [121.75547744797068, 24.679845265387076], [121.75545288623417, 24.679752261643728], [121.75567107803357, 24.679429830607223], [121.75567770221043, 24.679360867103178], [121.7556737424367, 24.679333978615507], [121.75556227318799, 24.679312325628285], [121.75545112373959, 24.679285135929273], [121.75537073979304, 24.67933205386938], [121.75523863983555, 24.679516858744993], [121.75513471194368, 24.679554378989064], [121.75503479682627, 24.67951828965041], [121.75493999222438, 24.679402184643557], [121.7549568464158, 24.679101493069624], [121.75495894308362, 24.67906022440545], [121.75495520339709, 24.67901458789786], [121.75494808335016, 24.67898544318069], [121.7549527267419, 24.678935868984766], [121.75493248500356, 24.67887644734709], [121.75492373181946, 24.678856740256798], [121.7549056909536, 24.678816842837644], [121.75489432457033, 24.67879083661583], [121.75486934691384, 24.678731866304204], [121.75486617226763, 24.678659691221622], [121.75488319624056, 24.67857828085195], [121.75488581482962, 24.67853264416797], [121.754889927317, 24.678460824046574], [121.75500479758732, 24.67840814210911], [121.75508968029686, 24.678369211824553], [121.75508495695505, 24.67828652135549], [121.7550916431157, 24.6780620920788], [121.75508522824632, 24.678024374664446], [121.75507437390272, 24.677961649959574], [121.75499444270704, 24.67798397823742], [121.75492718314676, 24.677875770046853], [121.75488062975379, 24.677801220749334], [121.75485860575795, 24.677705377300946], [121.75491081674058, 24.677629715321054], [121.75487878820746, 24.67758806007239], [121.75486807220442, 24.677453627908612], [121.75506083090148, 24.677377166642824], [121.75504569518722, 24.677283436205897], [121.75501141457767, 24.677225874889906], [121.75489685692108, 24.6769909643347], [121.75479809973204, 24.676897738067318], [121.75469879097732, 24.676805003130028], [121.75457065798018, 24.67667172923906], [121.75455036863116, 24.67659957581989], [121.7545736502684, 24.67634627407624], [121.7545828732714, 24.676325657248128], [121.7544314577387, 24.676159415631574], [121.75439614226994, 24.676094404395318], [121.75436446318145, 24.67605571500835], [121.75415144657644, 24.675945700339987], [121.7541036454235, 24.675921003655965], [121.75398035704065, 24.675757354022867], [121.75396271143354, 24.67573393070726], [121.75391221174151, 24.675604469362355], [121.75388929482037, 24.675575673218887], [121.75385489742976, 24.675500690730406], [121.75387148122824, 24.675335113289098], [121.75384129873304, 24.67518992408622], [121.7538106140795, 24.675044823689937], [121.75378475876906, 24.674752889402832], [121.7537341117533, 24.67475282001799], [121.75371269412028, 24.674712180908625], [121.75370812708539, 24.67459368540209], [121.75370227006971, 24.674471215247728], [121.75369727723337, 24.674155170317185], [121.75371701232187, 24.67399177713314], [121.75379991604282, 24.67399363176011], [121.75381348689183, 24.67379884598257], [121.75385881138945, 24.673751527606875], [121.75386830658202, 24.673600495120258], [121.75385659973726, 24.673516500306608], [121.75389409811216, 24.673387946019247], [121.75395727572776, 24.67332526959307], [121.75392102421449, 24.67323837590562], [121.75386614433717, 24.673107028759468], [121.7537948100187, 24.673132201088926], [121.75364800104678, 24.673110822118893], [121.75358415508461, 24.673101165255733], [121.75351790702734, 24.673022719336657], [121.75348812967229, 24.672896583249933], [121.75348596293583, 24.672776992985916], [121.75349821236304, 24.672721071180128], [121.75351110678066, 24.672665270978865], [121.75345795885517, 24.67253347099531], [121.7535165047572, 24.67239192089533], [121.75356140794499, 24.672313912071335], [121.75363106690537, 24.67217832485929], [121.75371900658178, 24.67188076764356], [121.75377147807582, 24.671741482884514], [121.75381435017276, 24.67157392007739], [121.75386595030103, 24.67144734824658], [121.75387534308562, 24.671391745839788], [121.75392812360016, 24.671079536322544], [121.75400614138428, 24.671027548401284], [121.754034971915, 24.670922503934552], [121.75406080207267, 24.67089342099902], [121.75419827485388, 24.670535391850084], [121.75432381980468, 24.670582611038576], [121.7546805713468, 24.67071722693352], [121.75512504068132, 24.67088486517638], [121.75558151959301, 24.67031507512827], [121.75577256699937, 24.67007010670513], [121.75588923030703, 24.669902704917554], [121.75593450719401, 24.66980374438656], [121.7559458511194, 24.66977894934371], [121.75627340382144, 24.6699979029363], [121.75665468026905, 24.670130031311718], [121.75678819686969, 24.670133619048453], [121.75683414300158, 24.670136300667306], [121.75686096310265, 24.670141091662938], [121.75697698141992, 24.670117607701034], [121.75708414594179, 24.670092473130357], [121.7571959763132, 24.670063785917833], [121.75738781064375, 24.67013202885252], [121.75761669059837, 24.670309461287555], [121.75783659279003, 24.670427917599365], [121.757998197913, 24.670460643880553], [121.7583371053203, 24.67048663632937], [121.75887664605632, 24.67053182861447], [121.75924329703282, 24.67057841107518], [121.75942842723646, 24.670627497169246], [121.75957067636003, 24.670648815340964], [121.7597312645901, 24.670653157341498], [121.75992489016139, 24.67072339666878], [121.76033189705366, 24.67081817610647], [121.76042429237391, 24.670805887256776], [121.76048782392577, 24.67079787917749], [121.76072333524374, 24.67066481764071], [121.76082779044671, 24.670581187377543], [121.76093190878142, 24.67042831596371], [121.76130507523862, 24.670173476796737], [121.76157479889424, 24.67015939524006], [121.761795111616, 24.670253045317256], [121.76216422667127, 24.67021130678891], [121.76222080077129, 24.670256388970337], [121.7622900393201, 24.670259656705408], [121.7622683944133, 24.67020287091877], [121.76227755902582, 24.670145279396237], [121.76211889408881, 24.669969645088187], [121.76203796486485, 24.669860469946876], [121.7619467256764, 24.66973737228906], [121.76188633014318, 24.66967078791162], [121.76182434728692, 24.66960245166348], [121.76167988740941, 24.66949025905792], [121.76156020306755, 24.66940611698651], [121.76147994578338, 24.669355370001824], [121.76127907979095, 24.669276497236474], [121.76125065529872, 24.669255315973324], [121.76128287068144, 24.669199830140744], [121.76134274609004, 24.66913641119979], [121.7615918498167, 24.6689604301637], [121.76173312606474, 24.66885346966073], [121.76203654103512, 24.66862255887449], [121.76209389577105, 24.668581464703227], [121.76229339901926, 24.668437061114886], [121.76233856002354, 24.6684061628902], [121.76242977765246, 24.668359128185656], [121.76235459135812, 24.668257502730313], [121.76225048110825, 24.668116785338334], [121.76224612787237, 24.668042783683365], [121.76221324234643, 24.667994659032786], [121.76217887280369, 24.66777557294275], [121.76216580680791, 24.667709877326867], [121.76217252081636, 24.667644045347853], [121.76219002269299, 24.66747248268638], [121.76231287179967, 24.667427431336137], [121.76232060000609, 24.66738058891891], [121.76233216222207, 24.66730943340771], [121.76238178156514, 24.66722296574145], [121.7617630732014, 24.666990660888906], [121.7615199001523, 24.666935286704444], [121.76133815030907, 24.666919212904393], [121.76124505520121, 24.66699069599167], [121.76086162998344, 24.666945655079903], [121.76071325973956, 24.66692453627945], [121.76067288136583, 24.66692378769261], [121.76045570017118, 24.66705543686556], [121.76045611339624, 24.66698983393353], [121.76044569563388, 24.665731176201884], [121.76044481887813, 24.66562116140705], [121.76044464999488, 24.665604044956225], [121.76044364298346, 24.66548240273722], [121.76043738531914, 24.664715455721794], [121.76043652563145, 24.664607245816384], [121.76042913519161, 24.66372893485662], [121.76042891240938, 24.663701851153323], [121.76042680586005, 24.663447020288118], [121.76042551767597, 24.663291207741697], [121.76042500294129, 24.66322570161092], [121.76042446485043, 24.6631639327783], [121.76042380638535, 24.663084234832056], [121.76042347221204, 24.66304382621909], [121.76042321080227, 24.663012400100783], [121.76042226218134, 24.662897889610086], [121.76042130008571, 24.662781560140942], [121.76042104496413, 24.662718738786417], [121.76042431662844, 24.662538242324427], [121.76041445761817, 24.661954413310724], [121.760412092354, 24.66166831896111], [121.76041189741964, 24.661644670128755], [121.76041138537988, 24.66158281397739], [121.76040623174515, 24.660912412937492], [121.76041203576018, 24.660804161364084], [121.76039741837387, 24.659893995068682], [121.76039713899779, 24.659860140214597], [121.76039679314644, 24.659817741015612], [121.76039499921083, 24.659600723998466], [121.76039435422045, 24.65952372521694], [121.7603937667222, 24.659452129271802], [121.76039345410848, 24.6594143066305], [121.76038999559468, 24.65899606724777], [121.7603896227938, 24.658950846292385], [121.7603825153233, 24.658098425238155], [121.76038184518008, 24.658017077374843], [121.76037985631002, 24.65777002910297], [121.760378896011, 24.6576540393763], [121.76037844864999, 24.65759987095979], [121.7603770499731, 24.65743077881013], [121.7603752210032, 24.657208909002], [121.7603740406169, 24.657066294880835], [121.7603722709358, 24.656852378700197], [121.7603719134063, 24.65680959639977], [121.7603702497264, 24.65660850885963], [121.76036756466199, 24.656283464261676], [121.76056962721046, 24.656121719687846], [121.76055246130373, 24.6559633736403], [121.76047916506468, 24.655287572007957], [121.76045370591127, 24.654985894852633], [121.76045135412183, 24.654770446763102], [121.76035750083594, 24.653809931380454], [121.76035738315659, 24.653764057851888], [121.76036632588529, 24.653702469665983], [121.76037185681247, 24.65367764203219], [121.76051474194321, 24.653036435042694], [121.760637485947, 24.65248558486179], [121.76069854174192, 24.652226061061107], [121.76070084681895, 24.652201254361113], [121.76070609477684, 24.65217769925846], [121.76071735156569, 24.652127191832427], [121.76078065674206, 24.651843102998793], [121.76084221110196, 24.651585115225977], [121.7608458888047, 24.651550341251802], [121.7608845693625, 24.651376744744653], [121.76094246937589, 24.6513720999887], [121.76105572088204, 24.651363012954693], [121.76133624588064, 24.6513404929465], [121.7614838893875, 24.6513286504071], [121.76172910520552, 24.651308970806607], [121.76192593866075, 24.651293166870246], [121.7620538740285, 24.651282904148747], [121.76226054223939, 24.651266318054066], [121.76259023742347, 24.651239853778144], [121.76271915914144, 24.651229502876095], [121.7628323333925, 24.651220415015246], [121.76294551572839, 24.651211336134644], [121.76318170617284, 24.65119237825412], [121.76330473404425, 24.65118249925407], [121.76346511296686, 24.651169623078584], [121.76349563322863, 24.65116717537225], [121.76364463319153, 24.651152748763224], [121.76381834401126, 24.6511390463407], [121.76390636902765, 24.651132108177308], [121.76394057238213, 24.651129405738875], [121.76500066436739, 24.65128355240659], [121.76509597831402, 24.651297413203704], [121.76535938681319, 24.651335715108605], [121.76547646334583, 24.651352742074444], [121.76587032968222, 24.651412150695485], [121.76592182021598, 24.651428766162777], [121.76599838542425, 24.65145346606201], [121.76636837274373, 24.65157282039996], [121.76640864062463, 24.65158581573466], [121.76643370272272, 24.65159390015968], [121.76649804814821, 24.651614654971358], [121.76654714287511, 24.651630493157626], [121.76678891994229, 24.65163016331451], [121.76738758868866, 24.651629328092913], [121.76743331563151, 24.651635586131377], [121.7676313797786, 24.6516626708202], [121.76779258515135, 24.65168471560045], [121.76808567308923, 24.651724802130435], [121.76831037228447, 24.65175554201336], [121.76842773987131, 24.651771590007446], [121.7694464249119, 24.651900664595537], [121.7700630851168, 24.651991825167727], [121.77031688613401, 24.65201734711148], [121.77052833877214, 24.65204642628209], [121.77061769239681, 24.65206806604006], [121.77066920359184, 24.652079461099955], [121.77112812681933, 24.652155179397216], [121.77124535606556, 24.652174276742738], [121.77127982621965, 24.652176388872576], [121.77142638007007, 24.652199525141928], [121.77162111865398, 24.652230268990163], [121.77197650296016, 24.65228636898246], [121.77212742801271, 24.652310195938803], [121.77220923309412, 24.65232311118571], [121.7721249747137, 24.653177029829962], [121.77212183240685, 24.65320890338084], [121.7720334345896, 24.65410483911428], [121.77203220479599, 24.654124083934853], [121.77204521329962, 24.654259396036235], [121.77204886495122, 24.654297394954778], [121.77208753472927, 24.654699595118686], [121.77216076988284, 24.655461268394816], [121.77218015732326, 24.65576601412677], [121.77217781002545, 24.655851228369574], [121.7721696748822, 24.655896086326678], [121.77215023444114, 24.656003270204522], [121.77210906285504, 24.6562302986223], [121.77206318230023, 24.656353489614027], [121.77200986998308, 24.656431353298867], [121.77199579787415, 24.656474002653823], [121.77199719475443, 24.656529266366576], [121.77201433730498, 24.656577785683538], [121.77205321728881, 24.65663668564339], [121.77208345188633, 24.656683718235396], [121.77210476441648, 24.656741707848187], [121.77213537091652, 24.656808508942287], [121.77218477915541, 24.65702951080399], [121.77220592459886, 24.6570553901209], [121.77224064628129, 24.65717688462075], [121.77230731205515, 24.657263881748644], [121.77236805343969, 24.657304813916774], [121.77238679499148, 24.65732675891549], [121.77241197836216, 24.65736903486703], [121.77243641702947, 24.657409268973876], [121.77244576579658, 24.657469158840893], [121.77245991695726, 24.657559774886764], [121.77254231582504, 24.657758361883836], [121.77256159097607, 24.657846748940297], [121.77260335006036, 24.657931787868893], [121.77265415068801, 24.657954764689535], [121.77283934467204, 24.658028557613836], [121.77287521529966, 24.65807802908821], [121.77289867839653, 24.658147127635285], [121.77297983938581, 24.6582920648118], [121.77303405989976, 24.658368074877206], [121.77301305100023, 24.658457002774256], [121.77299909028241, 24.65851611084531], [121.77311090807738, 24.65872228228194], [121.77311794278438, 24.658768895276506], [121.77311178842635, 24.658796056791694], [121.77313281708885, 24.65891412808263], [121.77313891125971, 24.65894837261396], [121.77337665399293, 24.65893330521727], [121.77342961417048, 24.658915209806985], [121.77352426516038, 24.658893762272616], [121.77356488068936, 24.658891328596486], [121.77619880757773, 24.658873733630866], [121.77622013178598, 24.658895245663917], [121.77635075940464, 24.658962982827397], [121.77654773030206, 24.659065130998012], [121.77672925017656, 24.659159256380022], [121.77702040583827, 24.659310232874248], [121.7771492655725, 24.659376740325072], [121.77718541288125, 24.659317190176548], [121.77726333993552, 24.659357213842412], [121.77728974232001, 24.659370664730275], [121.77731541706912, 24.659383746607205], [121.7774736310519, 24.659464357193997], [121.77752312373254, 24.659489569830193], [121.77756626532401, 24.659511556080794], [121.77761821130363, 24.659538020235857], [121.77767047438856, 24.65956464439806], [121.77774140266845, 24.659600787677], [121.77781130237734, 24.65963639376018], [121.77788119130645, 24.659672000649575], [121.77795840420002, 24.659711344148363], [121.77813960876587, 24.659803667270424], [121.77831219130164, 24.659891584270916], [121.77841167702445, 24.659942273875636], [121.77863273894114, 24.660054897139634], [121.77857670383031, 24.660161504342025], [121.77802608596848, 24.66120900522765], [121.777864322742, 24.661516731402806], [121.77761947702987, 24.66204511181937], [121.77746272730103, 24.662518181612676], [121.77727516356127, 24.6634717129109], [121.77712787668561, 24.664179450369165], [121.77698148632854, 24.66482461577303], [121.77695406794948, 24.66494235971564], [121.77685013107444, 24.665388739282506], [121.77656240967211, 24.66661929370193], [121.77631112483603, 24.666543905819797], [121.77629462907245, 24.666614975234996], [121.77626263108206, 24.66661021104335], [121.7762017468653, 24.666870575972915], [121.77603068787228, 24.66755092474884], [121.7760166103735, 24.66760697295597], [121.77597155806534, 24.66783047409489], [121.77667290335036, 24.668094270802094], [121.77671307511156, 24.668106045627496], [121.77675292617418, 24.66811926781467], [121.77690414677252, 24.668170265917087], [121.77719502485479, 24.668266977109546], [121.77722070229882, 24.66827493310589], [121.77729719833685, 24.668302979907327], [121.77733093456737, 24.66831683391632], [121.77736526997418, 24.66833214426388], [121.77739943200606, 24.668347751755135], [121.7774315117432, 24.66836320903901], [121.77745684423422, 24.66837392097234], [121.77803333627118, 24.668567236843298], [121.77850929065814, 24.67062621799719], [121.77858403408302, 24.67092605981214], [121.77869401661994, 24.671358889192614], [121.77877820133845, 24.671691194801046], [121.77879331728974, 24.67175096516226], [121.77880576344799, 24.671800162629545], [121.7788198768794, 24.671855946891647], [121.77883620106478, 24.67192047626509], [121.77884644724888, 24.671960974246055], [121.77886751184403, 24.672044305631072], [121.7788748950973, 24.67207381767713], [121.77888294669721, 24.672105471712218], [121.77890374539099, 24.67218722507554], [121.7789168751672, 24.672238791298263], [121.77894345182484, 24.67234629908994], [121.77895818599218, 24.672405090384544], [121.77903205894954, 24.672697245671916], [121.77903895082443, 24.672767473236146], [121.77909532909165, 24.67294559496435], [121.77913701810736, 24.673109138086105], [121.77918319869946, 24.67328733279352], [121.77919165094795, 24.673318748160575], [121.77919989299072, 24.673349087634616], [121.77921313325966, 24.67339750327151], [121.77922418702923, 24.67343778526954], [121.77923482667545, 24.673476716277296], [121.7792457537826, 24.673516355821466], [121.77925637186925, 24.673555135789204], [121.77926743641862, 24.673595025096162], [121.77927834106785, 24.673634714397004], [121.77928939214249, 24.67367402982021], [121.77930028870688, 24.67371349869519], [121.7793113254084, 24.673752916947166], [121.77932267023215, 24.673792122132816], [121.77933395576707, 24.67383133220395], [121.77934490892528, 24.673870663074815], [121.77935624027434, 24.673910340043463], [121.77936772972681, 24.673950474942345], [121.77939562241636, 24.67404921831365], [121.77940383301812, 24.674080007389374], [121.77942789529129, 24.674164484254444], [121.77943887360236, 24.674201131856243], [121.77945010793331, 24.674237837404274], [121.77978340176834, 24.675359444392072], [121.77980991284903, 24.675427082009], [121.78003074210203, 24.67544498238065], [121.78007674931932, 24.675448795259868], [121.78013238108657, 24.675523119852205], [121.78014144239282, 24.675614441934577], [121.78014437090063, 24.675663676243357], [121.78021308124008, 24.67578865775297], [121.78022564238269, 24.675811955350415], [121.78024223426601, 24.675842792968044], [121.78025831231292, 24.67594341964164], [121.7803342343275, 24.676387505273404], [121.7804720475702, 24.676666837275615], [121.78046618516468, 24.676903404669577], [121.7804592573572, 24.67717349690177], [121.78044811375607, 24.677595831812614], [121.78044606829219, 24.677668837660683], [121.78044366170552, 24.677754667106985], [121.78043734026089, 24.677981446981146], [121.78043602063575, 24.678029907347085], [121.78042628918625, 24.678387399100288], [121.78042259531378, 24.678519396964152], [121.7804206315966, 24.678602005652085], [121.78041277762604, 24.678883326013054], [121.78040014192325, 24.67932021806786], [121.78039119110979, 24.679637773049837], [121.78038929027467, 24.679713847654885], [121.78038695555321, 24.67978675186301], [121.78038921840943, 24.679873800974374], [121.780391992407, 24.680017832984262], [121.78040177056887, 24.68106304978424], [121.78041573308337, 24.681227892341266], [121.78041609600272, 24.68132488562578], [121.78047632265265, 24.681558831374023], [121.78051794968457, 24.681457934156352], [121.78055066632724, 24.681310563718437], [121.78068918205248, 24.681170222652426], [121.78071473822398, 24.68113565282329], [121.7807563239334, 24.681083194036187], [121.78090489899321, 24.680608150749098], [121.78114230306154, 24.680187247959903], [121.78162560207429, 24.679746142146946], [121.7817892652376, 24.679408239672558], [121.78204090580658, 24.6791384942952], [121.78220275706798, 24.679079040103552], [121.78231666793751, 24.679067045106528], [121.78256463170204, 24.67904108709648], [121.78281991673614, 24.679038889713677], [121.78310025578347, 24.679023444364283], [121.78364218693649, 24.678916087623726], [121.78371687376749, 24.6788605179323], [121.78384384075147, 24.678817837865296], [121.78468119905534, 24.678635420350034], [121.7852339737722, 24.67889234410926], [121.7857326690106, 24.679143698790522], [121.78576678792338, 24.679156806347034], [121.7862260596972, 24.679334013714758], [121.78635733500131, 24.679384399116636], [121.7866455909012, 24.679386030823945], [121.78687700769818, 24.679414232665327], [121.78732776793474, 24.67939364164857], [121.78740547310514, 24.67937242210678], [121.78759477508495, 24.679309321783112], [121.78780669933853, 24.679241646275003], [121.78843870276847, 24.679334963843868], [121.78882864167039, 24.679392959253768], [121.78920473663545, 24.67944903315746], [121.7892700782926, 24.67945871320066], [121.78947361228144, 24.67948921361691], [121.78967272116923, 24.679518821036268], [121.7899521771727, 24.679560766228747], [121.7902413843885, 24.67960715920974], [121.79061658283491, 24.67965925538221], [121.79080665107765, 24.679688034257477], [121.79084187581657, 24.679691562132305], [121.79128398527695, 24.67975779914726], [121.79165285329549, 24.67981339619161], [121.79170303228896, 24.679821465727677], [121.79226644395705, 24.67990614440049], [121.79233538516357, 24.679916800653157], [121.7926613613223, 24.679965381073128], [121.79278468294277, 24.679983927269546], [121.79298263659709, 24.680013529673857], [121.7930271642891, 24.680020203396428], [121.79327229207226, 24.680056698269773], [121.79359129281279, 24.68010434565339], [121.79386176027349, 24.68014445325482], [121.79442058963532, 24.68022788610122], [121.79469261567306, 24.68026846872391], [121.79476272109612, 24.680279021281116], [121.79492859231839, 24.680303664861643], [121.79522546126529, 24.680347989174848], [121.79573905506271, 24.68042455228331], [121.79601013876766, 24.680464814870124], [121.79604380223462, 24.68046979565634], [121.7961034692341, 24.680478704259663], [121.79626211620483, 24.68050248338727], [121.79640012528023, 24.680523209719134], [121.7965704009424, 24.680548791943696], [121.79674076284275, 24.680573889308143], [121.79677613580365, 24.680578949266618], [121.79699922701462, 24.680612095703545], [121.7971934589487, 24.680641257181822], [121.79732931296574, 24.680661732084566], [121.79743796869093, 24.680677994300613], [121.79750563608637, 24.680688078293755], [121.79775730180815, 24.680725102719812], [121.7978379893853, 24.680737708930746], [121.79811295471058, 24.680779123965202], [121.79839104886803, 24.680820286763925], [121.79854960331234, 24.68084425029937], [121.7985773199321, 24.680840552676685], [121.79860516231601, 24.680837748033873], [121.79871853239985, 24.680824960625035], [121.79905444212893, 24.680786328210985], [121.7990865119846, 24.680799790664654], [121.79924503139459, 24.680914985065563], [121.79927279113352, 24.680935157910238], [121.7993087147617, 24.680961633845644], [121.7993391029711, 24.680989704730447], [121.79936726785023, 24.681016325946985], [121.79939229132079, 24.681036096363545], [121.7994225375964, 24.681023326116307], [121.7997881195777, 24.68105826981943], [121.79986925631248, 24.681065864216965], [121.80007310201677, 24.681044228671777], [121.8006895430327, 24.680976949170983], [121.80081882497511, 24.680890098362763], [121.8008769396858, 24.68085114436558], [121.80093573621777, 24.680811626325735], [121.801313264894, 24.68077906682753], [121.8015401793348, 24.68076033137873], [121.80177637876237, 24.680740822935665], [121.80177909706438, 24.680773855054156], [121.80178945463959, 24.680891339881963], [121.80179420582917, 24.68094521739505], [121.80180327881351, 24.68104823809626], [121.80180936579792, 24.681115738762458], [121.80182429130636, 24.68127574497217], [121.80182841996334, 24.68132233403109], [121.80184560383643, 24.681516206103016], [121.80187507396765, 24.681846342000963], [121.80190373561513, 24.682157803820473], [121.80193169657664, 24.682469318733787], [121.80195897481858, 24.68277763810707], [121.80213918225445, 24.68303988662904], [121.80221325463783, 24.683337903694454], [121.8023868432867, 24.683304917964506], [121.80242755224043, 24.683296767846556], [121.80247429966951, 24.683521926393187], [121.80252037965029, 24.68374720125456], [121.80253579114736, 24.68382031777337], [121.80269992143457, 24.684600745664444], [121.8027519976699, 24.68458755297639], [121.80299327796871, 24.68453689624087], [121.80300212996751, 24.68457209117358], [121.80300557320997, 24.68460823210414], [121.80301153712519, 24.684644865209314], [121.80310046943994, 24.68517152581737], [121.8031328914352, 24.685366391776082], [121.80313972761451, 24.685405509239388], [121.8032897229108, 24.68596852999766], [121.80330647110094, 24.686221475095316], [121.80330905914725, 24.686267021629643], [121.80331427566412, 24.686291605258926], [121.8033682527346, 24.686524318996465], [121.80344092194952, 24.686843274206662], [121.80351435113911, 24.68716208331513], [121.80353119904228, 24.6872596547567], [121.80358171939558, 24.68755972021116], [121.80319263658815, 24.687707462797963], [121.80315314664823, 24.68772248509239], [121.80305495090623, 24.687821594644596], [121.80298291500358, 24.68788061207769], [121.80280956261164, 24.68802667779863], [121.80279063241368, 24.68804254972409], [121.80275525855437, 24.68805453406305], [121.80271725712295, 24.68806746438239], [121.8022621948545, 24.688225954140776], [121.80209290284763, 24.68828462531211], [121.80192312395387, 24.688342109696464], [121.8018379663599, 24.688372630793015], [121.80161285573624, 24.688451459648228], [121.80133904474603, 24.688546685948886], [121.80080489390171, 24.6887330761017], [121.80074536973432, 24.688755265328744], [121.80064577801038, 24.688789865692836], [121.80055420015702, 24.688821819926943], [121.80042289880184, 24.68886769770435], [121.80022440256509, 24.68880259515066], [121.80018149363725, 24.68878863323052], [121.79984863009525, 24.688680193638593], [121.7997080554314, 24.68863448637823], [121.7994589822475, 24.6885536261126], [121.7991852476141, 24.688464799659954], [121.79909126586911, 24.68843430960169], [121.7989236842545, 24.688379918668875], [121.79876634612914, 24.68832801631601], [121.79871432019945, 24.688310707909018], [121.7986620427415, 24.688294041851737], [121.79844605181458, 24.688224439266335], [121.79822750607899, 24.688154013091843], [121.79794610612129, 24.688063415189625], [121.79791871558999, 24.688054630375245], [121.79776888558371, 24.68815808513539], [121.79770718929, 24.688152050936505], [121.79760670194567, 24.68803577195672], [121.79752773643897, 24.68803795693789], [121.79744269382934, 24.688052446210573], [121.79688090990851, 24.68749937465466], [121.79678028691865, 24.687399785731337], [121.79650404239234, 24.687513428134583], [121.7963019870304, 24.687665631350722], [121.79608927405596, 24.68798504806126], [121.79593971174768, 24.688169220610796], [121.7957937750399, 24.68834853566361], [121.79565042907339, 24.688490930375117], [121.79542672161814, 24.68891909460507], [121.79522848499452, 24.68895428095463], [121.79508986236976, 24.688821100038556], [121.79498148871559, 24.68852154121743], [121.79492741283045, 24.68829970630361], [121.79494204638638, 24.687964772699292], [121.79494457694055, 24.687906871875857], [121.79492526855185, 24.68785414985483], [121.79491702561083, 24.687227619317245], [121.79494553095138, 24.687033993645155], [121.79481044768886, 24.686801058849156], [121.79449787798747, 24.686708567979856], [121.79432396414846, 24.686214021401184], [121.79436620113647, 24.68601608125676], [121.79401573330986, 24.685544214727177], [121.7933599308131, 24.685130358741755], [121.7932406596962, 24.68570855101586], [121.79324512791642, 24.68579596574004], [121.79325011356624, 24.685890581088866], [121.7932496796799, 24.685990763792663], [121.79261575744857, 24.68601808425664], [121.79250896303265, 24.686021643784848], [121.79240229887243, 24.68602492090145], [121.7922956329156, 24.68602823964506], [121.79218737873732, 24.68603135515026], [121.79209955314697, 24.686020918982972], [121.79156962168949, 24.686039453667693], [121.78966709861388, 24.686108498364085], [121.78624365589702, 24.686197364041956], [121.78313318532685, 24.686271753237946], [121.78315439724567, 24.686694983732178], [121.78255648667736, 24.68651161460864], [121.78201985288955, 24.686664026366472], [121.78140958599458, 24.686655323074888], [121.78080456526081, 24.686901996634024], [121.78075318521981, 24.686701062077177], [121.78075886975898, 24.686547786809243], [121.78068070824439, 24.686392203910525], [121.78059417532972, 24.68624742589683], [121.78050722829167, 24.686126611051247], [121.78043226477953, 24.686076904202697], [121.78041647778676, 24.686048565111363], [121.78036585322886, 24.686113083059222], [121.78029676739361, 24.68619379064307], [121.78030362513253, 24.68644436417738], [121.78032034906816, 24.687014562091505], [121.78032407527998, 24.687030910813487], [121.78033057459106, 24.68721785091031], [121.78033259130888, 24.687275233760392], [121.78034901700387, 24.687742807017578], [121.7803613212283, 24.688093067096354], [121.780362280629, 24.688120236917865], [121.78036356521984, 24.688159863644625], [121.7804018289594, 24.68925045314976], [121.78040291232765, 24.68928150536814], [121.78044118325366, 24.69037317712037], [121.78044298796908, 24.690424899876042], [121.78045446484514, 24.69075247383742], [121.78048126338669, 24.691516932975635], [121.7804821266677, 24.691544736224277], [121.78050609641438, 24.69222773028195], [121.7805077187718, 24.692274081820774], [121.7805111979469, 24.6923725609297], [121.78051804939757, 24.69256825710678], [121.78051314459616, 24.69270366380743], [121.78053227871165, 24.693262733160843], [121.78054819416356, 24.693736787179617], [121.78055425060519, 24.693811375917324], [121.78060229699821, 24.694908561140984], [121.78060431012271, 24.694961998398227], [121.78060789260405, 24.69506128909349], [121.78060982577855, 24.695114128857], [121.78061362385561, 24.69521797114489], [121.78061563518354, 24.69527295978532], [121.78068024201876, 24.6971248503936], [121.78068132808193, 24.69715635279428], [121.78068259021492, 24.697192459062045], [121.78072463316688, 24.698396601994546], [121.78075983814286, 24.69940712602542]]]}, "id": 509, "type": "Feature", "properties": {"空域類別名稱": "縣市政府限制使用範圍", "會商機關名稱": null, "主管機關名稱": "宜蘭縣政府", "聯絡方式": "承辦窗口：劉靖茹\r\n電子郵件：cjliu123@mail.e-land.gov.tw\r\n電話：03-9251000 #2268", "主管機關": "5", "空域說明": "本區每星期六、日全日及星期一至星期五下午5時至上午8時禁止遙控無人機飛航活動。", "三級機關": null, "有效日期起": null, "罰則": "罰款3萬-15萬\n註冊/地點/操作限制\n得沒入遙控無人機", "last_edited_date": null, "空域類型": 7, "SHAPE__Area": 17053692.920081005, "會商機關": null, "空域顏色": "黃區", "有效日期迄": null, "限制區": "黃區", "created_user": null, "空域類別": 7, "空域名稱": "宜49 冬山(順安)都市計畫及羅東都市計畫及五結都市計畫及五結(學進)都市計畫", "last_edited_user": null, "條件": "限制", "countyid": null, "created_date": null, "二級機關": null, "SHAPE__Length": 29224.424323225398, "objectid": 509}}, {"geometry": {"type": "Polygon", "coordinates": [[[121.69219069603001, 24.747842015267175], [121.69176753742886, 24.747960785354405], [121.6917231399926, 24.747973396995793], [121.69169178789083, 24.747984093924853], [121.691546517733, 24.748033994695064], [121.69135197857506, 24.74810093529828], [121.69103860308479, 24.748183462747885], [121.69091297369232, 24.748216841642954], [121.69072743834853, 24.748248451852174], [121.69067506027923, 24.74823146259962], [121.69058342044212, 24.747794140900307], [121.69055144670627, 24.747804797054094], [121.69024561436942, 24.747906852808832], [121.69006889509183, 24.747965827074193], [121.6899266172222, 24.74758188729088], [121.68990709772933, 24.747529315360495], [121.68986531528888, 24.74731360223683], [121.68986083628889, 24.747290477915257], [121.68987402535387, 24.747063103072694], [121.68981706407999, 24.746803901869338], [121.68978834494038, 24.746696535033024], [121.68971192525918, 24.746408297947042], [121.68960134983418, 24.74613447417665], [121.68954817316266, 24.746005614667258], [121.68952923128661, 24.745959044097933], [121.68970827899741, 24.745659981720515], [121.68974316057991, 24.745619159343427], [121.68973381181272, 24.745588776286503], [121.6896873248951, 24.745506514705923], [121.68965197169706, 24.745483258699768], [121.6896240843974, 24.745409914876696], [121.68948811000612, 24.745175029321718], [121.6894858893707, 24.745132705656626], [121.68941495839589, 24.744935764751915], [121.68940301978579, 24.744858669407385], [121.68941443198312, 24.744784013356163], [121.68935628313648, 24.744647279648785], [121.6892817058999, 24.744486552899488], [121.68920888666634, 24.744390298192044], [121.68914373096045, 24.744307760065723], [121.68907393635449, 24.74429181209764], [121.68901726343981, 24.744290610370662], [121.68897089599817, 24.744281353075074], [121.68888566114903, 24.744285464074768], [121.68877558967897, 24.74427656166766], [121.68874151298701, 24.744265893789688], [121.68863343218354, 24.744286172220754], [121.68858333763174, 24.744320812629237], [121.68854251998184, 24.744271710703995], [121.6884311046321, 24.744099494028447], [121.68837493028246, 24.743974330605354], [121.6882816043076, 24.743947909674613], [121.68822973288815, 24.7437703716436], [121.68820842125632, 24.743661155940163], [121.68817550698435, 24.743495443939814], [121.6881202462213, 24.74331419807315], [121.688079880424, 24.74324751106696], [121.68803206220309, 24.74316851620715], [121.68795118508149, 24.743069747678522], [121.68788782331121, 24.743056632163636], [121.68779673144648, 24.742869243970993], [121.68767362811657, 24.74290280704244], [121.68760613319765, 24.742695538879772], [121.68758379568982, 24.742642528404648], [121.68755901835767, 24.74258418389568], [121.68752650114102, 24.74250645481059], [121.68748332182027, 24.742417174076262], [121.6874328778238, 24.742315422205678], [121.68736590841937, 24.74218349195679], [121.68726731831693, 24.742130008885898], [121.68708514177389, 24.74209057800698], [121.68682574964237, 24.742037218089642], [121.68656533971964, 24.741980269218566], [121.68634506472709, 24.7418761167532], [121.68618307512517, 24.741769764661193], [121.68597492020248, 24.74169804872234], [121.6858981313137, 24.74166281119408], [121.68576555524916, 24.74160198031818], [121.68570435841869, 24.74155813876357], [121.68565936899263, 24.741525914962263], [121.68554082730772, 24.74144100487533], [121.68534182172621, 24.741285283337376], [121.68531809991453, 24.741269853866118], [121.68508638218196, 24.741119139029397], [121.68490164094882, 24.74096679229364], [121.68479869042397, 24.74088189977379], [121.68467174230463, 24.740727500044237], [121.68452908624431, 24.74056776439347], [121.68442518260697, 24.74048589191988], [121.6843609449793, 24.74043528403112], [121.68422363658976, 24.740326063766258], [121.68408606319727, 24.740184351653376], [121.68428839973193, 24.740010185111082], [121.68485772321284, 24.739520103342404], [121.68497206707045, 24.739155117877864], [121.68500217770044, 24.738902296621223], [121.68502221821615, 24.738720330985952], [121.6850196077119, 24.738556182141934], [121.6850110252077, 24.73842937404591], [121.6850300479321, 24.738215280148527], [121.6850444003154, 24.73810121488803], [121.68505141885272, 24.73804540562664], [121.68513769574756, 24.737835365985514], [121.68522097765927, 24.737742716394944], [121.68529355973763, 24.737672713112758], [121.68541531469627, 24.737570777865827], [121.68556448983067, 24.73743615262192], [121.685706815311, 24.737310604737562], [121.68583000218423, 24.73714185326699], [121.68591882400625, 24.737001309950777], [121.68595073935167, 24.736933731876277], [121.68602414608343, 24.736778281278912], [121.68609376102634, 24.736630883288477], [121.6861510331173, 24.736527391290508], [121.68621116274915, 24.736418741162442], [121.68629181439367, 24.736295533036035], [121.6863362315929, 24.736227690229875], [121.68639109889382, 24.736038110870304], [121.68648490187414, 24.735860839764186], [121.68677446661945, 24.73548512026322], [121.68697810840612, 24.735242690136822], [121.68711831116744, 24.73506451469906], [121.68731761768463, 24.734789195696088], [121.68743755175822, 24.7346066986028], [121.68750097281723, 24.734552346602865], [121.68754577988534, 24.734513942987515], [121.6877247988501, 24.734360525855724], [121.68834354404474, 24.73383025482532], [121.68884422455993, 24.733401151696416], [121.68889604208044, 24.733374885989313], [121.68895895738801, 24.733358012195094], [121.6892061557879, 24.73342080528227], [121.68947569169565, 24.733452482894087], [121.68963548671336, 24.733459845642955], [121.689760526811, 24.733465609212896], [121.68998646118978, 24.73342952080785], [121.69021417962273, 24.733345972654632], [121.69044454089921, 24.73323269109608], [121.69084351595455, 24.73308583229948], [121.69102554337721, 24.73304685709422], [121.69133214377361, 24.732981217106335], [121.69147779571544, 24.732973097164088], [121.69156667592794, 24.732968146218337], [121.69172698298537, 24.732959208732726], [121.69208489335414, 24.732939266241477], [121.69223633763292, 24.733007894931315], [121.69226547269253, 24.733021094728965], [121.69243272821863, 24.73316531739887], [121.69260204358172, 24.73331945074066], [121.69271960161139, 24.73345740118427], [121.69276573908438, 24.733511547238226], [121.69284318913319, 24.733631075937556], [121.69294232630969, 24.733784062355248], [121.69301504044032, 24.733896272944833], [121.69319654863673, 24.73409186224941], [121.69323848379084, 24.734142135751803], [121.69329620234446, 24.73421134062099], [121.69331179619947, 24.734230035393576], [121.69344034691325, 24.734407103217062], [121.69353186727442, 24.734555447023816], [121.69356958214337, 24.734616584045686], [121.69362805707841, 24.734737527267892], [121.69367618162485, 24.7348370579369], [121.6937442361941, 24.735058694090426], [121.69380308393009, 24.735363459780448], [121.69361465241772, 24.735770142764544], [121.69359087670713, 24.735784372740866], [121.69345007836274, 24.73586778871342], [121.69345057872441, 24.73598136893564], [121.69346320185073, 24.736628286321306], [121.69346372556858, 24.736654988656507], [121.69345203040184, 24.736711821663057], [121.69333520899076, 24.737279607738422], [121.69328758839924, 24.73751104234778], [121.69318043016561, 24.73803187266837], [121.69315944013069, 24.738134739268578], [121.69307202417208, 24.7385631643914], [121.69299224030013, 24.738954159128212], [121.69294496555993, 24.739185849251758], [121.69281053177939, 24.739804962396995], [121.69284609428489, 24.739944711155548], [121.69287808508878, 24.740084176652246], [121.69289616817542, 24.7401630266163], [121.69292004629399, 24.740267138907697], [121.69294859026216, 24.740490836039438], [121.69298949864186, 24.740894101756414], [121.69296573820257, 24.74093605809647], [121.69294207567968, 24.740977851250737], [121.69292227142094, 24.74101282708277], [121.69290031390042, 24.74112861684186], [121.69284500642506, 24.741145276643042], [121.69280480861268, 24.741291323119842], [121.69274348691647, 24.74131804240254], [121.69261010236814, 24.74134008193112], [121.69258926774178, 24.74136613464931], [121.69258289778809, 24.741393997745167], [121.69259449863168, 24.741637482200318], [121.69242535933839, 24.741610409721513], [121.69213532297752, 24.741519047914664], [121.69209488711164, 24.741584285259346], [121.69214423875673, 24.741593483198404], [121.69222825010038, 24.741619946238036], [121.6921693727201, 24.741654359766244], [121.69208210588181, 24.7416784437641], [121.69205881795638, 24.741691861290168], [121.6920681694185, 24.741755754834266], [121.69206634044855, 24.74196289892252], [121.69208027960683, 24.7420719048124], [121.69209171875366, 24.74216131306731], [121.69221225200354, 24.74239063370071], [121.69228049791397, 24.742548565617643], [121.69230597503373, 24.742607510607], [121.69230615020523, 24.742699787809997], [121.69230626608793, 24.74276367186182], [121.69228326292844, 24.742826416143956], [121.69226785592295, 24.742868433020387], [121.69222696281462, 24.742979985184366], [121.69220734720206, 24.743001112303816], [121.69202106535822, 24.743201775704016], [121.69198159877453, 24.743325628029876], [121.69208649864353, 24.74366221979619], [121.69210179874943, 24.743685615651692], [121.69211158319955, 24.74371725067252], [121.69216517938432, 24.743891429154523], [121.69218103644576, 24.743942961613318], [121.69226575206855, 24.74402544124148], [121.6924322242638, 24.744070354752782], [121.69267691456739, 24.74401361077258], [121.69278201565898, 24.744048100326975], [121.69285568110556, 24.744084423875044], [121.69293284998176, 24.744237555704643], [121.6929399601472, 24.744263908043564], [121.69295200655513, 24.744313891890844], [121.69306987270696, 24.74480333799393], [121.69298107603774, 24.74481750738067], [121.69294997636263, 24.74491951011144], [121.6928384289605, 24.745042113319755], [121.69284769598099, 24.745070887691078], [121.6930840229693, 24.745804938660473], [121.69312798741767, 24.74594135210671], [121.693232651928, 24.746284536801284], [121.69330196234206, 24.746491839771284], [121.69341575373579, 24.746849324263994], [121.69326658219462, 24.74689691101058], [121.69312331707648, 24.74694260667061], [121.69296182424287, 24.746994128890574], [121.69281182804833, 24.74704197174867], [121.69266301134176, 24.747093873282818], [121.69233939685387, 24.747206785701565], [121.69238090890147, 24.747394084142655], [121.69240020920537, 24.74747663000952], [121.69242325728064, 24.747575239216186], [121.69246738881557, 24.74776434902402], [121.69219069603001, 24.747842015267175]]]}, "id": 510, "type": "Feature", "properties": {"空域類別名稱": "縣市政府限制使用範圍", "會商機關名稱": null, "主管機關名稱": "宜蘭縣政府", "聯絡方式": "承辦窗口：劉靖茹\r\n電子郵件：cjliu123@mail.e-land.gov.tw\r\n電話：03-9251000 #2268", "主管機關": "5", "空域說明": "本區每星期六、日全日及星期一至星期五下午5時至上午8時禁止遙控無人機飛航活動。", "三級機關": null, "有效日期起": null, "罰則": "罰款3萬-15萬\n註冊/地點/操作限制\n得沒入遙控無人機", "last_edited_date": null, "空域類型": 7, "SHAPE__Area": 1155313.781800085, "會商機關": null, "空域顏色": "黃區", "有效日期迄": null, "限制區": "黃區", "created_user": null, "空域類別": 7, "空域名稱": "宜50 大湖風景特定區都市計畫", "last_edited_user": null, "條件": "限制", "countyid": null, "created_date": null, "二級機關": null, "SHAPE__Length": 5249.005557662267, "objectid": 510}}, {"geometry": {"type": "Polygon", "coordinates": [[[121.7570984390363, 24.78991914939005], [121.75690675292763, 24.789963724985153], [121.75671507670057, 24.79000829974872], [121.75647548433618, 24.790064013899084], [121.75619756355356, 24.790128641825483], [121.75604423371098, 24.79016429213], [121.75589089488525, 24.790199951395145], [121.75566089023987, 24.79025343089504], [121.75543038163967, 24.790307028624294], [121.7552579320546, 24.79034713577014], [121.75506626481064, 24.790391699794014], [121.75489375593669, 24.790431815067805], [121.75476917397984, 24.790460782807124], [121.75453916933454, 24.790514268718827], [121.75427077608381, 24.79057667000735], [121.75412701509563, 24.79061010438236], [121.75398326398891, 24.790643528146454], [121.75391307681919, 24.790659842861146], [121.75384471682264, 24.79067574328355], [121.75373930311733, 24.790700251639564], [121.75362429989632, 24.7907269953622], [121.7533745907052, 24.790785048132655], [121.75318292166465, 24.790829617707935], [121.75308707771207, 24.790851903712838], [121.75292393018168, 24.79088983892542], [121.75272273989741, 24.79093661528718], [121.75253109061977, 24.79098117502163], [121.7523970170636, 24.79101234619333], [121.752195757609, 24.791059138819456], [121.75204242596985, 24.79109479538081], [121.75175492106146, 24.791161639376675], [121.7516303274265, 24.791190603683432], [121.75153684334816, 24.791212343219627], [121.75145784909532, 24.791231175394593], [121.7512134004385, 24.7912894513837], [121.75117939920501, 24.791297557728353], [121.7510039312806, 24.791339381239005], [121.75074162770917, 24.791401906888083], [121.75063522855196, 24.79142727711242], [121.75040356920988, 24.79148249886311], [121.75028778804784, 24.791510101166192], [121.75003079711308, 24.79157135940216], [121.74907957195698, 24.79179810064997], [121.74896532511754, 24.791822607153208], [121.74892948143933, 24.791828663235403], [121.74867097863992, 24.79187237124257], [121.74812138126427, 24.79196530993398], [121.74798875489405, 24.79198773111173], [121.74796459919604, 24.79199181525117], [121.74735435835218, 24.79209501720246], [121.74662009879513, 24.7925898621364], [121.746514244017, 24.792661847171754], [121.74622192413874, 24.792860615000546], [121.74587611856839, 24.793095761044214], [121.7457756015797, 24.793164107772103], [121.74568848026847, 24.793258801298887], [121.7458861788013, 24.79332936776674], [121.74600570593802, 24.793372016707973], [121.7461422202168, 24.79367522279905], [121.74623884300881, 24.7938898816748], [121.74640512476111, 24.794258934721817], [121.74655016135702, 24.794581238612647], [121.74665480340953, 24.794813461888328], [121.74667374438725, 24.79485516678088], [121.7467450122303, 24.795013796928288], [121.74678730760884, 24.795107297593688], [121.7468473474092, 24.795240615064575], [121.74696472038588, 24.79550130295074], [121.7470039111868, 24.795588319213106], [121.74674566530554, 24.796080829308316], [121.74648634144596, 24.796575328881353], [121.7463540366726, 24.796827513281585], [121.74632939588435, 24.79687458179639], [121.74597942123283, 24.797542060962527], [121.74591859810155, 24.797658104643897], [121.74661264187995, 24.797847935725873], [121.74686684085088, 24.79791753812697], [121.74740832823613, 24.79806560385167], [121.74746043591252, 24.798079878882593], [121.7474924339029, 24.79808865674142], [121.74743958511642, 24.798330333033828], [121.74736681169695, 24.798663473848478], [121.74726015023171, 24.79915107398264], [121.74722347201863, 24.799318728388684], [121.74720231220213, 24.799402073153672], [121.74717235698064, 24.799552811858355], [121.74716455870572, 24.799588240907358], [121.74712663093607, 24.799761860715275], [121.74706848478434, 24.800027488186277], [121.74706078532408, 24.80006291709966], [121.74693679356031, 24.800630049887108], [121.74688259640261, 24.800877872276182], [121.74674165881936, 24.80152219039273], [121.74668717060753, 24.801771367106596], [121.74657646133359, 24.801914202776157], [121.74641991642059, 24.802116039832445], [121.74619829665006, 24.802401711843796], [121.74604950419806, 24.802593580005386], [121.74563943764389, 24.803122323707402], [121.74554423419009, 24.803245130393787], [121.74546031537282, 24.80335316266658], [121.7449203910562, 24.804049392942506], [121.7445569371838, 24.804518046335616], [121.74425570781452, 24.804906174284824], [121.74421668499859, 24.804897294978872], [121.74328385015302, 24.80452627168539], [121.74303202812433, 24.804426046654402], [121.74268542664672, 24.80428828266731], [121.74257552585654, 24.804252536123307], [121.74215812186314, 24.80411701767432], [121.74154262228163, 24.8039172078091], [121.73849477686313, 24.802927631641385], [121.73680577794065, 24.802379285209653], [121.73471367530584, 24.80170000303041], [121.73451300784103, 24.80163481194273], [121.73336202521355, 24.801261004683948], [121.73321774320256, 24.801214134360496], [121.73312182019814, 24.801183004894995], [121.73281813573318, 24.801084402379626], [121.73223664457171, 24.800895571118833], [121.73239478129935, 24.800477675849205], [121.73249587590483, 24.800210760901564], [121.73260261821848, 24.79992883093096], [121.73472869873063, 24.794313012685453], [121.73546685787429, 24.79236300897849], [121.73587780298084, 24.791277521029], [121.73661082376111, 24.789468284833347], [121.73795087031482, 24.789065457349732], [121.73799255843218, 24.789052928173067], [121.73796474299772, 24.789041871049257], [121.73737180101129, 24.788806229625763], [121.73718012208923, 24.78873902959894], [121.73670113768483, 24.78857122795792], [121.73667104322445, 24.78850067672539], [121.7366513072377, 24.78845437817082], [121.7365899136762, 24.78831044721486], [121.73638998103331, 24.78784165917251], [121.73629816243147, 24.78762638306019], [121.73625934263484, 24.787535344617332], [121.73621253232368, 24.78742558508865], [121.73614041557263, 24.787256489833382], [121.73597243869939, 24.786862632817467], [121.735817605077, 24.785183119319434], [121.7358175341101, 24.784994227149095], [121.73580507357876, 24.784651276631724], [121.7358040018887, 24.784544975839342], [121.73580333084713, 24.784478252245563], [121.73579975016243, 24.78412083608427], [121.73579896593317, 24.784042686053112], [121.73579845030022, 24.783990936158762], [121.73579663211002, 24.78380845913231], [121.73579398926651, 24.78354299919168], [121.73579066909323, 24.7832097680178], [121.73579021185071, 24.78316419580286], [121.73578887515755, 24.783029610988883], [121.73578720608775, 24.782862353776217], [121.73578643263832, 24.782784842369985], [121.73578492526526, 24.782633067885648], [121.73578122330801, 24.78225858922406], [121.73577989020814, 24.782124690152948], [121.73625459414023, 24.781376125009785], [121.73647684632465, 24.781025642259742], [121.73680609055437, 24.780506442290683], [121.7368469279672, 24.780439483264182], [121.73685933370126, 24.78042199682092], [121.73687501199794, 24.780397562285444], [121.73689969410867, 24.780358822946248], [121.7369449440462, 24.78030856977264], [121.73696850955105, 24.78028976367022], [121.7370904432744, 24.780155314391177], [121.7372889116634, 24.779946265116664], [121.73844727844252, 24.778825131617047], [121.73923267998701, 24.778076867924938], [121.73933493970735, 24.77797174495882], [121.73956042582684, 24.777741693140772], [121.7397426374041, 24.777560962951128], [121.7398007593013, 24.77750489165544], [121.740309741148, 24.77701634596077], [121.74034019403612, 24.776986729110497], [121.74097149139028, 24.77640222878247], [121.74100695777602, 24.776369978130283], [121.74105116926101, 24.776329780010425], [121.74108996570153, 24.776294500919334], [121.74132562703822, 24.776074750632986], [121.74135642218447, 24.77604656172243], [121.74168212525535, 24.77574837761361], [121.74174154791308, 24.775694050947696], [121.74201304574137, 24.775445834867973], [121.74239007675095, 24.7751011328993], [121.74246801727998, 24.775029875009952], [121.74310317828812, 24.77444839638013], [121.74314474333633, 24.774410344398813], [121.7438379040708, 24.773775723752763], [121.74389584720325, 24.77372026411093], [121.74458215469046, 24.77308018896637], [121.74460696975189, 24.77305749031478], [121.74524460561861, 24.772455956183194], [121.74528837962411, 24.772415344891822], [121.74535437794972, 24.772354116350815], [121.74565402089421, 24.772077525968943], [121.74574879495331, 24.771992599238512], [121.74635968168583, 24.771588767236], [121.74633863415877, 24.77157436109896], [121.7462801610203, 24.77153790284712], [121.74569503707177, 24.77117772511864], [121.7454661104047, 24.77109106286308], [121.74535194261699, 24.771047885056824], [121.74518139386697, 24.770983242299774], [121.7450909460943, 24.770948995132233], [121.74502068436439, 24.77089595429593], [121.74487641582806, 24.770782047905985], [121.74474104420632, 24.770675245021913], [121.7445965744474, 24.7705652136485], [121.7445708260364, 24.770545604272304], [121.74452003439191, 24.770515600884856], [121.74449216685514, 24.770501082061653], [121.74435658502762, 24.770430443068577], [121.74422555406534, 24.770333176642033], [121.74410885931674, 24.770241746229445], [121.74404725824444, 24.770140008986242], [121.74397991064923, 24.770025695700443], [121.7438857034271, 24.769862027035746], [121.74381296863517, 24.7697342786056], [121.74395078457275, 24.76964003287514], [121.744001156704, 24.76960539707813], [121.74445364080755, 24.769292862876505], [121.74478258679665, 24.769063286827024], [121.74484865878408, 24.769016719190105], [121.74488331578779, 24.76903478799977], [121.74519315910231, 24.7687795486907], [121.74561735256263, 24.768487059318105], [121.7456586292516, 24.768458596248404], [121.74645088404341, 24.767921689115436], [121.74650796658976, 24.76788225010673], [121.74653014958741, 24.76787348805601], [121.74662931640829, 24.76779841270509], [121.74728723174256, 24.767345222207577], [121.74733048203028, 24.767316152822087], [121.74762312530204, 24.76711327380376], [121.74811050356446, 24.766777407081484], [121.74817528557124, 24.766732997716215], [121.7485384627625, 24.76648403531005], [121.74907039386979, 24.76611938515995], [121.74919105288379, 24.76603891701412], [121.74940677431609, 24.76589162876805], [121.74943231791123, 24.76582065516505], [121.74949983528795, 24.765773812238557], [121.74956164117616, 24.765730984148206], [121.75003574233871, 24.765406857288415], [121.75007658424306, 24.765371915239687], [121.75010498537911, 24.765348901135248], [121.75025132363382, 24.765268483879247], [121.75055025870586, 24.76504142661334], [121.75121164333379, 24.76468659817982], [121.75119949272131, 24.764652369668337], [121.7505983841506, 24.764095303844694], [121.74904631542691, 24.76255148270764], [121.74609943435817, 24.760116900791495], [121.7452400547534, 24.759317833609867], [121.74423417429881, 24.758159925227933], [121.74413495986725, 24.758059187165625], [121.74302735598658, 24.75707659440051], [121.74272776783931, 24.756800929321138], [121.7423875228406, 24.75648668325721], [121.74215058859117, 24.756657397278566], [121.74212998393352, 24.756680226185452], [121.74196120127144, 24.75686723380857], [121.74189338295902, 24.75694350187196], [121.74170416272588, 24.75720180499461], [121.7409618237212, 24.75867265273547], [121.74057123713393, 24.75892400623458], [121.73958561099411, 24.759144454146604], [121.73942103514248, 24.759181262725665], [121.73925810769938, 24.75911022084492], [121.73915970175162, 24.758987434105894], [121.73909870973709, 24.75865344282662], [121.73898527227962, 24.758457702912423], [121.73885761089795, 24.758360693857473], [121.73859031628687, 24.758344294954657], [121.73765034163145, 24.75860909907911], [121.73644790440284, 24.7586904758802], [121.73628093364267, 24.758701774719906], [121.73610138377354, 24.758614491951825], [121.73566303735595, 24.75840140029241], [121.73517800189975, 24.758360812956077], [121.73498725542895, 24.758416240301575], [121.73481503221934, 24.7585295250165], [121.73476119798096, 24.75859714111107], [121.73470599021854, 24.758705393350322], [121.73468944774258, 24.758863917157605], [121.73473951983654, 24.75903163414824], [121.73506432369378, 24.760038251104433], [121.7350557465795, 24.760104305065717], [121.73498375738924, 24.760174688082206], [121.73491512071162, 24.760173223027348], [121.73409440280011, 24.760020419995733], [121.7338945159713, 24.759941099714556], [121.73300347165109, 24.75929786516459], [121.73291137636811, 24.759162208701593], [121.73284206056415, 24.758746338684574], [121.73275780038713, 24.758585375657123], [121.73267876840511, 24.758485244036976], [121.73181523768538, 24.757549246989104], [121.73179968874616, 24.757223712002276], [121.73179453690801, 24.757159025341092], [121.73179097329124, 24.75700255260854], [121.73179282831234, 24.756919523616848], [121.73178382629489, 24.75632792229435], [121.73181169832317, 24.756088214212546], [121.73183622233046, 24.75586318364608], [121.73185701743091, 24.755672373878244], [121.73187322303869, 24.755523666149728], [121.73189767428244, 24.755299311644983], [121.73193470283839, 24.75495953972031], [121.73184539862106, 24.754930809242424], [121.73154552391125, 24.754916445224627], [121.73134871291397, 24.75490701659369], [121.73115825839562, 24.75489844778017], [121.73096330331775, 24.754888554160804], [121.73089207679713, 24.75487335805586], [121.730713358768, 24.754864648112374], [121.7305084467635, 24.754854031720722], [121.73053171312938, 24.75477098008331], [121.73055369580268, 24.75470700186332], [121.73059058062825, 24.75460061996103], [121.7306095413689, 24.75454660382533], [121.73066494406577, 24.754393677218413], [121.73067161315842, 24.754366104187618], [121.73068692943406, 24.754321399155106], [121.73069947261033, 24.754284784105458], [121.73070294729385, 24.754207706796542], [121.73070369828548, 24.75409931195731], [121.73069836768258, 24.753984044954127], [121.73056688037609, 24.753782619080546], [121.73049043374543, 24.753666895765495], [121.73033148494075, 24.753423890076547], [121.73026470508084, 24.753321274334432], [121.73020935268961, 24.753236037020038], [121.73013288899095, 24.753119317946304], [121.73008210363471, 24.753042243993345], [121.72999775721946, 24.752914768681933], [121.72994406311828, 24.752833287757053], [121.72988375382334, 24.752741858331113], [121.72983831883288, 24.752677786883133], [121.72976482137129, 24.75257594062307], [121.72972172559386, 24.752515833791946], [121.72968254377612, 24.752464224124857], [121.72961271683074, 24.75238156165041], [121.72951855362606, 24.75227093731217], [121.7294610443799, 24.752203485010757], [121.72936997856625, 24.75209697859742], [121.72931229684357, 24.752028765073668], [121.72929053515583, 24.75200339332386], [121.72909921466152, 24.751794715971517], [121.72882723982777, 24.75147588964331], [121.7289312880939, 24.751381284980525], [121.72911674169103, 24.751170117604605], [121.72917107808767, 24.751113001601304], [121.72921304108948, 24.751068891742356], [121.72933411063363, 24.750940713640787], [121.7295018871826, 24.75076487429071], [121.72955553367306, 24.75070880721258], [121.72982041001941, 24.750432166182943], [121.72990244596781, 24.750346921992186], [121.73006334681158, 24.750177689763763], [121.73019890797784, 24.750033069137604], [121.73046877985553, 24.74974795696283], [121.73058140703255, 24.74962849188902], [121.7306103498527, 24.74959668134362], [121.73101462676483, 24.749174262667065], [121.73126995940963, 24.748906748723602], [121.73139274563424, 24.748778654051836], [121.73155931305084, 24.748591744390186], [121.73138244914442, 24.74875114259238], [121.73054519863841, 24.749552610104974], [121.7293304131679, 24.750718621216908], [121.72875591898415, 24.751295243597784], [121.72851551993264, 24.751290746145266], [121.72825135235705, 24.751285836718395], [121.7278048366602, 24.751277543392398], [121.72717824018999, 24.75126590532446], [121.727061131318, 24.75126372797938], [121.72670344642637, 24.75125708499636], [121.72665151661643, 24.751256118284463], [121.72624337605022, 24.75124853061541], [121.72575258508803, 24.7512387109424], [121.72467572784451, 24.750950547205797], [121.7239616696016, 24.750758691388807], [121.72388399856722, 24.75073782337874], [121.7219748117888, 24.751103367918077], [121.72175398163746, 24.75116263679894], [121.71986858673937, 24.751668600930458], [121.71918809225036, 24.751894751825898], [121.71902701084524, 24.751955496086325], [121.71875165924432, 24.75203978633629], [121.71870782325509, 24.75206744227757], [121.71805376887988, 24.75247955594431], [121.7168539610201, 24.753235635657457], [121.71461576626886, 24.754645971797423], [121.7145900537905, 24.754662164799015], [121.71446605843354, 24.754737373717813], [121.7140176436982, 24.75503207111561], [121.71353825864516, 24.75534290933421], [121.71328408482707, 24.75550765109667], [121.71307446744709, 24.755643530174254], [121.71296831442831, 24.75570106665964], [121.71292788395233, 24.755738541920035], [121.71291727305221, 24.75570650126242], [121.71262512744703, 24.755131593694838], [121.71256276729832, 24.75499293311077], [121.71249667015809, 24.75487416484934], [121.7119300622842, 24.75476951170167], [121.71186964159816, 24.75459251121997], [121.711842225914, 24.754512923979917], [121.71182413114926, 24.754464331858202], [121.7118266679916, 24.754440615802494], [121.71179388667025, 24.75438964976161], [121.71167407117431, 24.754055416890672], [121.71163909526874, 24.753947055365273], [121.7116282750611, 24.75392434995379], [121.71162068878853, 24.75390654978277], [121.71159326322288, 24.75383003104424], [121.71148841904945, 24.753537530126867], [121.71134922419786, 24.75313822768856], [121.71132734033924, 24.753054053208505], [121.7113035673236, 24.752942036117428], [121.71119750233964, 24.75244156331045], [121.71121058540342, 24.752241140798507], [121.71132470737714, 24.75210519926389], [121.71128162507442, 24.75205728330254], [121.71124694471453, 24.752043906053007], [121.7111918402584, 24.752072244805664], [121.71114363486362, 24.752096940255502], [121.71111387727157, 24.752112282725502], [121.71102430805117, 24.752081025102424], [121.7110427037516, 24.752004454661115], [121.71118958009717, 24.751892232677296], [121.71124089725608, 24.751849827273464], [121.71125426328918, 24.751771860877685], [121.71117585383965, 24.751417323306644], [121.71108840913492, 24.75130470431857], [121.71099538679061, 24.751185070240837], [121.7108743801286, 24.75102936580385], [121.71054454301073, 24.750604745271474], [121.71046837755279, 24.75050669239355], [121.71043173167905, 24.750459480663523], [121.71011616968944, 24.750053216915845], [121.70996588423738, 24.749859821930965], [121.70983179630818, 24.749669687402037], [121.7098730226915, 24.749654654634977], [121.71170993281872, 24.748751734868314], [121.71186915291466, 24.748674301698763], [121.71215162815575, 24.748536923702925], [121.71269415758671, 24.748349077128168], [121.71319841968499, 24.748189959865044], [121.71329671064842, 24.748158976183813], [121.71354214206214, 24.74808156467188], [121.71373248159611, 24.748017415766633], [121.71385546275518, 24.747981891232087], [121.71388714274192, 24.74796372798926], [121.71386810384779, 24.747892992967248], [121.71382199871415, 24.747721876946628], [121.71379437102763, 24.747619337262023], [121.7137868961461, 24.747591566116867], [121.71376709907386, 24.747517990214625], [121.71371000664601, 24.74753380887003], [121.71366730702564, 24.747545639819755], [121.7134522251938, 24.747605167378822], [121.71338538694337, 24.747517459934738], [121.71332372927719, 24.74743649922494], [121.71329421512856, 24.74739528583962], [121.7131374438401, 24.747186940130124], [121.71400305505801, 24.746394680237664], [121.71442975391965, 24.746338182881114], [121.71451263608103, 24.746327224747084], [121.71509865025996, 24.745853853971784], [121.71516085679676, 24.74585791515407], [121.71528655985115, 24.745884038718224], [121.71548887302951, 24.745925956662127], [121.71555840263252, 24.74586224719047], [121.71562508098273, 24.745801168726505], [121.71597933341171, 24.74547606309186], [121.71647397455321, 24.74555050334887], [121.71734515532587, 24.746004722970408], [121.7176890223318, 24.746186650206514], [121.7180532945694, 24.745967704084435], [121.7183155810728, 24.74544266224926], [121.7191381216661, 24.744685348090222], [121.71920418017876, 24.744619936968427], [121.71926833875469, 24.744619719956535], [121.71960093010716, 24.744613265891964], [121.71964258139366, 24.744612236309163], [121.71998643761978, 24.744611989927215], [121.72008703366026, 24.74469406282631], [121.72015279303399, 24.744748459343388], [121.72026265339996, 24.744838844672724], [121.72033757109803, 24.744904391107493], [121.72036063983454, 24.744875930793146], [121.72039126789419, 24.744838452257174], [121.72053888534981, 24.74465297988097], [121.72064015243181, 24.744521673778884], [121.72078741235806, 24.74403443504044], [121.72084503479195, 24.743843753146766], [121.72090250271559, 24.743643230291486], [121.72092757739013, 24.743568355680768], [121.72094068470842, 24.743527215254534], [121.72095599918741, 24.74347414476176], [121.72097384601716, 24.743414654384903], [121.72099829187097, 24.743333823985346], [121.72104805494445, 24.743168729142386], [121.72089435409765, 24.743035850971733], [121.72072743813472, 24.74289147902752], [121.72065577772786, 24.74282960691753], [121.72064716378263, 24.742805646335412], [121.72059796934272, 24.742640576082323], [121.72057589144796, 24.742566289093904], [121.72056210500334, 24.742529971629086], [121.72052414130113, 24.74250668080049], [121.72021673062433, 24.742359191698533], [121.72005742518846, 24.742282766200347], [121.72019055281865, 24.742105127889342], [121.72023736582473, 24.74204260678637], [121.7203355597701, 24.741911598160772], [121.72051278390096, 24.741675145268317], [121.72073473425147, 24.74137903577257], [121.7210451021821, 24.740960723124505], [121.72145096911231, 24.74054399510281], [121.72160303322865, 24.74038022967381], [121.72271595603416, 24.73912000364122], [121.7228567750398, 24.738995837910817], [121.72365901191105, 24.738299411645215], [121.72368045379856, 24.738280710957397], [121.724554448993, 24.737524346916093], [121.72482429841274, 24.737784500016126], [121.72731046770821, 24.740189005337605], [121.72737668701939, 24.740256118232942], [121.72983438870351, 24.74261572374263], [121.73051501075328, 24.74327293681803], [121.73055842543268, 24.743326283967388], [121.73064853094719, 24.7434016612827], [121.73305202379552, 24.745733016197647], [121.73317366915975, 24.745791374729553], [121.73320362707615, 24.74577506798807], [121.73359672625122, 24.745560891287614], [121.73371632435492, 24.745691576263404], [121.73392009280404, 24.745913304021737], [121.73428047623474, 24.746306072086533], [121.73430525087196, 24.746333124778875], [121.73363100775912, 24.74678657303826], [121.73201228493963, 24.748170017369088], [121.73189594861873, 24.748270641076967], [121.73207880788135, 24.74814961883155], [121.73241053595285, 24.747894807334756], [121.73256162719373, 24.74775114508072], [121.733103712857, 24.747289356167297], [121.73350182283473, 24.747040504907343], [121.7343198152577, 24.746425202603252], [121.73661755034597, 24.74553995469115], [121.73704427885195, 24.745408460253575], [121.73811127708518, 24.745156314983046], [121.73837712540875, 24.74509011520039], [121.7386072082075, 24.74504906828253], [121.73936188826752, 24.745049358718493], [121.73962852082028, 24.745004415375153], [121.74008293360677, 24.744962527306274], [121.74071585331828, 24.744859650854043], [121.74175968579702, 24.744575251273524], [121.74176737717241, 24.744521624828785], [121.74178232334212, 24.744465678125565], [121.74178720478741, 24.74443942536136], [121.7415172915872, 24.744178401002152], [121.74149706781523, 24.744158847016955], [121.7406704919897, 24.74335947815463], [121.74063655184163, 24.7433266608867], [121.73980635760213, 24.742523775263983], [121.74094940181746, 24.74152307334096], [121.74012307662186, 24.740726995842913], [121.74009052616756, 24.74069610738894], [121.73927639290704, 24.73991251304377], [121.73833253393636, 24.74071282109481], [121.73827851284835, 24.740703534977726], [121.73825607742417, 24.740774642859087], [121.73782262862149, 24.741135652793425], [121.736983772826, 24.74032601318279], [121.73695489109133, 24.740298153926947], [121.73729930786621, 24.739999937853106], [121.73690408237881, 24.7396160517909], [121.73581664657456, 24.73855983888915], [121.7358543587485, 24.738537777655036], [121.73845938863086, 24.737014070378933], [121.73849755804727, 24.736991741260567], [121.73859111578751, 24.736936939118763], [121.73915811442848, 24.736606985151038], [121.73918254590926, 24.736592761795922], [121.73923314261938, 24.736563305828586], [121.73957898771552, 24.73636194228927], [121.73983113403601, 24.736215136141045], [121.74001648792012, 24.736107210250555], [121.74004171800318, 24.736092522596806], [121.74019404532595, 24.736003831225624], [121.74022561302334, 24.735985442678764], [121.74025176926949, 24.735970218970255], [121.74034247036711, 24.735917416127897], [121.7403743920007, 24.735898825227217], [121.74057666565328, 24.73583213669166], [121.74074593610052, 24.735776696011126], [121.7408923354407, 24.73573458617423], [121.74097261787765, 24.735677742930353], [121.74107532495904, 24.735615863151363], [121.74112798240438, 24.73557296265917], [121.74116744269979, 24.735538688597508], [121.7411857898912, 24.73551469887006], [121.74129710462967, 24.73536918573102], [121.74137033978316, 24.73516788797765], [121.74139450356603, 24.73495107560569], [121.7414058582712, 24.734849205847496], [121.74140613585062, 24.73446937522988], [121.74141482615269, 24.73421327838943], [121.74142254717253, 24.734065777818724], [121.74142406981696, 24.73386650711093], [121.7414180888338, 24.73365601166357], [121.74142890365147, 24.733436831339986], [121.74143804939938, 24.733241883125604], [121.7414442172321, 24.73304816173453], [121.7414502655889, 24.732962008122342], [121.74145418224357, 24.732908286918803], [121.74146894336036, 24.732773084673514], [121.74150232295965, 24.732663208212642], [121.7415845798936, 24.732508063956494], [121.74160474258012, 24.732470718766233], [121.74171099531192, 24.7323608958886], [121.74178013055455, 24.73228677328539], [121.7418370549974, 24.73221704189573], [121.74196593000309, 24.732075027628206], [121.74211656579809, 24.731909872145884], [121.74213604217177, 24.731888520396478], [121.74216556979515, 24.731856153751576], [121.74225720783559, 24.731764619962895], [121.74251970813802, 24.731879159371935], [121.74269828423336, 24.73195710234285], [121.74287595662355, 24.732034652808967], [121.74305453810874, 24.73211260465752], [121.7432084186186, 24.732179779025564], [121.74323517404102, 24.732191458860036], [121.74326197707416, 24.73220304975863], [121.74341178462252, 24.73226783507801], [121.7434372967766, 24.73227860026334], [121.74359585571241, 24.73234550365803], [121.74377314991182, 24.73242292170388], [121.74394124536276, 24.732498105729736], [121.74412973257061, 24.732581496981226], [121.74430840029412, 24.73265788111882], [121.7444860556163, 24.732734685404278], [121.74466430741982, 24.732812605809475], [121.74484346831841, 24.732889694752412], [121.74502252411406, 24.7329669647797], [121.74520065464503, 24.733043241796363], [121.7453786692933, 24.733120665935186], [121.7455572678465, 24.7331977391849], [121.74573842659828, 24.733275904072602], [121.74591700538853, 24.73335318283499], [121.74609515568247, 24.733430016879677], [121.74627480885778, 24.73350661589567], [121.7464536373797, 24.733584622303383], [121.74663201674402, 24.73366109312692], [121.74680959570938, 24.733738418972482], [121.7469878834455, 24.733817636853853], [121.74716687456251, 24.73389527182993], [121.7473504327144, 24.73397424891973], [121.74738291669337, 24.73398835590003], [121.74756588465212, 24.734067448789002], [121.74774567796467, 24.73414585218972], [121.74792420016111, 24.734222765703173], [121.74810175487194, 24.73429973872992], [121.74828134965678, 24.734378788178113], [121.74843508823284, 24.734442851923653], [121.74846475958665, 24.734455216902376], [121.74864262691125, 24.734532896354995], [121.74881900033752, 24.734611833876695], [121.74899484375774, 24.734690537185212], [121.74917454723871, 24.734768382118325], [121.74935274244842, 24.734845681982613], [121.74953365775671, 24.734924008198355], [121.74957606003478, 24.734942353659527], [121.74971057466375, 24.7350021320222], [121.74988988288598, 24.735081798657816], [121.74991646044198, 24.735093603867885], [121.750067879568, 24.735160867190444], [121.7502065291422, 24.735222505690675], [121.75024627330534, 24.73524027508543], [121.75027042810501, 24.73525079279708], [121.75030306928913, 24.735263949930133], [121.75033619556356, 24.735276052108883], [121.7503613232387, 24.735284459911863], [121.75038687491862, 24.73529223865892], [121.75041858724482, 24.735301020140884], [121.75045111434294, 24.735308923718875], [121.75048389925752, 24.735315887385074], [121.75051692941221, 24.735321805889097], [121.75054538714213, 24.735326143187965], [121.75057398141593, 24.735329658064387], [121.75061401663318, 24.735332970598705], [121.75157477830425, 24.733916474740266], [121.75165280057996, 24.733801308144407], [121.75173082375392, 24.733686151232774], [121.75236548979038, 24.732749795281112], [121.75244352104926, 24.732634627604984], [121.75278844177899, 24.73212101593804], [121.75315283708579, 24.73108988123442], [121.75320045677898, 24.730955281612186], [121.75337158404399, 24.730470865858965], [121.75341929087378, 24.73033586902596], [121.75345403231907, 24.730243621812964], [121.75373649139048, 24.7298211316733], [121.7537472711739, 24.729790792080273], [121.75375260087849, 24.729746005592435], [121.75389854297613, 24.728928551036645], [121.75396974793713, 24.72855280488384], [121.75405246301187, 24.72856482612161], [121.75406001784346, 24.728497976177433], [121.75417395296753, 24.72752853698171], [121.75420600755183, 24.727268212295687], [121.75425612815482, 24.72674975619892], [121.75427534761032, 24.726611836666457], [121.7542849631771, 24.72564074677663], [121.7543154600827, 24.724688290028485], [121.75431631258387, 24.72466224768814], [121.75417414161379, 24.724685232607758], [121.75415440383037, 24.72465127866839], [121.75413137102645, 24.72454078469153], [121.754064717829, 24.724218667853687], [121.75405835865509, 24.724191151776434], [121.75509286033291, 24.724165916324743], [121.7552942078224, 24.724160440360823], [121.75586849719029, 24.72414700136021], [121.75610720740904, 24.724119624797734], [121.75669246610482, 24.724016181140275], [121.75687599371402, 24.723977868924692], [121.75748745177506, 24.72381826026924], [121.75791819215718, 24.72367798830518], [121.7583720839208, 24.72347164687182], [121.758826379028, 24.72319668898331], [121.75905588331172, 24.72299635559963], [121.75924053291669, 24.72284313315383], [121.75965866634206, 24.72238786036901], [121.7598363486137, 24.722157678713533], [121.76050750062373, 24.720959094773395], [121.76078898322643, 24.72040749123612], [121.76080698187147, 24.720372348043377], [121.76079456356099, 24.720351227688038], [121.76095433073091, 24.720081962631326], [121.7611039640061, 24.71989672995941], [121.76122437778004, 24.71976316923259], [121.76160568207538, 24.71939482099925], [121.76174819530367, 24.719301727642222], [121.76197255403746, 24.719185477740176], [121.76245428189675, 24.719001496297437], [121.7626536521943, 24.718967574263385], [121.76289264089077, 24.71894420966248], [121.7632473640369, 24.718900183865173], [121.76367452283597, 24.71879268685919], [121.76388474118885, 24.7187682736606], [121.76393472884122, 24.718752598227073], [121.7648225221584, 24.71845179924961], [121.7655317312954, 24.718297058331803], [121.76566703823849, 24.718270396936628], [121.76580350131329, 24.71824921339204], [121.76594085372022, 24.71823354768523], [121.76599748082079, 24.71822714284389], [121.76601876819807, 24.718228673673636], [121.7663255096299, 24.718215158143746], [121.76636006961556, 24.718209418347534], [121.7664209700019, 24.71821007115351], [121.76647588401521, 24.718213713810623], [121.76685812525342, 24.718236188284752], [121.76699485872115, 24.718248247239536], [121.76711636125323, 24.718265828929137], [121.76756884805174, 24.718342225119645], [121.76905819101238, 24.718595777686755], [121.76908070459004, 24.718606264981386], [121.76936962165006, 24.71864852504879], [121.76941754227889, 24.718647150897098], [121.76999865794458, 24.718721456251135], [121.77015960819574, 24.718747792780132], [121.77018699513384, 24.71877520398049], [121.77057500984439, 24.718838693950595], [121.77075366319481, 24.718881610005507], [121.77081410723704, 24.71889328700838], [121.77111104894746, 24.718944634799847], [121.77120108080015, 24.718948941661612], [121.77109258138186, 24.719438170158078], [121.77104458619289, 24.71965767869492], [121.77100905872166, 24.719764030925674], [121.77098256111574, 24.719888254204704], [121.77095418243756, 24.720040337079098], [121.77090240534127, 24.72022486533426], [121.77069353266464, 24.72076076594071], [121.76985448462976, 24.72240756220561], [121.7697670102806, 24.722584295985843], [121.76954060787959, 24.723034618342883], [121.76902508180598, 24.72403531480446], [121.7681910903878, 24.725672046132953], [121.76801299489112, 24.725949675705536], [121.76792263605168, 24.72611105796233], [121.76772537589672, 24.726512568680555], [121.76769235023362, 24.72657715705508], [121.76654642691783, 24.728835300808516], [121.76640098518175, 24.72911702095256], [121.7658103087465, 24.73025240691508], [121.76578901867428, 24.730293245760063], [121.76530070706218, 24.731231761999524], [121.76497509202623, 24.731854928242825], [121.76483079294721, 24.732133427654798], [121.76478815620891, 24.73221922528581], [121.7637801710016, 24.734191762223105], [121.76314276869677, 24.73543135527531], [121.76263144494212, 24.736419343287814], [121.76228401791276, 24.737097892652553], [121.76254604839632, 24.73713761230567], [121.76260302314489, 24.73714605424988], [121.76284103896589, 24.737181319982298], [121.76301055555163, 24.737206439386004], [121.76328464412124, 24.737247062186437], [121.76351980958786, 24.73728193463492], [121.76365613522043, 24.737302169331553], [121.7638238273278, 24.737327102689733], [121.76390272007096, 24.7373389158455], [121.76393274895428, 24.737343412986874], [121.76404505722947, 24.737360164673987], [121.76421141084703, 24.73738484020194], [121.76433160004215, 24.73740259215424], [121.76453614283905, 24.737432684310257], [121.76478210156387, 24.737468702203792], [121.76497626073446, 24.73749838721928], [121.76523325795739, 24.73753511409409], [121.7652808974136, 24.737541913643604], [121.76552221633995, 24.73757636175158], [121.76557922791939, 24.73758450015851], [121.76575518003582, 24.737609994785675], [121.76578546314235, 24.737612355942947], [121.76582494589573, 24.737615434258863], [121.76587545277428, 24.73761769587865], [121.7662381179258, 24.737655581267717], [121.7663025846239, 24.737657913868343], [121.76636105416911, 24.73766007676589], [121.76640596005181, 24.737662135230817], [121.76648319719993, 24.737663745777642], [121.76693168290214, 24.737692914294712], [121.7676006017004, 24.73773600578725], [121.76762805960534, 24.7377377240292], [121.76879663124612, 24.73781128940204], [121.76891045228413, 24.737818390811633], [121.77007603882315, 24.7378997543018], [121.77014240276311, 24.73790375536893], [121.77025064436499, 24.737911133355947], [121.77035216567016, 24.737918304109474], [121.77041130356194, 24.737922482221556], [121.77057527215241, 24.737934065243138], [121.77060559029324, 24.737936136757547], [121.77097837766146, 24.737964494228137], [121.77128767569862, 24.73798800211514], [121.77132747915054, 24.737992421724666], [121.7715825997929, 24.73802080529049], [121.7719785556106, 24.73805022909342], [121.77252281789175, 24.73807716528001], [121.77255237785452, 24.73807391727309], [121.7737520868996, 24.73815495016602], [121.77378978919212, 24.738156940089077], [121.77517852173925, 24.73824815016576], [121.77521049817013, 24.73825027633864], [121.7754736488528, 24.738276817598006], [121.77678206842035, 24.738372561405317], [121.77692311110644, 24.73834759888523], [121.7778992725965, 24.738412252095628], [121.7778930535598, 24.738487941606504], [121.77788301219151, 24.73862128805376], [121.77779925507105, 24.738634772811324], [121.7777957004375, 24.7386810736226], [121.77914661570779, 24.738475440777666], [121.7791423091844, 24.738529245243257], [121.77913873658446, 24.738574039174775], [121.77913398898819, 24.7386396158362], [121.77913101915786, 24.73867739729803], [121.77911662994363, 24.738855739708498], [121.77911238630226, 24.73891071478538], [121.77910345614998, 24.739026560349515], [121.7796051086423, 24.739062053176564], [121.77997200575716, 24.7390851537367], [121.78005522838005, 24.739089840096902], [121.78026521766257, 24.73910540282557], [121.78029889640088, 24.73885631571414], [121.78029153470713, 24.738788975250763], [121.78029351818724, 24.738765270073966], [121.78030156529557, 24.73863359469004], [121.78030018727996, 24.738607445126185], [121.78032979665002, 24.73861076328431], [121.78037862008567, 24.738613464641876], [121.78122676176625, 24.73867139818225], [121.7815379318925, 24.738692493398908], [121.7815667741013, 24.738995771009414], [121.78163687772779, 24.739000459820566], [121.7819403906145, 24.739020764402444], [121.78197630076794, 24.7390231663265], [121.78198505934196, 24.73888708061266], [121.78199205003152, 24.73877846110181], [121.78199560736003, 24.73872298094115], [121.78402538488047, 24.73886069613099], [121.7840170628877, 24.738975663048407], [121.78401330074333, 24.73902155171792], [121.78400733323488, 24.73910228538476], [121.78400007664398, 24.73919119727862], [121.7839929314442, 24.739278827378293], [121.78398535684975, 24.739371780959218], [121.78397199171492, 24.739550548256602], [121.78395680479679, 24.739732932032222], [121.78394785039, 24.739832819315755], [121.78391519932435, 24.74017249471128], [121.78390698692603, 24.74027145237406], [121.78389715666194, 24.74038917070542], [121.78388227337429, 24.74057223286296], [121.78387724280867, 24.74063334081932], [121.78386694811554, 24.740758487209447], [121.78386232538507, 24.74081303719826], [121.7838516516029, 24.740939032716074], [121.783831852734, 24.741173080230823], [121.78381670534166, 24.7413525588121], [121.78380177803665, 24.741530249597204], [121.78378579700768, 24.741719468950922], [121.7837717338819, 24.74189859021614], [121.783768693983, 24.741943303796265], [121.783766158039, 24.741980610244507], [121.78375106813883, 24.742159384397095], [121.78373867138787, 24.742306773386648], [121.7837365280076, 24.74233226704559], [121.78372820691317, 24.742431293152393], [121.78371309904671, 24.742609578780204], [121.7836978240936, 24.74279047078101], [121.78368268568444, 24.74297041777008], [121.78366753290227, 24.74315112404932], [121.78364669288594, 24.743400630873985], [121.78363743035708, 24.743511914964444], [121.78362554744245, 24.74365504611055], [121.78361149240152, 24.74382494478618], [121.78360779313921, 24.743869757205818], [121.7835966666061, 24.744004949834125], [121.78359304280221, 24.744049111966053], [121.78358216869574, 24.744182029845533], [121.78357818287083, 24.744231157913], [121.78356618856512, 24.744379276251095], [121.7835606495531, 24.744444308951895], [121.78355626218126, 24.744480895898928], [121.78354448436957, 24.744609857336446], [121.78353844769089, 24.744678950321582], [121.78336188831337, 24.744678610118896], [121.78335899663645, 24.744742857831383], [121.78334915469418, 24.74485709811372], [121.7835365639237, 24.74489938189683], [121.78355302824623, 24.74481269886144], [121.7837154301749, 24.744830695318935], [121.78372590722606, 24.74465545920044], [121.7835620329586, 24.744642191291863], [121.78375551030793, 24.742373194114805], [121.7849569557964, 24.742455147746334], [121.78512806240022, 24.740508376240292], [121.78635784434607, 24.74029832199462], [121.78638023934609, 24.740295857273804], [121.78648368933418, 24.740284423775087], [121.7874639651082, 24.74009723210674], [121.78767772282335, 24.74011095575237], [121.78794397089713, 24.740128045650078], [121.78811160910556, 24.740138810970873], [121.78827924731402, 24.740149576290726], [121.78840744498987, 24.74015780427424], [121.78856522418806, 24.74016793403484], [121.78873286239646, 24.7401786977205], [121.78886106097065, 24.740186924886203], [121.78912730814618, 24.7402040139576], [121.78922591711324, 24.740210346687437], [121.78933438598882, 24.740217305183986], [121.78951189398728, 24.74022870279091], [121.7898471713025, 24.740250220360338], [121.78998521990377, 24.740259079814997], [121.7901232783865, 24.740267940900782], [121.79025222166406, 24.740276217012386], [121.79028262873815, 24.740278169371805], [121.79039109761374, 24.740285136023182], [121.79053901690335, 24.740294630216457], [121.79070665601009, 24.740305392259383], [121.79089401403564, 24.740317413177124], [121.79121943144226, 24.740338301701374], [121.79132791019934, 24.740345259374887], [121.79152512903177, 24.740357913397812], [121.79174207666446, 24.740371836085007], [121.79194915540543, 24.740385132188646], [121.79206224341824, 24.74039238928086], [121.79209707379675, 24.74039462474257], [121.79233049024359, 24.740409600703284], [121.7923731916606, 24.740412341183127], [121.79251124116023, 24.740421198994543], [121.79256477625958, 24.740424635404228], [121.79279721893259, 24.74043954935584], [121.7929056878082, 24.74044650539193], [121.79304177898045, 24.74045523674238], [121.79308204955635, 24.74045782302342], [121.7931250303494, 24.74046058389876], [121.79317335072855, 24.74046368661999], [121.79330012816799, 24.74047224337487], [121.79348749966822, 24.7404847391078], [121.79356721167501, 24.740490059339486], [121.79367724541581, 24.740497402906886], [121.79378688389797, 24.740504713023512], [121.79392214592524, 24.740513738079894], [121.79410946891645, 24.740526233808623], [121.79425734957857, 24.740536103279563], [121.79442496263412, 24.740547286285835], [121.79468129600215, 24.740564380202848], [121.79478974691148, 24.74057161525635], [121.79500664962838, 24.740586082914568], [121.79527285368471, 24.7406038376733], [121.79541087623487, 24.740613046291084], [121.7956770802912, 24.740630808388705], [121.79586440238414, 24.740643301658103], [121.79603200466, 24.740654483023032], [121.79625876818379, 24.740669600912106], [121.79645595108359, 24.740682755024217], [121.79669237598829, 24.74069852478194], [121.79693924560476, 24.740714988834373], [121.79713623087522, 24.7407281249928], [121.79732355386648, 24.740740616620702], [121.79744186558268, 24.740748510062648], [121.79763790223211, 24.74076158665978], [121.7976581870896, 24.740765155229308], [121.79796858466466, 24.740805285719915], [121.79801961795596, 24.740834903854257], [121.79853298178463, 24.741205518693885], [121.79856568674916, 24.7412291246868], [121.79859291917698, 24.741248787641695], [121.79861630681542, 24.74126567178722], [121.79866961913261, 24.741304163877537], [121.79839065630422, 24.74195586383361], [121.79822524591778, 24.74269398224401], [121.79797071816344, 24.744142084008274], [121.79754241580906, 24.74663400318597], [121.79749905502854, 24.746886307807202], [121.79731588494886, 24.747318673352233], [121.79725163384653, 24.74747032620333], [121.79722741167319, 24.747527493645347], [121.79693226120347, 24.74796325318655], [121.79654882430758, 24.74834757766986], [121.79646264443076, 24.748407848047183], [121.7963837480943, 24.74846302203668], [121.79621807090814, 24.748578902753643], [121.79617862318906, 24.748606486042323], [121.79597493469, 24.748748939097418], [121.79595218934698, 24.74876484978234], [121.79562818588866, 24.74884077283768], [121.79553523630784, 24.748862554053584], [121.79493813242668, 24.749182158020982], [121.79475913771644, 24.749277966036505], [121.79405265676296, 24.74968147572682], [121.79394997483438, 24.749737002392607], [121.79373264901099, 24.749854515968888], [121.79364197576118, 24.74990354960907], [121.7930468077494, 24.750144817190012], [121.79300379371867, 24.750162253238223], [121.79288699027386, 24.750209599687743], [121.79253005098391, 24.75035429516177], [121.79247529327743, 24.750376496247583], [121.79241444409506, 24.750371988156473], [121.79204835726057, 24.750344880053245], [121.79177416987629, 24.750248372906093], [121.79103700516762, 24.74994718834967], [121.79097118920001, 24.749920297972224], [121.79073137495182, 24.749937245388132], [121.7902386283572, 24.750015274119765], [121.78990018268401, 24.750076897097923], [121.78932863497441, 24.750178928960512], [121.78866863734525, 24.75021431010251], [121.78791694598013, 24.750255007785086], [121.78771523826624, 24.750282240724868], [121.78663920028632, 24.750465268735134], [121.78565370440215, 24.750502858970126], [121.78493630532465, 24.750406515104903], [121.78493501534396, 24.75030246514766], [121.78493984828016, 24.749276762726133], [121.78498231883019, 24.749183606073522], [121.7850092440342, 24.748712563884872], [121.78501191472549, 24.748678131915376], [121.78349781419558, 24.748674862974415], [121.78326694896418, 24.748169908050436], [121.78317100440033, 24.748104726373622], [121.78311124128109, 24.748065715085325], [121.78305005972204, 24.748025489040984], [121.78300185432728, 24.747993790667387], [121.78297643110642, 24.747977068150615], [121.7827952768462, 24.74784932168871], [121.78281792876443, 24.74790646692945], [121.78283454580053, 24.74794663672128], [121.78287926932529, 24.748062265833898], [121.78288560783788, 24.74808264317468], [121.7828498243469, 24.748100542077207], [121.78277508002365, 24.748139122606283], [121.78270933232805, 24.748165918735033], [121.78268860909273, 24.748176742098188], [121.78263301056316, 24.748207476136958], [121.78274880160666, 24.748459205682185], [121.78286375721694, 24.748700609859313], [121.78287841772239, 24.748729654231752], [121.78289182867124, 24.748760992646798], [121.7845119555575, 24.748760121364885], [121.78491604112854, 24.748758501987925], [121.78491673732283, 24.748788085595166], [121.78491384474763, 24.749182804953744], [121.78486027730891, 24.74927088812398], [121.78486070670367, 24.74947364209436], [121.78488617484024, 24.75021987710444], [121.78488871617417, 24.750294352862916], [121.78489049663507, 24.75034643496162], [121.78489163390226, 24.75037627190357], [121.78492827258941, 24.75059009522538], [121.78493105557015, 24.750618763890675], [121.7848210317108, 24.750656920240687], [121.78447163737091, 24.750771561352895], [121.78363383260435, 24.75104782309957], [121.78340930139404, 24.751369217001045], [121.78331239563276, 24.751502150710824], [121.7831923097439, 24.75166629796109], [121.78316249376131, 24.751711779762836], [121.78329196434997, 24.753339165140503], [121.78313562155785, 24.753566855627238], [121.78220891861247, 24.753779941710036], [121.78203059674037, 24.754407232868605], [121.78206350921576, 24.75520620437397], [121.78201371290459, 24.756197162848075], [121.78199777229989, 24.756309681958616], [121.78197677238349, 24.756437503746866], [121.78192664189905, 24.756549352904123], [121.78182757299456, 24.756682696291683], [121.78171479310389, 24.756790024317887], [121.7815426642174, 24.756920354869635], [121.78059201488144, 24.757263604690035], [121.78044908932651, 24.757331949938983], [121.78022735816486, 24.75745518289791], [121.779822571908, 24.758076737123506], [121.77928202505882, 24.758735476270644], [121.77913218157785, 24.758838706688675], [121.77857389659505, 24.759223322201645], [121.77816293262391, 24.75939081030062], [121.77761971328677, 24.759571959306225], [121.77735549001565, 24.759649171146727], [121.77717509213693, 24.75971992476478], [121.77581697597127, 24.760303828194328], [121.77530516802464, 24.760627774227235], [121.77504646759587, 24.760810121364834], [121.77352339289628, 24.761658119035403], [121.77324311403608, 24.761813531992264], [121.77307258504901, 24.76190862630157], [121.77266713134387, 24.762135106055258], [121.77259076825646, 24.762178086293524], [121.7680979800086, 24.76292445138083], [121.76776083599427, 24.762980411798285], [121.76739012014109, 24.76304203079355], [121.76700218897386, 24.76310646723047], [121.76664816561536, 24.763164333885918], [121.76645169058799, 24.76319836377374], [121.76625014187589, 24.76323327135832], [121.76606117317105, 24.763265178745158], [121.7658835070691, 24.763295178174356], [121.76575401581917, 24.763317642869843], [121.76573568839079, 24.76332080619883], [121.76558757955661, 24.763345284065103], [121.76192485888578, 24.763938709335687], [121.76172457679823, 24.76397356695407], [121.76173417080543, 24.763998071610068], [121.76174126569957, 24.764016238219018], [121.76177686593428, 24.764107319198626], [121.76181545935552, 24.764205902971977], [121.76185663363653, 24.764347642346895], [121.7618643124356, 24.764369113323884], [121.76191726722328, 24.76451674760245], [121.76207145226205, 24.76495410017346], [121.76215542587646, 24.765182382779226], [121.76216798971406, 24.76522880502817], [121.76218057421286, 24.76527534390463], [121.76219333028985, 24.765322496168782], [121.76220704756426, 24.76537323667039], [121.76224486663772, 24.765536716299696], [121.76225553682666, 24.76559691471488], [121.76228222218049, 24.765773117266136], [121.76231408901685, 24.766288119310396], [121.7623169007437, 24.766548647781676], [121.76231452739476, 24.76658662794454], [121.76231214506262, 24.766696815377276], [121.76230921475815, 24.766799994316084], [121.76230079844227, 24.76700358512548], [121.76228903680027, 24.767135682341983], [121.7622811397106, 24.76719787188726], [121.76227554230807, 24.76722671780255], [121.76223101461602, 24.767496831855002], [121.7622179459253, 24.767552384817513], [121.762214078678, 24.767581384814637], [121.76218038197335, 24.767769368711825], [121.76211481124581, 24.768079648129437], [121.76206844021084, 24.768331109838538], [121.76201457183656, 24.76861892167305], [121.76190740821302, 24.76917238640146], [121.7616119298582, 24.770694797281227], [121.76151000161616, 24.77121323160153], [121.76142792883688, 24.77162145876932], [121.76137633230191, 24.771892091806546], [121.76126587635288, 24.772424649846037], [121.76117173470773, 24.772942766181377], [121.76114762033224, 24.7730825266116], [121.76113231034483, 24.773171197230706], [121.76109316984964, 24.773397920714267], [121.76106952888628, 24.773544152769652], [121.76089369714416, 24.774376619369793], [121.76088691576207, 24.774411027903945], [121.76085206831559, 24.774587637185626], [121.76080781101645, 24.774811959297125], [121.76078733122463, 24.774915742403476], [121.76076907206816, 24.774953361127714], [121.7611176166018, 24.775013434263837], [121.76132157190051, 24.77505066063831], [121.76146335210348, 24.775076535820762], [121.7616274338817, 24.775106479380387], [121.76190372691697, 24.775156904311952], [121.76209913115255, 24.775192563811565], [121.76228980396152, 24.775227360360947], [121.76275821070345, 24.775315390807776], [121.762876107398, 24.775334321640013], [121.76307006714256, 24.7753697078518], [121.76326421463504, 24.775405138097682], [121.76349220885076, 24.77544673287858], [121.76355795115649, 24.775458730005862], [121.76371632324276, 24.775487625386795], [121.76388089190789, 24.775517652041668], [121.76404032310789, 24.77554674886976], [121.76415659205509, 24.77556795935534], [121.7642967292394, 24.77559353427786], [121.76442900616502, 24.775617667975713], [121.76462373756243, 24.775653191948305], [121.76482889480701, 24.775690627747874], [121.76487491819397, 24.77569902710718], [121.76493981428675, 24.77571086597785], [121.76600470776724, 24.77629899420402], [121.76600617112284, 24.776349637238916], [121.76600717633765, 24.7763845142109], [121.7660119993924, 24.776551572984722], [121.76601793815476, 24.776757292893578], [121.76602170479072, 24.77688771260118], [121.7660251363551, 24.777006812161055], [121.7660284152059, 24.77712050485658], [121.76603139042608, 24.777223365197838], [121.76603514358736, 24.7773533048316], [121.76603639404226, 24.777396615837667], [121.76604295623537, 24.777624001226172], [121.76604764094958, 24.777786410949634], [121.7660523364436, 24.77794883024795], [121.76605797606693, 24.7781442686576], [121.76606547430461, 24.77840413199569], [121.76606735897008, 24.778469423378276], [121.76606889059765, 24.778522483000376], [121.76606968201342, 24.778549860630957], [121.76607462184913, 24.77873922669248], [121.76608017882751, 24.7789519376365], [121.76608326903207, 24.77907031666509], [121.7660930418041, 24.77944449093882], [121.76609639072348, 24.77957272771167], [121.76610251094549, 24.779806939790074], [121.76610869674451, 24.78004396035835], [121.76611201961275, 24.780171256939774], [121.7661171022806, 24.78036595862608], [121.76612964006704, 24.78040923921934], [121.76615797832099, 24.780507093953908], [121.7662042199986, 24.78066675378815], [121.76622280883672, 24.780730967392344], [121.76626177685547, 24.780865503316605], [121.76630984211303, 24.781031477842685], [121.76633597230803, 24.781095638244544], [121.76633717605053, 24.781125857654285], [121.76639069228528, 24.781310651647793], [121.76645607975647, 24.78153643538388], [121.76653811660313, 24.781819687633863], [121.76657787424101, 24.781956973359648], [121.76662932884216, 24.782134636246987], [121.76663916269956, 24.78217397530431], [121.76665846030849, 24.782359711370596], [121.76668861585425, 24.78265009973682], [121.76671373724122, 24.782891934154357], [121.76673576662691, 24.783103973282227], [121.76675895394105, 24.783327173260563], [121.76677629681588, 24.783494203931347], [121.76680530700968, 24.783773493717394], [121.76683197260058, 24.784030126192963], [121.76683567815114, 24.784163207633604], [121.76683510592426, 24.784198800115302], [121.76683168603797, 24.78441152861592], [121.76682915009397, 24.78456994865123], [121.76682469714508, 24.784847378963182], [121.76682268312221, 24.78497230220468], [121.76682528643994, 24.78499370681605], [121.76682756816075, 24.7850124967098], [121.76685828515357, 24.785265379906978], [121.76688338767588, 24.785472030613292], [121.76690191902185, 24.78562456580967], [121.76692372023547, 24.785804032366478], [121.7669455214491, 24.785983489692526], [121.76695642699667, 24.786073227637214], [121.76697822821029, 24.786252685389496], [121.76699784292451, 24.786414206278884], [121.76700412394501, 24.786516515755185], [121.76683434684784, 24.786720437152855], [121.76678004997714, 24.786785654837782], [121.76685275781962, 24.78690022834723], [121.76695979927224, 24.787068903261417], [121.76701931804972, 24.78716630011163], [121.76707634759552, 24.78724164511551], [121.76709699357569, 24.787266809039895], [121.76711518715516, 24.78741900194419], [121.76714083315815, 24.787633496302238], [121.76715156083931, 24.78772324365572], [121.76717945981709, 24.78795658565531], [121.76719555672868, 24.7880912026406], [121.76720092326421, 24.788136078198765], [121.767222383118, 24.788315576191362], [121.76724277487499, 24.788486093946656], [121.76727282172455, 24.788737382199194], [121.76730285869272, 24.788988669942714], [121.76732325224629, 24.78915918677289], [121.76735543708628, 24.789428430220745], [121.76737260928128, 24.78957202387758], [121.7673930019365, 24.789742542352542], [121.76741592873923, 24.789934334681845], [121.76742016609242, 24.790017109984674], [121.76732822172649, 24.79010852175271], [121.76399368078172, 24.79045499089087], [121.76377060035058, 24.79047066625243], [121.76221567408591, 24.790605464820025], [121.76196034323777, 24.790636155737825], [121.76192022268054, 24.79063973673855], [121.76161295573428, 24.790595021930354], [121.76158134132443, 24.790590424775115], [121.7614010117177, 24.79056418583761], [121.76119841107838, 24.79053471086117], [121.76117015007956, 24.790541661645484], [121.7610650921071, 24.790567483850683], [121.7609218476502, 24.79060269935045], [121.76067354611915, 24.790663737025405], [121.760468219093, 24.790714208645426], [121.7602628920668, 24.79076468106042], [121.760157833196, 24.79079050240369], [121.75995728520712, 24.790839802870185], [121.75965167834751, 24.790914933605276], [121.75949887491763, 24.790952490392687], [121.75939382592833, 24.790978310065796], [121.75922669436974, 24.791019397261007], [121.75917894891235, 24.791031149855094], [121.75902137632667, 24.79106991195936], [121.7587921900466, 24.79112629028888], [121.75862984740674, 24.79116623161756], [121.75842929762128, 24.79121555803163], [121.75824785590014, 24.7912602000342], [121.7580377579215, 24.791311875945677], [121.75789454670232, 24.79134711080679], [121.75784511780208, 24.791359264609227], [121.75772383356065, 24.791389103114795], [121.75761844860142, 24.791415032793168], [121.75755795605015, 24.791429909632733], [121.75750799804229, 24.791246694076747], [121.75750087709703, 24.791220584131487], [121.75748957808734, 24.79117914795676], [121.75724880443838, 24.790296142874418], [121.7572399129137, 24.79026352476476], [121.75714317603574, 24.78990874803495], [121.7570984390363, 24.78991914939005]]]}, "id": 511, "type": "Feature", "properties": {"空域類別名稱": "縣市政府限制使用範圍", "會商機關名稱": null, "主管機關名稱": "宜蘭縣政府", "聯絡方式": "承辦窗口：劉靖茹\r\n電子郵件：cjliu123@mail.e-land.gov.tw\r\n電話：03-9251000 #2268", "主管機關": "5", "空域說明": "本區每星期六、日全日及星期一至星期五下午5時至上午8時禁止遙控無人機飛航活動。", "三級機關": null, "有效日期起": null, "罰則": "罰款3萬-15萬\n註冊/地點/操作限制\n得沒入遙控無人機", "last_edited_date": null, "空域類型": 7, "SHAPE__Area": 34497633.95256407, "會商機關": null, "空域顏色": "黃區", "有效日期迄": null, "限制區": "黃區", "created_user": null, "空域類別": 7, "空域名稱": "宜51 宜蘭縣政中心地區、宜蘭、壯圍、礁溪(四城)、員山都市計畫都市計畫及礁溪龍潭湖風景區計畫", "last_edited_user": null, "條件": "限制", "countyid": null, "created_date": null, "二級機關": null, "SHAPE__Length": 51617.40234747207, "objectid": 511}}, {"geometry": {"type": "Polygon", "coordinates": [[[121.77995156369461, 24.829700369368087], [121.7800356666664, 24.8297786732414], [121.78011720404979, 24.829854579344577], [121.7802191188171, 24.8299494649654], [121.7802907846139, 24.8300161869153], [121.78043168806113, 24.830147369142725], [121.78009519442705, 24.830518020593246], [121.77990163263614, 24.830732931987303], [121.77956159963988, 24.83110902602937], [121.77940543022268, 24.831281047783147], [121.77934705500056, 24.831348907124227], [121.77922492095286, 24.831484133275875], [121.77901362012999, 24.831718089137674], [121.77893008938501, 24.831810565049345], [121.77889711672249, 24.831847074064708], [121.77882606357682, 24.83192574507815], [121.77876603365792, 24.83199047265278], [121.77874957472528, 24.832008271405083], [121.77873367544306, 24.832025453003247], [121.7787030662481, 24.832058528897864], [121.77866157935333, 24.832103352668238], [121.7785275947304, 24.83224816461722], [121.77826943329082, 24.832527193751336], [121.7782108972702, 24.83259046007294], [121.77817139385557, 24.83263315175728], [121.77813697221052, 24.832670364095492], [121.77809623091744, 24.832714397662183], [121.7780575530546, 24.832756200676016], [121.77802128088007, 24.832794127955534], [121.77799986863693, 24.83280942620683], [121.77797968798406, 24.832840359403775], [121.77794400690104, 24.83287891440307], [121.77790452414766, 24.8329215872371], [121.77786596486239, 24.832963254033658], [121.77782729688097, 24.83300505614822], [121.77778835401509, 24.833047140326194], [121.77775245823467, 24.833085939836916], [121.77771338690971, 24.833128159319287], [121.77767496506664, 24.83316968989921], [121.77763685673565, 24.833210865830647], [121.77759711796244, 24.833253820627313], [121.77756136860744, 24.833292457023006], [121.77752708260793, 24.833328589770673], [121.77744501881185, 24.833417398298135], [121.77715218689382, 24.833734042809617], [121.77690510707154, 24.834003911745434], [121.77661087198506, 24.83431855088577], [121.77656455844227, 24.83437144964723], [121.77651626680925, 24.8344265201957], [121.77607345756128, 24.834932135019322], [121.77546723667832, 24.83562431874101], [121.77485682425622, 24.836742285061792], [121.77462332426614, 24.836715418385666], [121.77446705783086, 24.83669752166738], [121.77419199908081, 24.836665403275873], [121.77387119542149, 24.836628735896433], [121.7732675616865, 24.8362502903729], [121.7730016900068, 24.83599831989483], [121.77287531321602, 24.835878693290955], [121.77271746215257, 24.835729580331147], [121.77258372097312, 24.835602799771106], [121.77241647532844, 24.835522723180514], [121.77209315279305, 24.835372307042213], [121.77200389169485, 24.835339545084224], [121.77165002194826, 24.835216387860548], [121.77161152285012, 24.835180492083136], [121.77138046897255, 24.834965038936932], [121.77114030168633, 24.834741090596943], [121.77104380016695, 24.834650884063084], [121.771020222984, 24.83462824559602], [121.77097446639671, 24.83458644810574], [121.77095880337146, 24.834538219148666], [121.77093698868308, 24.834471082230852], [121.7709035659646, 24.834368181333208], [121.77079623435611, 24.83404195522294], [121.77071150076698, 24.83377691263896], [121.77062194412302, 24.833501170963245], [121.77059066029331, 24.833404876050167], [121.77055139942375, 24.833284012649756], [121.77028325320977, 24.83315031706182], [121.77021914673614, 24.833118354278483], [121.7700112577148, 24.83301468999483], [121.76989895303294, 24.83295869921245], [121.76987140529641, 24.832944964635985], [121.76977924533477, 24.832899016935162], [121.76970668391772, 24.832862800091], [121.76959724216665, 24.832677818790618], [121.76957130510945, 24.832635033367268], [121.76949433565929, 24.83250500084127], [121.76941226826986, 24.832366372920227], [121.76939174356225, 24.832331694311385], [121.76910155179289, 24.83216462426831], [121.76898368743771, 24.83209318231017], [121.76886965619384, 24.831925012159157], [121.76865900934459, 24.83161434704699], [121.76854759040151, 24.831450031626446], [121.76847079522453, 24.831336771917538], [121.76837841607401, 24.83120052570837], [121.76826300411952, 24.831030324332136], [121.76817162209899, 24.830892806784384], [121.76809570188102, 24.830745664844667], [121.76800705163718, 24.830573864915607], [121.76798911856919, 24.830539091233447], [121.76788670164366, 24.83034062922173], [121.76784387715742, 24.83031029788552], [121.76778451558516, 24.830267696710674], [121.76725339385993, 24.829892188740846], [121.76717090516065, 24.82983379393381], [121.76708386469784, 24.82977216409013], [121.76704371898774, 24.82974372405191], [121.76656975257252, 24.829844840897017], [121.76627879813347, 24.82990831892975], [121.76614229373615, 24.829858579078444], [121.76441430164213, 24.82918155339037], [121.76349540415823, 24.828538364755733], [121.76293898677297, 24.82815133971611], [121.76230666983096, 24.82770976092447], [121.76188826601268, 24.827672765592755], [121.76109174242664, 24.82760237684198], [121.76091736595528, 24.82758595937104], [121.76056482841022, 24.82754776715792], [121.76024907867264, 24.82751215940032], [121.75989315717395, 24.827472051233823], [121.75960237431316, 24.827439311644113], [121.75913700567348, 24.827386865668323], [121.75898043830257, 24.82736919914407], [121.7582821481878, 24.827462444675827], [121.75802298602497, 24.8274970732851], [121.75817179285009, 24.827720213732217], [121.7579001764442, 24.82789776539257], [121.75773695525197, 24.82800446519386], [121.7575299636476, 24.828139770003997], [121.75739720342843, 24.82821256761577], [121.75734996282424, 24.82824621604329], [121.75717378702737, 24.828371699682265], [121.75714688697613, 24.828390858847726], [121.75709429780281, 24.828428321122274], [121.75702708225997, 24.828476193734698], [121.75671064531129, 24.82863064982023], [121.75639379603578, 24.828759584970072], [121.75634018098643, 24.82878138884712], [121.7562908176632, 24.82879788931825], [121.75604998472541, 24.82887834610241], [121.755845001754, 24.82893253125414], [121.75579692392002, 24.82894879038226], [121.75575658956375, 24.82898925516293], [121.75549493188105, 24.829371376953173], [121.7553830323394, 24.82953698489876], [121.75522958571581, 24.82981261066575], [121.75513010807788, 24.829932221118376], [121.75496643772806, 24.830129010846246], [121.75462498359698, 24.83042021103389], [121.75441700025247, 24.83056749684769], [121.75419527537917, 24.83069352028791], [121.75385588198331, 24.830838930661507], [121.75321081165926, 24.831022139059247], [121.75303365939365, 24.831034958305093], [121.75265331180407, 24.83102225727288], [121.75193986441549, 24.83082954937855], [121.75181541720593, 24.830795931817875], [121.75096627300552, 24.830645990945552], [121.75068346898104, 24.830698681752143], [121.75020535684074, 24.830844393768608], [121.74987767567964, 24.830982261934743], [121.74973536367399, 24.830971753964217], [121.74948622131986, 24.83092381791049], [121.7492343049681, 24.830765202742427], [121.74920397065756, 24.83096528237793], [121.7492382854031, 24.83157611286738], [121.74922966337303, 24.831637736106373], [121.74918031621947, 24.83196459304064], [121.74927178627497, 24.832189935603466], [121.74937895977997, 24.83253246519872], [121.74938322587924, 24.832616540922462], [121.74937469008742, 24.83268423974157], [121.74925364300123, 24.832947707964276], [121.7492284542406, 24.833085683847568], [121.74920417637178, 24.833218671866753], [121.74920664584046, 24.833517290898996], [121.74922052481162, 24.833707893714603], [121.74925304202829, 24.83386538007137], [121.74930313478343, 24.834000955661185], [121.74939340918128, 24.83414221662618], [121.74963532638562, 24.834385556631997], [121.74977075460124, 24.83456992639442], [121.74984109717954, 24.834709798353195], [121.74986853083004, 24.83483138511109], [121.74987579640404, 24.834994531881307], [121.74987067421031, 24.83524967323419], [121.74987565087697, 24.83528919109474], [121.74988890911227, 24.835409958785316], [121.74993574367787, 24.835625725838263], [121.74997910356004, 24.83578977891804], [121.74976500628175, 24.835882360214644], [121.74957647415812, 24.835937389329317], [121.7490888596387, 24.835956770698164], [121.74868200725669, 24.83595702015969], [121.74820046265367, 24.83597913092762], [121.74807539021666, 24.83600160936187], [121.74776556576674, 24.836044713193193], [121.74742418889075, 24.836055465303108], [121.74710717073206, 24.836118258617237], [121.74663829866279, 24.836077638011155], [121.7464819100567, 24.836086326763752], [121.7462198310641, 24.83607841737388], [121.74600452285678, 24.836048018148464], [121.74589369320861, 24.836028674294628], [121.74568174470049, 24.83598919335565], [121.74547303282235, 24.835984997348532], [121.74500262732889, 24.836059667829687], [121.74478812760526, 24.83608564604429], [121.74462147934034, 24.836059300159576], [121.74441824988033, 24.835983570689777], [121.7439388827936, 24.835715479206154], [121.7438026460942, 24.835541720637888], [121.74372241036964, 24.835395591856535], [121.7435378119687, 24.834971495639838], [121.74346480678386, 24.834838485046234], [121.74336245813029, 24.834718638836772], [121.74278837717154, 24.83415119085059], [121.74242830725282, 24.83384845227053], [121.74230652085312, 24.83370362262731], [121.74225403318938, 24.83354146713008], [121.74215595871995, 24.833129356925014], [121.74216283981504, 24.83300771876513], [121.742177439235, 24.83289815928807], [121.74232280641091, 24.83252396615144], [121.74234330866065, 24.832383643331752], [121.74265409071471, 24.831510843741487], [121.74244018657417, 24.831389671137714], [121.74239676380995, 24.831373855833668], [121.74238144034786, 24.83135888188009], [121.74220664705815, 24.83118808639321], [121.74208448516268, 24.83109125894315], [121.74196155880087, 24.831040998611993], [121.7418251253705, 24.83098589068595], [121.74186761478508, 24.830896339336675], [121.74197578991162, 24.830668374961675], [121.74212943416457, 24.830341695595852], [121.74225109120684, 24.83016657939559], [121.74229373333503, 24.830022913731586], [121.74231086330924, 24.829703322293916], [121.74239488722935, 24.82954488003154], [121.74254609704784, 24.829365462932802], [121.74267016427004, 24.82923690262642], [121.74284035189727, 24.829090264191997], [121.74334251193774, 24.82868155194114], [121.74363793280034, 24.828475403725434], [121.74386602942408, 24.828551459008914], [121.74415729827342, 24.828644089743218], [121.74476448933693, 24.828795829918697], [121.74497740892389, 24.82883457206136], [121.7451060907917, 24.82884790516041], [121.74528557598211, 24.828843667331974], [121.7454865309078, 24.82881313017833], [121.74565963985627, 24.828769621895866], [121.74581988672655, 24.828729051056815], [121.74611513780765, 24.828631752896797], [121.74675838994156, 24.82838820102325], [121.74691876167765, 24.82834037729384], [121.74709836724232, 24.82828339138154], [121.74746260624222, 24.828299984046126], [121.7476999779712, 24.82833557527153], [121.74797333082061, 24.828396464737434], [121.74843351618104, 24.828527524757742], [121.74858566563738, 24.828554911730315], [121.7488649958767, 24.828562664251283], [121.74918085790358, 24.82850554228906], [121.74955462713038, 24.828389669348965], [121.74970587018655, 24.82836095587319], [121.75002068298127, 24.828416793015474], [121.75031488483009, 24.82851489765905], [121.7506720208511, 24.8285644187391], [121.75079404530427, 24.828554522840573], [121.75091130060176, 24.82849998695183], [121.75104105865121, 24.82853291866782], [121.75123783281762, 24.828543412170216], [121.75135603763428, 24.828503641049526], [121.75167839537906, 24.82829544209791], [121.75180839417709, 24.828277632213258], [121.75193877565741, 24.828302496751903], [121.75214160896037, 24.828411546666675], [121.75237619231866, 24.82849652770663], [121.75245644331457, 24.8284789950471], [121.75254819903436, 24.82842678675903], [121.75268182163623, 24.828356663404048], [121.75288009688742, 24.828208257205258], [121.75311629811156, 24.827932455841893], [121.75345617210608, 24.827704928712055], [121.75362611179824, 24.82762899438671], [121.7540450564024, 24.827390626601883], [121.75435530665374, 24.827016180387083], [121.7545121246546, 24.8269115562864], [121.75484761307386, 24.826753711324063], [121.75533322255346, 24.826589126928692], [121.75553563993644, 24.826465899038894], [121.75559777101475, 24.826422854650787], [121.75594009112176, 24.825815250160584], [121.75609436599208, 24.825564835241686], [121.75615746186102, 24.82545443593991], [121.75623550300132, 24.825296411384247], [121.75626706890206, 24.825240083652496], [121.75629795567644, 24.825250063792236], [121.75634324064828, 24.82517920567963], [121.75702991734302, 24.824019991856495], [121.75746761697363, 24.823772338037685], [121.7578510556661, 24.823555381983123], [121.758140376968, 24.823391681217302], [121.7582521785933, 24.823328423241247], [121.75835326601221, 24.823271223040358], [121.75859509787664, 24.823134385005197], [121.75917621444063, 24.822835568087303], [121.75971712241258, 24.822557409893786], [121.75984530122382, 24.822500665917385], [121.75985598758243, 24.822486005605374], [121.75997937388168, 24.82243444134201], [121.76007631737218, 24.822372702639537], [121.7603468917324, 24.822156521953193], [121.76038681735521, 24.822122535957384], [121.76112805412706, 24.82149138568667], [121.76137135922852, 24.821284270751494], [121.76196043486594, 24.82078271111598], [121.76211916987161, 24.820647557259054], [121.76317306078649, 24.819139250920436], [121.76319535966678, 24.819107336703063], [121.76323323982572, 24.819053122792695], [121.76330221157494, 24.8190018587782], [121.76347873591811, 24.81887065414638], [121.76437881998503, 24.818197380160726], [121.76489979703577, 24.8178320821387], [121.76577352183727, 24.8172092861742], [121.76731008114763, 24.81610222024452], [121.76752839871111, 24.81552813792339], [121.7675217871106, 24.815485522695287], [121.76747844070326, 24.81523422178737], [121.76740231477109, 24.81465514209462], [121.76737406275545, 24.814301423388713], [121.76735215643889, 24.814013472096242], [121.76730791171617, 24.81340730622848], [121.76725844598506, 24.81265926501183], [121.7672558660236, 24.812630887090975], [121.76724985359937, 24.812575695143238], [121.7672410546012, 24.812533714087042], [121.76723169505425, 24.8124822223281], [121.76717765959324, 24.812328871344736], [121.76667527766895, 24.811308519162516], [121.76652591927822, 24.81103373122186], [121.76651324764283, 24.81100634771431], [121.76645372167883, 24.810883891184222], [121.76642626467219, 24.810827488406165], [121.7663973721577, 24.810768531771064], [121.76609589036181, 24.810180248137875], [121.76607217843156, 24.81012653831828], [121.7660002988358, 24.80996480695109], [121.76591091287175, 24.809763679030397], [121.76584354910695, 24.80956910502854], [121.76579269637699, 24.809497685100947], [121.76578111529635, 24.809471652385213], [121.7656313463756, 24.809134956068522], [121.76564505736178, 24.808232113374807], [121.76570800590699, 24.808155671340632], [121.7659259901955, 24.80788912436831], [121.76639615763541, 24.807640623702426], [121.76666292313881, 24.807512066129156], [121.76711267636395, 24.80731889682697], [121.76782749997147, 24.807066975945517], [121.7679874728556, 24.806996015291002], [121.76807238790448, 24.806900935957692], [121.76817323008332, 24.8068274041716], [121.76827447830064, 24.806749941988688], [121.76841892470338, 24.80659923078893], [121.76849170980103, 24.80653954804312], [121.76853732175957, 24.806501651865663], [121.76862946375485, 24.806425241381476], [121.76866053109067, 24.80639984323911], [121.76875608039587, 24.806348449229606], [121.76884481687796, 24.8063020978114], [121.76896579299728, 24.806239895245902], [121.76907830608826, 24.806194673972588], [121.76910958901972, 24.80619412763474], [121.76912632732842, 24.80624767199528], [121.7691877101101, 24.80644443329631], [121.76921665382852, 24.806540361839648], [121.76936132301347, 24.80701886918767], [121.76941516623495, 24.807193328261032], [121.76942821965439, 24.807235377175406], [121.76949131911658, 24.807441660215982], [121.76952041914188, 24.8075396787265], [121.76961858164626, 24.80791057068825], [121.76963346403555, 24.807926122346117], [121.76965789371968, 24.808026488876255], [121.76970585297605, 24.808153936949218], [121.76971807275892, 24.80819626604101], [121.76973976078476, 24.80827334407458], [121.76976939800261, 24.808374498830148], [121.76988117537344, 24.808766567010384], [121.76995761302094, 24.809032838117783], [121.77006077375154, 24.809391041115926], [121.77020655235584, 24.809900633758286], [121.77023295024884, 24.80999229832219], [121.77024738617543, 24.810041769728297], [121.77033673890179, 24.810352439204934], [121.77044105486581, 24.81071506764177], [121.77047160567037, 24.810821093230363], [121.77049237741466, 24.810888834131593], [121.7705194553323, 24.810977340742955], [121.77053136968787, 24.81101482866847], [121.77059584806398, 24.81123016610547], [121.7706754989853, 24.81149693991114], [121.7707048801833, 24.811596020119445], [121.77080773369012, 24.811939757997784], [121.77082342456313, 24.811992725025362], [121.77095860125051, 24.812448940620364], [121.77096674088526, 24.812476415132664], [121.77096907560671, 24.812510410297595], [121.77096780988047, 24.812532332004473], [121.77097695293341, 24.81256330532713], [121.7711201030672, 24.813048061361258], [121.77115812066836, 24.81317680399224], [121.77124355314679, 24.81346610179345], [121.77135322396832, 24.81383749297108], [121.77137295636182, 24.813904333675985], [121.77143774825001, 24.81412371607222], [121.77145035700333, 24.814166417383255], [121.77152662666589, 24.81442470496339], [121.77160469116238, 24.81470123599246], [121.77161888993378, 24.81473713281332], [121.77163226674668, 24.814782447999292], [121.7716875876968, 24.814968145831532], [121.77177798067227, 24.81527137901576], [121.77178851701221, 24.81530673263522], [121.77183933740284, 24.815477200228575], [121.77188525478851, 24.81563104387477], [121.77199320443793, 24.81599338127224], [121.77200046192708, 24.81601771910486], [121.77208595728763, 24.81630452423154], [121.77216451765419, 24.816568063174568], [121.77227803057009, 24.81694886815814], [121.77240422230794, 24.817372174046056], [121.77245048824008, 24.81752736230603], [121.77247373304637, 24.817605352625442], [121.77253444478653, 24.817782739406947], [121.77260360069035, 24.817984818058942], [121.77262015214947, 24.818033104829723], [121.77265322093167, 24.818140069964308], [121.77271899557675, 24.8183528022078], [121.77282836815756, 24.818706569683975], [121.77290383292967, 24.818950633063764], [121.77295582023176, 24.819118783326516], [121.77296743814335, 24.819156342985398], [121.77303424315609, 24.819372418020652], [121.77306636421571, 24.819476291851817], [121.77309111639501, 24.819556369034576], [121.77309910690951, 24.819582511333586], [121.77310991184572, 24.819617147853243], [121.77312123510988, 24.819651803116127], [121.77312753679158, 24.8196709636304], [121.77318523109071, 24.8198477277962], [121.77322556005707, 24.819971181596387], [121.77326883100599, 24.82010365617485], [121.77341036237561, 24.820536935880074], [121.77351385997446, 24.82085380900558], [121.7735245993337, 24.82088667915865], [121.77353681103165, 24.820924054831693], [121.77360085282659, 24.821120111214057], [121.77366482365463, 24.821315978129533], [121.77377112669208, 24.821641385746826], [121.77382297924686, 24.82180014712914], [121.77398328181272, 24.82229088737644], [121.7740841320764, 24.82259961176728], [121.77411180198379, 24.82268433181573], [121.77418816866438, 24.822918106994475], [121.7742584241061, 24.823133170181105], [121.77429404140882, 24.823242226278072], [121.77434686234754, 24.823403915040522], [121.77442888571953, 24.823655020823352], [121.77451252516067, 24.82391105711064], [121.77454081131235, 24.823997652296192], [121.77461723907842, 24.82423160681063], [121.77465560971744, 24.824349071049994], [121.77474340386676, 24.824617859772726], [121.77474632878139, 24.824675448253657], [121.77477079709304, 24.824708738091463], [121.77477949997154, 24.82473538887038], [121.77479862600227, 24.824794026597104], [121.77480644314187, 24.824831281241057], [121.77483645316056, 24.824902708636692], [121.77485296060222, 24.82495324377141], [121.77506794990758, 24.825153428187736], [121.77546431895028, 24.82552248925465], [121.77557665507317, 24.82562708273201], [121.77569617502347, 24.825738365666208], [121.77581622857295, 24.825850044736395], [121.77594416214411, 24.825969271749006], [121.7760749855956, 24.826091076621402], [121.77620860729913, 24.826215494403794], [121.77636276538844, 24.826359025069042], [121.77650104216177, 24.826487778327007], [121.77670343978181, 24.82667621675642], [121.77687778301556, 24.826838546748736], [121.77700728055368, 24.826959121304387], [121.77703446537078, 24.82698442962708], [121.77716857485952, 24.82710930389083], [121.77732954128037, 24.82725917159283], [121.7775139510351, 24.827430866056385], [121.7777652682106, 24.82766485729599], [121.77792442362784, 24.82781303586555], [121.77794497169164, 24.827832168212932], [121.77824318272155, 24.82810981397529], [121.77836874204546, 24.828226726665186], [121.77838678201296, 24.828243515820915], [121.77843965864719, 24.82829275899759], [121.7784799283248, 24.82833020581141], [121.77868972896106, 24.828531486216217], [121.7787486467656, 24.828580426808596], [121.77880936030238, 24.82863695113462], [121.77886672042823, 24.82869112986973], [121.7793413686648, 24.82913227387961], [121.7795788005809, 24.829353316117842], [121.7796483059294, 24.82941803688439], [121.77974631122859, 24.829509277739852], [121.77977623231406, 24.82953713572481], [121.7798878991921, 24.829641107017626], [121.77995156369461, 24.829700369368087]]]}, "id": 512, "type": "Feature", "properties": {"空域類別名稱": "縣市政府限制使用範圍", "會商機關名稱": null, "主管機關名稱": "宜蘭縣政府", "聯絡方式": "承辦窗口：劉靖茹\r\n電子郵件：cjliu123@mail.e-land.gov.tw\r\n電話：03-9251000 #2268", "主管機關": "5", "空域說明": "本區每星期六、日全日及星期一至星期五下午5時至上午8時禁止遙控無人機飛航活動。", "三級機關": null, "有效日期起": null, "罰則": "罰款3萬-15萬\n註冊/地點/操作限制\n得沒入遙控無人機", "last_edited_date": null, "空域類型": 7, "SHAPE__Area": 4735681.50287037, "會商機關": null, "空域顏色": "黃區", "有效日期迄": null, "限制區": "黃區", "created_user": null, "空域類別": 7, "空域名稱": "宜52 礁溪都市計畫及礁溪五峰旗風景區計畫", "last_edited_user": null, "條件": "限制", "countyid": null, "created_date": null, "二級機關": null, "SHAPE__Length": 15109.66264846919, "objectid": 512}}, {"geometry": {"type": "Polygon", "coordinates": [[[121.96125363268696, 24.988042139681493], [121.96111648689255, 24.98816858129266], [121.96102732640566, 24.98825078170495], [121.96089579867504, 24.98827092977444], [121.9607460836531, 24.988232836119153], [121.96067089376551, 24.988165173746292], [121.96065281337381, 24.988123136748158], [121.9605915931872, 24.988016507738802], [121.96056365558186, 24.988014412726226], [121.96047053711781, 24.988007428265064], [121.96035672955446, 24.988017758395344], [121.96004825257747, 24.988181450987902], [121.95993449082825, 24.988198256661548], [121.9598311926554, 24.988182603935375], [121.95967764362388, 24.98810563489848], [121.95963795605465, 24.988024820207723], [121.95960566790838, 24.987924077182885], [121.95957979283492, 24.987843628776556], [121.95949399474215, 24.98778574917593], [121.9593141897515, 24.987753990903904], [121.95917333571155, 24.987729112065203], [121.9588317737827, 24.9877374098974], [121.95860421614815, 24.98764765632637], [121.95842177909377, 24.98750401188179], [121.95828938628546, 24.987399769668425], [121.9579850658133, 24.987250030388395], [121.95780852979198, 24.987331023091492], [121.95759775538193, 24.987465101312992], [121.95750026571574, 24.987527115738644], [121.95712489569111, 24.987942035027196], [121.95693304429248, 24.98798842495936], [121.95676940089217, 24.98799577419647], [121.95589815813571, 24.98799385424293], [121.95564049615943, 24.988183401064994], [121.95510420283313, 24.988186223994852], [121.95501844875781, 24.98814554595159], [121.95461926439499, 24.98795619285789], [121.95424395635412, 24.987845175814805], [121.95364230609933, 24.987873766706798], [121.9530770214438, 24.987772200370483], [121.9525571115917, 24.98749522467983], [121.952072331257, 24.98714327685802], [121.95147239408946, 24.986959960598792], [121.95118216818413, 24.98695294025133], [121.95064530083434, 24.986921855952236], [121.94998785621722, 24.986950727156323], [121.94918996988694, 24.987314578819273], [121.949083109894, 24.98736330909633], [121.94738376507445, 24.98769181293216], [121.94419500902215, 24.987821499613457], [121.94396118743518, 24.987739823279163], [121.94371187889266, 24.987652736319514], [121.94339335336092, 24.987541469847194], [121.94303591191277, 24.987315173210238], [121.94298798409739, 24.986949479745867], [121.94286133511707, 24.986397765637], [121.94264150658728, 24.986091575911928], [121.94220182886639, 24.98598671611904], [121.94178671108543, 24.985973272152712], [121.94134908691328, 24.985959096180316], [121.9407816615725, 24.985873977614855], [121.94056016217625, 24.985598942066144], [121.94038646483122, 24.985243608873077], [121.93998075510616, 24.985021572230618], [121.93943367660657, 24.984982997975493], [121.93834381624934, 24.98496062972235], [121.93697232237253, 24.984875665987477], [121.93615414130328, 24.984574209791948], [121.93551890842991, 24.98418523514381], [121.93527007329959, 24.983758239135206], [121.93518319183858, 24.983314562329532], [121.93506045591961, 24.982687773817045], [121.93485250042295, 24.98246470088396], [121.934838926879, 24.982404729342928], [121.93435530986261, 24.981904459973098], [121.93402901390365, 24.981484396905923], [121.93357687565147, 24.98090232484574], [121.93349131381562, 24.98079217271048], [121.93307882899673, 24.98045525033285], [121.93269106222117, 24.980281130361117], [121.93236604636145, 24.98029480620549], [121.9321645111241, 24.980379897690398], [121.93160105633687, 24.980879114702393], [121.93144775883367, 24.980951949296664], [121.93134692384135, 24.980984486144955], [121.93117577232181, 24.981013380728637], [121.93031141964363, 24.980983921037343], [121.93023984457676, 24.980986135868285], [121.92993327112988, 24.980891871976173], [121.92891811557, 24.980307808638333], [121.9288741053076, 24.980286169130267], [121.9283242159795, 24.97974200366809], [121.92816581155384, 24.979710539718102], [121.92790737163648, 24.9797801952252], [121.92784068789628, 24.97982859381758], [121.92778239711582, 24.979851843244834], [121.92772133682931, 24.979887666017575], [121.92735121027103, 24.980067246308398], [121.92706931983318, 24.980172484904443], [121.9269682827199, 24.98021020567329], [121.92660019533731, 24.980225847200213], [121.92610017328725, 24.980166254022485], [121.92601766931656, 24.980111518007366], [121.92596804817691, 24.979792658656454], [121.92587651164614, 24.979647075994418], [121.92585446339577, 24.979612007993957], [121.92548619635008, 24.979495679972782], [121.92512257898437, 24.979430546851134], [121.92457194225793, 24.97926161488296], [121.92454433702926, 24.979254748810607], [121.9230108742117, 24.97865435603976], [121.92272609838518, 24.978613021781072], [121.92236276668368, 24.978591211787805], [121.92207326302376, 24.978620246991927], [121.92191875279492, 24.978683133912924], [121.9218576448977, 24.97870800481044], [121.92164666028187, 24.97884695619023], [121.92159214871381, 24.978902096655958], [121.92147052131587, 24.979025130094914], [121.9211987971121, 24.9793307462435], [121.92115520007476, 24.979373681148722], [121.92111170634362, 24.97941433115112], [121.92106194057523, 24.979454902154323], [121.9210387236167, 24.97946977671977], [121.92074303056452, 24.97923045291079], [121.92067818567573, 24.979177969614206], [121.92038960817894, 24.97894440307927], [121.91930044132116, 24.97806284837302], [121.91878798928246, 24.97764807000838], [121.91835230996291, 24.977291528219155], [121.91563432232356, 24.975095392985384], [121.914826343421, 24.974441361875993], [121.91255998019746, 24.972606755784927], [121.91220461026428, 24.972319077355145], [121.91198370824772, 24.972140252040983], [121.91033722479101, 24.97080736061024], [121.90940742535282, 24.970054631328203], [121.90912063730006, 24.969822454666915], [121.90633311736275, 24.967565681241684], [121.90277849725821, 24.964687661607798], [121.90268109203362, 24.96458683838862], [121.90265436356064, 24.96452271128293], [121.90259295742278, 24.96449560773092], [121.9022438963579, 24.964134288089106], [121.89747448269802, 24.95919707402888], [121.89422345632853, 24.95584904766692], [121.89322936626213, 24.954819975794617], [121.89178874163423, 24.953874619746486], [121.88972439694165, 24.952519921127372], [121.8877569651969, 24.951228765021547], [121.8876445886498, 24.951155013654592], [121.88621491089197, 24.94969984391392], [121.88591049160509, 24.949389989712845], [121.88528163497361, 24.94874989963446], [121.88522900717273, 24.948696332284158], [121.88519842223221, 24.948665200038455], [121.88488912329672, 24.94835037238947], [121.88486523978828, 24.948326062243172], [121.88475796207871, 24.948216864854516], [121.88460905913382, 24.948065299031356], [121.88411401464877, 24.94756079720333], [121.8840627675584, 24.947508381849957], [121.88403104085927, 24.947475933075513], [121.883995467574, 24.94743954863795], [121.88088303777818, 24.944256107796413], [121.88019430483973, 24.943541314700422], [121.88012178474511, 24.94347745112767], [121.88008845724816, 24.94344336083902], [121.87852260297804, 24.94184166295851], [121.87723468566024, 24.940524218734748], [121.87604287639975, 24.939305049990267], [121.87592251382979, 24.938850746706986], [121.87586274891396, 24.9386553853457], [121.87577520719121, 24.93828882313246], [121.87567149759, 24.937854561646276], [121.875455327, 24.936949377739566], [121.87514280580757, 24.935640720170248], [121.8743092204279, 24.932139454678726], [121.87424394255116, 24.93185561540207], [121.87418181776103, 24.931595501595467], [121.87415922782662, 24.931500917212485], [121.87413272842404, 24.93138996165811], [121.87410728723684, 24.93128343989824], [121.87402771806228, 24.930950287235643], [121.87388098634545, 24.930335921269624], [121.873698415442, 24.92957148211009], [121.87350312529254, 24.926995580168978], [121.87349851424018, 24.926934757194847], [121.87344584242184, 24.92623998111513], [121.87338285974062, 24.925409202133565], [121.87336502818223, 24.925173989022202], [121.87333238789634, 24.92474343522497], [121.87332937674356, 24.924703717865693], [121.87332423658349, 24.924635908962284], [121.87330518062133, 24.924384544745976], [121.8733010744222, 24.9243303590734], [121.87329599804254, 24.924263411865713], [121.87329253683373, 24.92421775472738], [121.873095533597, 24.92161897338114], [121.87302790303251, 24.921235283363746], [121.87101811392546, 24.920038097759754], [121.8696034047952, 24.919194528804997], [121.86847164162326, 24.91852062381354], [121.86646503075568, 24.917325750851695], [121.8664161022171, 24.91729663194476], [121.86631105682099, 24.91723411124455], [121.86628035959109, 24.917215835944432], [121.86255027066386, 24.914995536288536], [121.8621062630633, 24.914664876636397], [121.86180477138596, 24.914417163207467], [121.85986383814539, 24.91291131305581], [121.85982531119954, 24.91288141830188], [121.85748332330374, 24.911064319708718], [121.85689216177818, 24.910605646366726], [121.85662956086446, 24.910399260771594], [121.85623484202691, 24.910095620406842], [121.85615793096729, 24.91003594522097], [121.85613363692872, 24.910017099347403], [121.85597247018359, 24.909892039944417], [121.85548631362995, 24.909520327730398], [121.85536065728796, 24.909424251718107], [121.85527872823914, 24.90936160807439], [121.85465588403183, 24.908885376183154], [121.85407266091848, 24.908439418782272], [121.8534093350312, 24.907932221673725], [121.85325700321687, 24.907814322712102], [121.853042901447, 24.907648614286114], [121.85296248605943, 24.90758637060352], [121.8528428924473, 24.907493802265417], [121.85281246920363, 24.907470258899657], [121.8526026281431, 24.907307838396175], [121.85232982326602, 24.907096692318255], [121.852196938181, 24.90699383883048], [121.85189925625882, 24.906763424610297], [121.8518437664254, 24.90672047987177], [121.851684470871, 24.906597185173872], [121.85122404296538, 24.906240801900385], [121.85113878655672, 24.90617321016735], [121.85105106337429, 24.906103653983962], [121.85102140729177, 24.906080541367007], [121.85096770690244, 24.906038693888203], [121.8488226512765, 24.904352043971432], [121.8484192448319, 24.904034838853956], [121.84839143568561, 24.904012971655817], [121.84801548984093, 24.90371735589358], [121.84770112261063, 24.903470159874406], [121.847182977948, 24.903062721721774], [121.84678635917365, 24.902750842853706], [121.84463725933227, 24.90104501068773], [121.84445444857874, 24.900917100965298], [121.84441938284158, 24.9008652988833], [121.84396528177056, 24.900194479676212], [121.84361555056246, 24.899677843287673], [121.8433505161126, 24.89927793781491], [121.84316278618451, 24.8990128818725], [121.84311475236797, 24.89894019030612], [121.84309864018503, 24.89891577508226], [121.84283869199629, 24.898524553950168], [121.84260048303751, 24.89816841299809], [121.84249041875394, 24.89801567829545], [121.84246041412514, 24.89797135916267], [121.84244293740129, 24.897945538173968], [121.84226863908331, 24.8976880450373], [121.84146008615731, 24.896493531743225], [121.84118559963407, 24.896088014762995], [121.84012731775402, 24.894524512118124], [121.83981858296058, 24.894068379121528], [121.83960369965642, 24.893750903120726], [121.83958725869006, 24.89372661235792], [121.83944086473981, 24.89351031516782], [121.8393596345802, 24.89339030417774], [121.8391052990654, 24.893014541312162], [121.83906393883309, 24.892953419642716], [121.83892615433649, 24.892749848387066], [121.83872292667314, 24.89244959516579], [121.83871202382049, 24.892418623097388], [121.83851207321138, 24.892138062690716], [121.83830471868754, 24.891831693231897], [121.8382829552032, 24.89179953130469], [121.8376029071769, 24.89079475389675], [121.83719950522381, 24.890198713331124], [121.83703560041373, 24.88995653433458], [121.83684040279071, 24.889668118598077], [121.83677094056134, 24.88956548527317], [121.8353421278811, 24.887454270279033], [121.83490140362294, 24.886814464956462], [121.83386666838312, 24.885481916149512], [121.83350594089768, 24.88501753138052], [121.83304456526943, 24.88442331767754], [121.8323264107088, 24.8834985519168], [121.83108684431289, 24.88190231871974], [121.83106857527491, 24.881878785957095], [121.83073477299347, 24.881448938400464], [121.83052105031264, 24.88117371127649], [121.83014840218335, 24.88069381995357], [121.8301286751797, 24.880668164044472], [121.82977435717375, 24.880212120854925], [121.82947599073526, 24.879827889736973], [121.82934870484941, 24.879663964334505], [121.82806747728559, 24.8780136051592], [121.82801122029086, 24.877941504299734], [121.82887197072478, 24.87729723506092], [121.82970341272417, 24.876679575974958], [121.82975686517854, 24.87664578995072], [121.83047903071694, 24.876094316982673], [121.83101592860942, 24.875692440328717], [121.83138159503234, 24.875418726827167], [121.83143636441689, 24.87537772467888], [121.83145946459437, 24.875360434190068], [121.83251630018684, 24.87459045813726], [121.8326759263212, 24.874462067069377], [121.83457710461883, 24.873026666239273], [121.83461536207015, 24.87300167376972], [121.83372679889679, 24.872349196236907], [121.83239054862348, 24.87134546111438], [121.83198282307896, 24.87103880699522], [121.83134158766286, 24.870554943093172], [121.83046017597738, 24.869976193102556], [121.8293854917586, 24.86990084218352], [121.82932008991439, 24.869896257751734], [121.82898561389638, 24.869872800943508], [121.82893911170744, 24.86986954660749], [121.8285498959493, 24.86984224864994], [121.8283606487667, 24.869828981093832], [121.82804270713987, 24.86980668484808], [121.82795646438107, 24.869800635838494], [121.8278837188093, 24.869785555693824], [121.82764688157796, 24.869736465951114], [121.82718438844553, 24.869640606745836], [121.82689171373265, 24.86957993969785], [121.82661574409087, 24.869522735608555], [121.82635009429507, 24.86946800831714], [121.8260839243747, 24.869412496143664], [121.82588213940568, 24.869370666393934], [121.82543949544771, 24.86927890724139], [121.8251301632746, 24.869214794134162], [121.82406738173329, 24.86899447674499], [121.82383041963605, 24.86894535490247], [121.8235572491447, 24.868888721846247], [121.82348737818195, 24.86887423818265], [121.82262689095438, 24.86869584879591], [121.82194147369763, 24.86855375928665], [121.8218143683732, 24.868527402385606], [121.82159018481089, 24.86848092265054], [121.82142504212229, 24.86844668530902], [121.82121641199086, 24.86840343302265], [121.82087316482244, 24.86833226708984], [121.82044309278693, 24.868243104638434], [121.82022066093943, 24.868225531154117], [121.81985760771563, 24.868196845667235], [121.81945175066693, 24.86816477783435], [121.81914516194865, 24.868140549687038], [121.81838692635668, 24.868080635798258], [121.81807211895192, 24.868055763766872], [121.81790618305094, 24.868042650873264], [121.81730887525215, 24.867995448030836], [121.81724150969069, 24.867990120227685], [121.81691563324497, 24.867846796776476], [121.81685587910891, 24.867820509001707], [121.81663949921152, 24.867725346786493], [121.81594903521946, 24.86742166505275], [121.81554530538136, 24.86724408778233], [121.815161345666, 24.867075213133692], [121.81483067131838, 24.866929771989675], [121.81455637613624, 24.866809119828627], [121.81452157180881, 24.866793817630683], [121.8144877610182, 24.866778944136996], [121.81428617098356, 24.86669027773422], [121.81417466310738, 24.866641232404053], [121.81414447432394, 24.86662795390896], [121.81411670560185, 24.86661573739882], [121.81370877074986, 24.866216749376893], [121.81352813122433, 24.8660400709899], [121.81342350803644, 24.865937741605986], [121.81340142834512, 24.865916149664805], [121.81333182238528, 24.86585095896494], [121.81329962317226, 24.8658208001552], [121.81318546077439, 24.865713890078037], [121.81274082525147, 24.865297458911545], [121.81269611789637, 24.865296004879383], [121.81254002303935, 24.86529092310216], [121.81246143662165, 24.865288362244936], [121.8118079302188, 24.865267079905806], [121.81118006981896, 24.865319847255133], [121.81082179922575, 24.865346208915266], [121.81036170369678, 24.86511320665908], [121.80920128786053, 24.86452554067442], [121.80898003011112, 24.864482263379816], [121.80885901266932, 24.86445859118714], [121.80872478100964, 24.864432335293742], [121.80864284207934, 24.864416303335222], [121.80852585807317, 24.864393417649737], [121.80856501743298, 24.863854107611655], [121.80858045677785, 24.86371868128349], [121.8085792332724, 24.863532249674066], [121.80941255005578, 24.862234525925793], [121.81096906633853, 24.860522840311322], [121.81172195066635, 24.85969487690141], [121.81193636504989, 24.85945214988471], [121.81333225627161, 24.85787193886694], [121.8135598731949, 24.857632234705004], [121.8148713299664, 24.856251057809306], [121.81568337284727, 24.855395830675977], [121.81602407598675, 24.855033953376008], [121.81635841007088, 24.854678834728198], [121.81711381776634, 24.853766726878405], [121.81804985600418, 24.853146160064], [121.81830964788604, 24.853012657922626], [121.818643642407, 24.852841602132795], [121.81882998803123, 24.8527745110095], [121.81933957983404, 24.85268150136789], [121.8194633991212, 24.85265900966078], [121.82019339796884, 24.852526410151693], [121.82021603820897, 24.852507082730675], [121.82055091667213, 24.85222121815638], [121.82061727612052, 24.852164570919147], [121.8208629590625, 24.85195484508778], [121.82122096105942, 24.851649235965823], [121.82124532426822, 24.8516284387274], [121.82147202940153, 24.851434910287246], [121.82191680326501, 24.851055222943238], [121.82225864636662, 24.850763402889356], [121.82230000570058, 24.850728093628543], [121.82238667066764, 24.850654110191446], [121.82241308383195, 24.850631562686402], [121.82245903984526, 24.85058303512042], [121.82249273565152, 24.85054745436732], [121.82254503287247, 24.85049222959463], [121.82261120008137, 24.850429343311475], [121.8237200418405, 24.849375452875368], [121.82387330700436, 24.849233751184055], [121.82481093526026, 24.84836668517638], [121.82485421339577, 24.848326494914946], [121.82501962737548, 24.848174045856968], [121.82504338781477, 24.84815192422517], [121.82518132233004, 24.847933210215327], [121.82523955741493, 24.847840870252345], [121.82531162386029, 24.847726597628842], [121.82538834537544, 24.846985782243255], [121.82557741469161, 24.846491594723254], [121.82575170492473, 24.8464258133868], [121.82589645405972, 24.84637118184494], [121.82595840098342, 24.846347802090765], [121.82623486020701, 24.84622449767831], [121.82733294913224, 24.845812605776164], [121.82788198595917, 24.845606653197166], [121.82905883827019, 24.845177728644806], [121.82965913027223, 24.847259799162753], [121.82976050425376, 24.84761139888144], [121.82990199340261, 24.848025203668826], [121.83153296385265, 24.852794507604578], [121.8318145614397, 24.853431336170924], [121.8319086402028, 24.853646335752924], [121.83205055694972, 24.854041853637103], [121.8321603193993, 24.854320967315644], [121.83233468059933, 24.85477788772211], [121.83256027361831, 24.855326810766716], [121.83273911471665, 24.855744186797814], [121.83290911279929, 24.85613014010147], [121.83309563718828, 24.85665798280368], [121.83309689662636, 24.856846102245115], [121.83319938092548, 24.857033655724567], [121.83327095778901, 24.85725687822839], [121.83330339505558, 24.857393482921623], [121.83367883514885, 24.85857461319746], [121.83374464842154, 24.858782308027788], [121.83466361058413, 24.858515152750833], [121.83480566207828, 24.858473859715733], [121.83527915777636, 24.858336209645056], [121.83739980168443, 24.862875177402028], [121.83694395159351, 24.86305063528383], [121.83680719836285, 24.86310326664989], [121.83565925114272, 24.863545093263916], [121.83690153673905, 24.866080822759983], [121.83844661207827, 24.86920731637494], [121.83849260492246, 24.86942119967038], [121.83855961385284, 24.869556793349297], [121.83871508168576, 24.86987139097577], [121.83860503536854, 24.869960095032226], [121.83848952729434, 24.87005321637429], [121.83835813161603, 24.870159138168432], [121.83825861714718, 24.870239349636883], [121.83815071510847, 24.87032632561386], [121.83807376362465, 24.8703981456641], [121.83804301069924, 24.87042339294221], [121.83798658212635, 24.870464981093775], [121.83778001273014, 24.870625752403956], [121.83805110721485, 24.870515359886703], [121.83811968640029, 24.870463422801606], [121.83830467107684, 24.87078860176582], [121.83871957775376, 24.871508955822545], [121.83929575178709, 24.872602850614275], [121.8395356217309, 24.872510215298927], [121.83958501919003, 24.872588931360614], [121.83967931624375, 24.872751290770957], [121.83976632526554, 24.87298451579176], [121.83995475498124, 24.873227570759816], [121.84008562694171, 24.8734393061281], [121.84024248177344, 24.873665050731024], [121.84037905623936, 24.8738754903404], [121.84068445828318, 24.87424676790974], [121.84087253765587, 24.874495953118263], [121.84111093615924, 24.87483352706135], [121.84126971608062, 24.87496010605007], [121.84145515171144, 24.875199853223425], [121.84152406237526, 24.87543554462315], [121.8416048272075, 24.875600799150863], [121.84166146778276, 24.875716692259786], [121.84171732323048, 24.875851186155906], [121.84178263614157, 24.87607764108101], [121.84189192877231, 24.876271620747843], [121.84223025496954, 24.877067281290646], [121.84231252268326, 24.87726075168285], [121.84246194215942, 24.877573385205057], [121.84257528439547, 24.877719856156066], [121.84265358604718, 24.877885779153697], [121.84274719139808, 24.87808412740663], [121.8428948995836, 24.878287417226968], [121.84300149008202, 24.87847871711738], [121.84305212991119, 24.878567080865054], [121.8431543617838, 24.878691859874795], [121.84323204359801, 24.878766226676845], [121.84325908558296, 24.878832038891915], [121.84332976233459, 24.879073450829292], [121.84363560455286, 24.879578086957437], [121.8439655189258, 24.87999817963074], [121.8441395836818, 24.880182870950435], [121.84430722817837, 24.88031699081668], [121.84444997586694, 24.88044555019817], [121.84494158699103, 24.880911982979107], [121.84497690874797, 24.881280198882987], [121.84499261040082, 24.881418088258204], [121.84504888356516, 24.881552371399994], [121.84515334236137, 24.88171663004882], [121.84526137555403, 24.88186411393702], [121.84547686701768, 24.8820580470323], [121.8456107348596, 24.882205384640578], [121.84566720834829, 24.882256950072694], [121.84580501889599, 24.88244125581461], [121.84592385073668, 24.882548249212874], [121.84608334212383, 24.882648321352118], [121.84615376105899, 24.882691662369236], [121.8462390569935, 24.882751728899642], [121.84629111616081, 24.88280861230404], [121.84637274517242, 24.88287213079793], [121.84649899979232, 24.882968960907586], [121.84659662240918, 24.883101318330308], [121.84662667464875, 24.883178568118744], [121.84669331257481, 24.88320849369949], [121.84674525765612, 24.883248566682706], [121.84678606183127, 24.883278639747328], [121.84681230341735, 24.88332223235407], [121.84688998972314, 24.883348722191478], [121.84698243984056, 24.8833750685971], [121.84704566327028, 24.883445383238953], [121.84711977428121, 24.883488701973587], [121.8472011526628, 24.883515171402276], [121.84726407156364, 24.88352493414693], [121.84738636820643, 24.88359828427955], [121.84753058014886, 24.883637830698348], [121.84759733395765, 24.88368456713654], [121.84763107737463, 24.883761736698183], [121.84767597786745, 24.883835529190755], [121.84772817537535, 24.88391265220779], [121.84774958222857, 24.883931725354287], [121.8477913098719, 24.883938118382222], [121.8478459193563, 24.88397084627951], [121.84792624670904, 24.88406618911994], [121.84802895738362, 24.884243945131644], [121.84808982812561, 24.884335270230988], [121.848289619733, 24.884565927597134], [121.84878870394193, 24.88503621319948], [121.84891922915273, 24.88515372320209], [121.84899403186643, 24.885250492849746], [121.84924850662013, 24.885635504079936], [121.84948724468661, 24.885988960217517], [121.8495529654328, 24.88610689713785], [121.84970726994747, 24.8863045387098], [121.84975754865395, 24.88645030990279], [121.84994054805374, 24.887607697667487], [121.85022830538871, 24.888383494827146], [121.85034930037263, 24.888519901326895], [121.85048008070494, 24.88864269581336], [121.85061724356733, 24.888873586341322], [121.85094953218763, 24.889556470251325], [121.85138241235674, 24.890073994837504], [121.8515071614002, 24.890155703343428], [121.85162798211101, 24.890282105287632], [121.85174182920021, 24.890420470278862], [121.85187240202166, 24.890512380779967], [121.85201990898459, 24.890604195872463], [121.85218985586333, 24.890675349792353], [121.85230349634003, 24.890767357073578], [121.85243978514166, 24.890869530626762], [121.8525707110011, 24.891012974864598], [121.85290556161648, 24.891242732366877], [121.8530358882996, 24.8913140513372], [121.8531492817396, 24.891370054814608], [121.85340972759495, 24.891450923148984], [121.85360776030103, 24.89150126404953], [121.85382823022799, 24.891530886927644], [121.85409425102799, 24.891601486204053], [121.85433747797602, 24.89165668527777], [121.85447923931437, 24.891733114849078], [121.85462142375923, 24.891871311981966], [121.85472349303676, 24.891922202744833], [121.85484217665542, 24.891942112335308], [121.85492685275243, 24.891926212694543], [121.85499204618758, 24.89195020964545], [121.85502678942944, 24.891935119981245], [121.85505145986215, 24.891954812815655], [121.85506442434831, 24.892056410092366], [121.85509721195784, 24.89208844483393], [121.85540784668814, 24.89214249962181], [121.85555288418239, 24.89206355318939], [121.85558825624496, 24.89206084865613], [121.85571140898224, 24.89205164965721], [121.855775510066, 24.89207483905364], [121.85578938634217, 24.89211942920813], [121.85576813489749, 24.892186498976113], [121.85573305209238, 24.89223131236268], [121.8557226567879, 24.892298377995573], [121.8557363785539, 24.892366514320596], [121.8557871540287, 24.892444446056913], [121.85579226723924, 24.892496594728993], [121.85598733460658, 24.892635995370657], [121.8563090249031, 24.892842109988194], [121.85639323926604, 24.89292678600574], [121.85657466391913, 24.89302033902391], [121.85663176263522, 24.89304747459286], [121.85667193529477, 24.893047244803075], [121.85672547758062, 24.893043886775693], [121.85687957638112, 24.893058260859664], [121.85691119528249, 24.89310601637849], [121.85693878523979, 24.89313476697481], [121.85697526312853, 24.89317277922451], [121.85703591917316, 24.893230409126673], [121.85708052501857, 24.893146563656362], [121.85710870786396, 24.893104883727258], [121.8573152772602, 24.892960284006413], [121.8574094746009, 24.893026874996302], [121.85744663520921, 24.89307548368275], [121.857433622214, 24.893130484087333], [121.85744710682476, 24.89317656912234], [121.8574781930252, 24.89328279784931], [121.8575116489813, 24.893279554723016], [121.85756908456564, 24.893355509858832], [121.85761084634483, 24.89336160823621], [121.85772994229029, 24.893378998877168], [121.85774369729393, 24.893454970248914], [121.85780780197092, 24.89350365862257], [121.85784132080907, 24.89350957120581], [121.85785789113282, 24.893485063644214], [121.85788454684229, 24.893466602299217], [121.85792497192834, 24.89350298799741], [121.85792520279539, 24.893536551844942], [121.85794543644882, 24.89355779509115], [121.85798226108729, 24.89355758404397], [121.85800559033517, 24.89354219308018], [121.85806302681787, 24.893618148869304], [121.85809985055795, 24.893617937822228], [121.8581500879419, 24.893620700175976], [121.85817699607796, 24.893638855113004], [121.8582374446117, 24.893665970174712], [121.85824441284338, 24.89370559811445], [121.85828151056965, 24.893745054107562], [121.85838649757524, 24.893718627613982], [121.85846863323665, 24.8936700493303], [121.85854703460139, 24.89355834837702], [121.85862591386986, 24.89351580076709], [121.85870854719785, 24.893539381018584], [121.85874844317628, 24.893584253398444], [121.85872257169606, 24.893659570316625], [121.85871321574237, 24.89373779865814], [121.85876935595604, 24.893746498026704], [121.85884263333043, 24.893848304875863], [121.85885952165778, 24.89390533636157], [121.8588404135934, 24.894004669191933], [121.85884085017457, 24.89406780791122], [121.8589041284015, 24.894154639996383], [121.8589875513487, 24.894292470996273], [121.8590508502369, 24.894382309714707], [121.85911465307997, 24.894464809846607], [121.85918446565225, 24.89454258380782], [121.85934023531915, 24.89464692580395], [121.85942009015798, 24.89474568927504], [121.8594962098019, 24.894781333086506], [121.85955314143136, 24.894904282685783], [121.8596096355813, 24.894964093119125], [121.85961658584662, 24.895015168391808], [121.85969982463914, 24.895125939920142], [121.85974934786246, 24.895131668271013], [121.85981248235892, 24.895197453839575], [121.859842690007, 24.895272448725667], [121.85992345394091, 24.89536713911571], [121.86000972095431, 24.895438805270803], [121.86009256538642, 24.895492450356443], [121.86014571960008, 24.895546265720533], [121.86019561742086, 24.89560611495519], [121.86030165635364, 24.895674660134222], [121.86038412708662, 24.8956741858973], [121.8604070709573, 24.895653007387644], [121.86044335840317, 24.89565279797369], [121.86045678282679, 24.89568579492302], [121.86045049731479, 24.895730932160518], [121.8604802899412, 24.895745794020577], [121.86049701297847, 24.895778771388898], [121.86052373695986, 24.89582672630584], [121.86056338500323, 24.895835517604038], [121.86061958899728, 24.89585323383207], [121.86065963319776, 24.895919151834807], [121.8607063572706, 24.895997056883587], [121.86079237634893, 24.896032641665418], [121.86086202542789, 24.896086362272886], [121.86091804257235, 24.8960770201625], [121.86097765028303, 24.896109751361514], [121.8609680248348, 24.896148892874102], [121.86097167828305, 24.89619998639785], [121.8610545020539, 24.896250624407], [121.86110070600222, 24.896253364701288], [121.86118363487601, 24.896319035595102], [121.861492775708, 24.89652028031728], [121.86152943685308, 24.896574189754073], [121.86159547470457, 24.89658283025473], [121.86166165808312, 24.896612517100383], [121.86166541573591, 24.896678643295044], [121.86173519057901, 24.896750403209428], [121.86188112998173, 24.89686381812617], [121.86197055098006, 24.89691441838075], [121.86204329116191, 24.8969380533917], [121.86209298057348, 24.896967833857556], [121.86224578939321, 24.89712029770323], [121.86245605715347, 24.897280332756168], [121.86267868393541, 24.89751056912224], [121.86282136784352, 24.897630017135768], [121.86290465155183, 24.897746799736655], [121.86299430521382, 24.897830470969435], [121.86304107330416, 24.897914390667186], [121.86311072417972, 24.897968109640956], [121.8631967639193, 24.898006702187335], [121.86329971713907, 24.898105331783952], [121.86333154804286, 24.898227750067427], [121.86333175914692, 24.8983676518723], [121.86326996763178, 24.898453298626876], [121.86328108967332, 24.898557480872103], [121.86334390436954, 24.898618717916122], [121.86340671726921, 24.89867995574459], [121.86343330380835, 24.898765094649878], [121.86353300333015, 24.898897196400604], [121.86354526982534, 24.898975989351605], [121.86362417514496, 24.899108209839984], [121.86368172391703, 24.899160001251982], [121.86369778130273, 24.899226246674885], [121.8637400641048, 24.89932551003873], [121.86383545710316, 24.899585573757932], [121.86386077072956, 24.899969195037958], [121.86396500315026, 24.90035425163432], [121.86398949571652, 24.90063178265646], [121.8640677659272, 24.90095129427115], [121.86418430436902, 24.901152431220623], [121.86432718860146, 24.90132112728872], [121.86449653001569, 24.901473526276995], [121.86454129126967, 24.901541883238117], [121.86462108502313, 24.90155353163727], [121.86473669999675, 24.901621481153676], [121.86484797071776, 24.90170156382405], [121.86492353340623, 24.901741489845563], [121.86502552632695, 24.901761084154543], [121.86507446384867, 24.901793091933875], [121.86512802499915, 24.90185332598439], [121.86512836096907, 24.90190175764329], [121.86511165679636, 24.902047155985347], [121.86514288043901, 24.90207926635506], [121.86515207469598, 24.90212764659307], [121.86516594917555, 24.902212326019193], [121.8652196513615, 24.902292739928345], [121.8653265778298, 24.90238495691695], [121.86533761363307, 24.902413121958677], [121.86535813834068, 24.902465497821684], [121.86538201106936, 24.90251648117798], [121.86542214599962, 24.90255660981974], [121.86547085355264, 24.902599203201337], [121.86553443271521, 24.902678071194547], [121.86555872585537, 24.902733394867845], [121.86561581199507, 24.90281626259375], [121.8656975416179, 24.902893997072002], [121.86592507499793, 24.90301459036175], [121.8659808307327, 24.903032946800337], [121.86621313596343, 24.903109431252766], [121.86628510359412, 24.90312624690773], [121.86646278227246, 24.903118324695924], [121.86654236043029, 24.903141991110587], [121.86661044913555, 24.903145043316748], [121.86664816759767, 24.903131038692724], [121.86671211506952, 24.903082417669843], [121.86675351842094, 24.9030546064003], [121.86680306679705, 24.903054319593753], [121.86684805532481, 24.903054059675316], [121.86691621499699, 24.903067450770262], [121.86695402957886, 24.903067232406215], [121.86701838488585, 24.90307719811762], [121.86709023214227, 24.903076783388915], [121.86720735987888, 24.903062318400085], [121.86730182401924, 24.903051431158428], [121.86736601134126, 24.903037274157786], [121.86740937840986, 24.90301979036161], [121.86749479561702, 24.90306754610085], [121.86750652402131, 24.90312262190315], [121.86754850498954, 24.90317752331569], [121.8675826337838, 24.90319111076172], [121.8676092706286, 24.903215081893997], [121.86761339030248, 24.90326330932106], [121.86763268162322, 24.90331834185214], [121.86767063993557, 24.90333880040237], [121.8677767363605, 24.903369202637734], [121.8679471171255, 24.903399234136604], [121.86805309317617, 24.903412406015853], [121.8681075759982, 24.903409797061528], [121.8680632450372, 24.903619740303146], [121.86812859028763, 24.903652436910612], [121.86861961032021, 24.903846830362404], [121.86863069373419, 24.903821597248907], [121.86879832116286, 24.903439993952652], [121.8681155018339, 24.903209951974322], [121.8679450743565, 24.903032395186482], [121.86783283525162, 24.902899136782352], [121.86789193361753, 24.902860921385038], [121.86809865932065, 24.90313565611228], [121.8688752663585, 24.903407084628963], [121.86881694323868, 24.903556209667652], [121.86884690744326, 24.903596614999188], [121.86885923412564, 24.903661468828492], [121.86892504290672, 24.90373412909679], [121.86896064224311, 24.903731217048556], [121.86898448173406, 24.903744603996085], [121.86904125526004, 24.903798379097125], [121.8690770225814, 24.903819812866956], [121.86912449495094, 24.903816832378695], [121.8691724012067, 24.90387606895833], [121.86920969207081, 24.903902904744236], [121.8692958737442, 24.903930701971262], [121.86933761576053, 24.903957513301744], [121.86936453826955, 24.903987112821277], [121.86943577377332, 24.903986699725184], [121.86946851736536, 24.904000036128345], [121.86948061677396, 24.90403242790551], [121.86950755724929, 24.904064734121782], [121.86954911241604, 24.904064492945537], [121.86960577095765, 24.90410203740255], [121.86968162020868, 24.904124590633277], [121.8697190718712, 24.904174420384937], [121.86975484098916, 24.90419585408945], [121.86981431844413, 24.904211739928222], [121.86987390818851, 24.904243857067772], [121.86989784290091, 24.904270769363357], [121.86990998003871, 24.904308572043856], [121.86992209831189, 24.904343669633857], [121.8699609872789, 24.90438672763952], [121.87003228027473, 24.90439442896385], [121.87007714303837, 24.90444286288471], [121.87012825987301, 24.904506185294405], [121.87017128558186, 24.90457380238398], [121.87025659139783, 24.904602392241912], [121.87032607518678, 24.90465046513324], [121.87035863372591, 24.904742379706285], [121.87041216074043, 24.904790543798427], [121.8704601316749, 24.90480480733409], [121.87049269021412, 24.904896721792177], [121.8705463888068, 24.90496912223356], [121.8706132665831, 24.905029243924094], [121.87065088623055, 24.905119302151412], [121.87070216296529, 24.905186355079174], [121.87073990478366, 24.9052588482352], [121.87080915231566, 24.905272988685432], [121.87084675759007, 24.90532609337431], [121.87090011661961, 24.90535002009397], [121.87092698163652, 24.905388642923235], [121.87097781819675, 24.905431975143728], [121.871049622334, 24.90543155716382], [121.8710974576229, 24.90542643059536], [121.87112439181008, 24.90547475004262], [121.87112469813556, 24.905518376366665], [121.87116769060677, 24.905581141733414], [121.87123182402982, 24.90562439566794], [121.87127996474594, 24.905662895380452], [121.87136239505473, 24.905710465143233], [121.87141348134661, 24.905739674780552], [121.87150915192434, 24.90572942085425], [121.871588900762, 24.905724106900227], [121.87164219062129, 24.90573833936658], [121.87175692165279, 24.905804019065176], [121.87182125899344, 24.905876356236735], [121.87187993604942, 24.90590025025879], [121.87195450160792, 24.905914357229907], [121.87202940942454, 24.905976936627205], [121.8721412083549, 24.90599082523066], [121.87217346056856, 24.90603911186605], [121.87232306958924, 24.906135187255117], [121.8723767017066, 24.906197891200318], [121.87242498076328, 24.906255779007104], [121.87246251866407, 24.9062991866967], [121.87253732407268, 24.906347223891938], [121.87256932835133, 24.90638124785085], [121.87259627511489, 24.906409895953427], [121.87266566008914, 24.906443422886], [121.8726979140994, 24.906491710159067], [121.87271276414937, 24.906539049837658], [121.87274437227096, 24.90657930916382], [121.87281510381983, 24.90661458128307], [121.87286244234035, 24.906664263371127], [121.8729281199674, 24.90672335518493], [121.87301202081828, 24.906775202879288], [121.87304105257164, 24.90682023421575], [121.87303870976538, 24.906858313135782], [121.87307823384121, 24.906910419869003], [121.87315206996772, 24.906961917135597], [121.87321730382702, 24.907011904620745], [121.87331452579528, 24.90710173897037], [121.87347311527385, 24.907209024683926], [121.87354777335875, 24.907231219665512], [121.8736313229684, 24.907233109102645], [121.87369393913696, 24.907227984238567], [121.87378023309978, 24.907248890260675], [121.87399231276194, 24.907338049813948], [121.87403926590522, 24.907333016207676], [121.87412524994929, 24.907350337254943], [121.87416627061839, 24.9073724010343], [121.87418594372318, 24.90743287760511], [121.87419164173701, 24.907496626230568], [121.87421313123525, 24.90756665989381], [121.87425561705658, 24.907636569673596], [121.87428431822991, 24.907736857759854], [121.8742953782877, 24.907816519304802], [121.87433075304527, 24.907870525652616], [121.87433282725523, 24.907916755100175], [121.87431419170471, 24.907969176698106], [121.87437795412356, 24.908078826085642], [121.87433980985993, 24.9081284798824], [121.87434355673304, 24.908163538092325], [121.87439280507184, 24.908199922717237], [121.87439300809105, 24.908228624171546], [121.87433737901878, 24.90827997586129], [121.87431664230878, 24.908316771903966], [121.87431352425641, 24.908371003720305], [121.87434534258381, 24.908417058622586], [121.8744438509395, 24.908491423818163], [121.8745718545793, 24.908530536146767], [121.87467685595792, 24.9085331091436], [121.87471166837015, 24.908507392208957], [121.87481596007964, 24.908409513167687], [121.87483306310439, 24.908353603784967], [121.87486096837036, 24.90834068419286], [121.874980403879, 24.908405357912137], [121.87503172822443, 24.9084879716993], [121.87508815500064, 24.908549827918424], [121.87512663972574, 24.908594492782345], [121.87509822780996, 24.908614676700314], [121.8750716583388, 24.908584806977384], [121.87505206698077, 24.90860994297585], [121.87506479341339, 24.908857080628625], [121.87510920073116, 24.90892487865339], [121.87508525344228, 24.908955044863816], [121.87512493023175, 24.90897482867947], [121.87512950624983, 24.90900082497664], [121.87511535329247, 24.90904974512579], [121.87512584741162, 24.909104936397075], [121.87515238813674, 24.909130802306684], [121.87519989643886, 24.90924772719836], [121.87522028639916, 24.90933567703323], [121.87528423656595, 24.909371329667366], [121.87532622472061, 24.90940711183633], [121.87531555363336, 24.909451209324537], [121.87534889640176, 24.9095070579185], [121.87539547404924, 24.90957083561799], [121.87548378472991, 24.909634367230677], [121.87554981988642, 24.90965399532056], [121.87559638405916, 24.909715771109855], [121.87561649105018, 24.909763691280894], [121.87572269257798, 24.90981806667143], [121.8757626828795, 24.909881883317986], [121.87582891476708, 24.909929532114127], [121.87590835638095, 24.909981106336225], [121.87596993499531, 24.909991752616516], [121.87603111835101, 24.909946358246145], [121.87607945310319, 24.909948074915626], [121.8761723981924, 24.910045607284374], [121.87628708071485, 24.9101109873084], [121.87640857875535, 24.910208350896358], [121.8765238236231, 24.91025488010841], [121.87664345676109, 24.910302316112443], [121.87671854693566, 24.91035992172202], [121.87679134191472, 24.910403530024], [121.87688818389562, 24.91043098359474], [121.87702216672191, 24.910430197368083], [121.87708565066305, 24.91039980013134], [121.87714251761378, 24.91036543916217], [121.87724337057244, 24.91033882476241], [121.87731367182822, 24.91034041432644], [121.87734641991196, 24.910312198950454], [121.87737912487648, 24.91027797972229], [121.87741380074476, 24.91021172312213], [121.87745754510583, 24.910185445178584], [121.8775366893773, 24.910194989092385], [121.8775963330206, 24.91024267687527], [121.8776472621073, 24.910300424278063], [121.87765008371565, 24.91038847764963], [121.87762862925172, 24.910460661406233], [121.87759167256092, 24.91051492161092], [121.87755459459757, 24.910552169983546], [121.87757019024919, 24.910583103282743], [121.8775987440988, 24.91058293626071], [121.87763414221263, 24.910618756371136], [121.87765425100025, 24.910666677006205], [121.87767210681316, 24.910706604200833], [121.87767230534084, 24.910734624763585], [121.87763515012237, 24.910760864297394], [121.87758484536478, 24.910791184044857], [121.87757435933044, 24.910861302200463], [121.87750451172387, 24.910923761766345], [121.87748534706559, 24.91097071437292], [121.87749442274486, 24.91104992165002], [121.87754640106387, 24.91119277700873], [121.87755547135329, 24.91123275617628], [121.87760417710963, 24.9112865133487], [121.87765064156945, 24.91133427892443], [121.8776508697415, 24.91136630377438], [121.87771924411105, 24.91140593417859], [121.87774144866823, 24.911439831273213], [121.87770877334808, 24.91147805379049], [121.87768038838172, 24.91150223921784], [121.87770039835466, 24.911536149321744], [121.87770953871274, 24.911586135768466], [121.87767680410379, 24.91161635184177], [121.8776751377289, 24.911653175405146], [121.87771910217724, 24.91165792123386], [121.87771944982525, 24.9117069592806], [121.8776824374389, 24.911753213362168], [121.87767383517176, 24.911779283214692], [121.87764988698461, 24.911809447912482], [121.87761265990089, 24.911825679847485], [121.8775755612763, 24.911859924717852], [121.87755815911261, 24.911884045706426], [121.87756061061502, 24.911920060974946], [121.87758283134188, 24.911955958911484], [121.87761604834616, 24.911993794271023], [121.87766649593588, 24.91198349116579], [121.87771046936733, 24.9119892366584], [121.87773703883848, 24.91201910637183], [121.87778091165868, 24.91201084172868], [121.87798533857294, 24.911920830897454], [121.8780241691494, 24.911931350726817], [121.87804407940934, 24.91195124894248], [121.87801779021255, 24.911986877193513], [121.8779874954279, 24.912025641338158], [121.87798833714932, 24.91208089319784], [121.87803901201283, 24.91210261312922], [121.8780879306699, 24.912186394394475], [121.87807957094792, 24.91224649138537], [121.87809102177286, 24.912312477217075], [121.87816601492942, 24.912356071793177], [121.87821809385967, 24.912367914706685], [121.8782518202087, 24.91237558375841], [121.87832193820822, 24.912351154083307], [121.87835484259875, 24.912344954802958], [121.87839024161086, 24.912380776845975], [121.87843429858563, 24.912398532250222], [121.87843451328303, 24.912428555848415], [121.87841057767221, 24.912460722177176], [121.87836214230872, 24.912444993013747], [121.87836630689839, 24.912412943187203], [121.87834204699584, 24.912399074045435], [121.87831366292782, 24.912423260106962], [121.87828553577796, 24.912503456347146], [121.87824261337533, 24.912625839980002], [121.87829559960404, 24.912774565252573], [121.87829600743919, 24.91283195299044], [121.87826505418948, 24.912907456956418], [121.87829725430085, 24.91300769839245], [121.87836856077145, 24.913071843352782], [121.87847123012357, 24.913117867984884], [121.87858570513515, 24.91316382497771], [121.87863178331935, 24.913212964266375], [121.87876699414268, 24.913195041960844], [121.87880632867403, 24.91319122497708], [121.87888131823735, 24.91321947798664], [121.8789288561838, 24.9132622412238], [121.8789095567783, 24.91331615719773], [121.87890209267654, 24.91337359030813], [121.87892225715972, 24.91344162130577], [121.87909255258481, 24.91358768063987], [121.8792113242384, 24.913683824290576], [121.87930529610196, 24.91374446804433], [121.87990379327007, 24.91404733522209], [121.88008236667049, 24.914145785796205], [121.88015052185106, 24.91418818860698], [121.8804649348955, 24.914362309975917], [121.88052131226442, 24.914360186824272], [121.88056396517241, 24.914342704632496], [121.88067919566716, 24.914399097686797], [121.8807315943977, 24.914427326792925], [121.88077748124071, 24.914532166063246], [121.88081618874797, 24.914579018715926], [121.88093193128246, 24.914706749704404], [121.88101605132226, 24.914791862072835], [121.88119998227504, 24.91496675330782], [121.88131592603214, 24.915123018358663], [121.88149116308952, 24.915187308052335], [121.88163208090981, 24.91518648193515], [121.88171987236422, 24.915250388681656], [121.8817422619744, 24.915266686970167], [121.88194154423704, 24.91539868469668], [121.88204660759938, 24.91549318692624], [121.88210940882091, 24.915516599222222], [121.88214062168372, 24.91550214791237], [121.88221921618624, 24.915544489968433], [121.88229293193848, 24.91563442075829], [121.88238176004873, 24.915648168959493], [121.88240822980694, 24.915700329009866], [121.88238240683577, 24.915738529024658], [121.88244002208313, 24.91576672605069], [121.88252902177159, 24.915804252282083], [121.88261273307795, 24.915832296942877], [121.88269170307628, 24.91592695281973], [121.8828230017365, 24.916040327300824], [121.88289095389787, 24.91605419603319], [121.882975074836, 24.916139309915984], [121.8829755859774, 24.916210647088405], [121.88300195602261, 24.91624854061636], [121.88310084795894, 24.91620991303968], [121.8831635809085, 24.91622381189704], [121.88319547559266, 24.916304477379903], [121.88316985743738, 24.9163712121974], [121.88331190264341, 24.91652732719311], [121.88341239897082, 24.91671222212727], [121.88343423162549, 24.91684526275255], [121.88352848556008, 24.916887513915828], [121.88353933361543, 24.91694452334898], [121.88354117516172, 24.91704707769341], [121.88357863131586, 24.91717527131867], [121.88370505392075, 24.917336234373447], [121.88376867620241, 24.9174737861128], [121.88387944296849, 24.9176348416532], [121.8840418907112, 24.917724254402657], [121.88413072061812, 24.91773800074153], [121.88422459995519, 24.917727939265653], [121.88436586362688, 24.917774670129646], [121.88455505780884, 24.91795429213067], [121.8846190933156, 24.918148913973756], [121.88464062233972, 24.918239146744405], [121.88470912606665, 24.918329104898355], [121.88471499655701, 24.91841943122652], [121.88462766504004, 24.91850842139811], [121.88454467238587, 24.918580244384163], [121.88448248471367, 24.9186424328238], [121.88450878738523, 24.91867081493486], [121.88456101633413, 24.918675264761767], [121.88462886788417, 24.918674867193946], [121.88466567814955, 24.918712698048495], [121.8846137582211, 24.918751047847515], [121.88450418621434, 24.91875644596793], [121.8843065370889, 24.91885271838371], [121.88422906997208, 24.91896731220475], [121.88423511204061, 24.91908141466397], [121.88417296119938, 24.919148358982316], [121.88417398977039, 24.919291025731614], [121.88420060236066, 24.919362207920543], [121.8842739812447, 24.91940457879472], [121.88434705380311, 24.919404151900633], [121.88442534377675, 24.919403693233896], [121.88452458066627, 24.91941262460732], [121.88455603427755, 24.919431463342686], [121.88450947190145, 24.919488805619856], [121.88443646941155, 24.919498743934984], [121.88428538176393, 24.91953767435818], [121.8841657809653, 24.919600199593404], [121.88409373877448, 24.919743295156927], [121.88409449425764, 24.919847917277043], [121.88412660004589, 24.919957111291], [121.88417408768679, 24.920028170893605], [121.88431650838855, 24.92014426181611], [121.8844632005795, 24.920219497350235], [121.8847041871292, 24.92034173809073], [121.88483044803729, 24.920478916614965], [121.88487852317635, 24.92063082105743], [121.88484806400004, 24.920749893935895], [121.88476517105889, 24.920835983001435], [121.88472915131094, 24.920907530901648], [121.88467235532711, 24.92099346669865], [121.88465690160925, 24.921022091041085], [121.88465710822177, 24.92105062494821], [121.88471984386628, 24.921064525704047], [121.88486616056146, 24.921087448953752], [121.88488209397963, 24.92112540289839], [121.88489830228231, 24.9212014011811], [121.88481530513657, 24.92127322178411], [121.8846958408819, 24.921354770325788], [121.88457610174271, 24.921398271277596], [121.88447717297542, 24.92143214037139], [121.8843988803068, 24.921432597401235], [121.88437326304985, 24.92149932699985], [121.88439464475029, 24.92157285904896], [121.884467854751, 24.92159145468297], [121.88451012587495, 24.921662545115872], [121.88444268395673, 24.92172000774116], [121.88424475635352, 24.921778232053953], [121.88405208030149, 24.921841182224135], [121.88394775894756, 24.92185130202044], [121.88388543383314, 24.92189446796899], [121.88395854142593, 24.92189879710887], [121.88401111442957, 24.921950802987684], [121.88396963292475, 24.921989090679755], [121.88391218296738, 24.9219846711151], [121.8838669231484, 24.92222272289999], [121.88390950239457, 24.922336612978434], [121.88396746618828, 24.922412366930285], [121.88397862595902, 24.922512173758], [121.88404719975458, 24.922611644049482], [121.88405338465526, 24.922744768737992], [121.88411650028715, 24.9228104532313], [121.88414366983295, 24.922957721830944], [121.88420180969642, 24.923057253677086], [121.88420782481558, 24.9231665996343], [121.88424526030845, 24.923290030926832], [121.88432420964547, 24.923379929999587], [121.88435628938257, 24.923484369809874], [121.88434702505708, 24.923646118104113], [121.88435324678872, 24.92378399762839], [121.88430682365146, 24.923860360052146], [121.88432265556001, 24.923884046112704], [121.88439541909806, 24.92384082139094], [121.8844530406336, 24.923869019823044], [121.88445355985986, 24.923940353338846], [121.88452701420233, 24.92399223860264], [121.8845952142987, 24.92403939885875], [121.88470541422788, 24.924119604653537], [121.88480520807279, 24.924204628246084], [121.88482632926173, 24.924237795154177], [121.88488377921912, 24.924242216267395], [121.88492601890209, 24.924308550869107], [121.88495737190213, 24.924313124319518], [121.88506708674103, 24.924326752614192], [121.8851401961304, 24.92433108329798], [121.8851665661756, 24.924364580105546], [121.88535157600501, 24.924234112115023], [121.88607429310898, 24.92439828301055], [121.88617682501882, 24.92480852233147], [121.88604665374427, 24.925500741981658], [121.88612887744054, 24.92561614182304], [121.88670322430065, 24.92554579092135], [121.88710758385777, 24.926337581249925], [121.88707745076988, 24.926921541393117], [121.88733559244652, 24.926937196207835], [121.88824584274757, 24.926988847225342], [121.88882387988679, 24.931188316006978], [121.88926313090785, 24.934410357151744], [121.88948855324696, 24.93638237723247], [121.88889879758484, 24.936861137248446], [121.8890037459629, 24.937049972702102], [121.88926274642897, 24.937242334120384], [121.88959820879704, 24.937368639765037], [121.88975091970042, 24.93743303026915], [121.8898050773323, 24.93748982981933], [121.89024057878537, 24.937650495917083], [121.89041585986027, 24.93773923272586], [121.8904924942388, 24.93780814059583], [121.89060469741106, 24.93784420938455], [121.890784486232, 24.93793700012347], [121.89113946360136, 24.938106286939075], [121.8912694372466, 24.93812593411923], [121.89218611409514, 24.938581631337687], [121.89253012123822, 24.93875789312087], [121.89264678544419, 24.938793934751242], [121.89279496614354, 24.938854272914885], [121.8928985392009, 24.93893526733301], [121.89296173208784, 24.93900425598952], [121.89303461510181, 24.93917109768064], [121.89308023963672, 24.93928506332997], [121.89314352415191, 24.939366288797533], [121.8932112849721, 24.93944748977503], [121.89337320181048, 24.939548546177196], [121.89350801468007, 24.939617120698983], [121.89363847341555, 24.93970203992846], [121.89378702242416, 24.939811332836552], [121.89392630890391, 24.939879881961126], [121.89415533797892, 24.93997647103074], [121.89437964281375, 24.940040449640364], [121.89465114333703, 24.940159928963453], [121.89487541673087, 24.94021982823252], [121.89507283319266, 24.940279883050636], [121.89524336038299, 24.940336014176133], [121.8953558177785, 24.94040879782597], [121.89569832832834, 24.94071279199364], [121.89573479723391, 24.940798251323795], [121.89573561470087, 24.940904312788813], [121.89572325298423, 24.941043086107655], [121.89572407134945, 24.941149147361944], [121.89578276367686, 24.94121408000257], [121.8958633039303, 24.941209535688138], [121.89597492679084, 24.941172176024928], [121.89606369830719, 24.941073755177374], [121.89620201819973, 24.941015842173293], [121.89633173043516, 24.94100285025105], [121.89651559401429, 24.94104665786709], [121.89668237163667, 24.941100423219147], [121.89676379134073, 24.94112262676243], [121.89685970087038, 24.941122069617162], [121.89732419455095, 24.94101893905641], [121.897379207379, 24.941007461365448], [121.89773334212862, 24.940882650061717], [121.89784336688624, 24.9408596922097], [121.89795249512531, 24.94085883368288], [121.89809325843535, 24.94085243382955], [121.8982051678585, 24.94080900572101], [121.89832140805964, 24.940798100633515], [121.89835055300074, 24.940739343633993], [121.89835224003684, 24.940692837328857], [121.89838999173666, 24.94069261740234], [121.8984020668907, 24.940670228065812], [121.89841613810131, 24.940642247702154], [121.89841893186187, 24.94060689327235], [121.89846375689625, 24.94059733297799], [121.89847174022411, 24.940573106014096], [121.89849105579935, 24.940563693964016], [121.89853626980428, 24.940606209870598], [121.89852658866042, 24.94067508274093], [121.89849015389082, 24.940714352657128], [121.89849448107556, 24.941015631207318], [121.89837932424264, 24.941168812791272], [121.89821673905772, 24.941257174007394], [121.89807206807616, 24.941285911752427], [121.89788900938757, 24.941365090595443], [121.89801067541299, 24.94162085533369], [121.89854208370076, 24.941435407217025], [121.89858028455825, 24.941366447616122], [121.89862483380979, 24.941055257783614], [121.89866703396689, 24.94099671187275], [121.89887098567237, 24.940898359306487], [121.89894327310328, 24.94087073087656], [121.89879672374445, 24.940665593317053], [121.89879619463676, 24.94059563628425], [121.89880841172463, 24.94051782700948], [121.8988507672903, 24.940478711794025], [121.89892346435293, 24.940505497258897], [121.89899140573456, 24.94046623134885], [121.8990428369795, 24.940500913820234], [121.89902604028032, 24.94053599377916], [121.89906882793558, 24.940555178725678], [121.89912835569625, 24.940531511345068], [121.89917978783953, 24.94056619298354], [121.89908293777381, 24.940729999203626], [121.89916203443455, 24.940756743886766], [121.89912640455542, 24.940838571959524], [121.89908379117333, 24.94084270575863], [121.89905005763777, 24.940893429702346], [121.89911002287789, 24.94092806073739], [121.8992127488239, 24.940977988839638], [121.89918113980404, 24.941028765672797], [121.8992777185785, 24.941057479034924], [121.89933634712555, 24.941022983250004], [121.89951340955965, 24.94107562291792], [121.89953519101032, 24.941124287609103], [121.89958370183231, 24.94116791924143], [121.89963169702129, 24.94114324276383], [121.89967411816397, 24.941089324296918], [121.89970055288784, 24.94104525767224], [121.89981308214851, 24.941059239256425], [121.8999200741938, 24.941048857940476], [121.90009056904483, 24.940940520772244], [121.90025633875749, 24.94091515840542], [121.9004332170369, 24.94094340180385], [121.90057236607443, 24.94093771060565], [121.9006471651949, 24.94091775760637], [121.90070044157943, 24.940883291920347], [121.90071620880927, 24.940844166231887], [121.90080710573963, 24.940828997835897], [121.90086063904232, 24.94082868505188], [121.90089301432519, 24.94086265062466], [121.90100598825195, 24.94080851618133], [121.90101005672189, 24.94076438184922], [121.90098816927, 24.940701078871342], [121.9010147890468, 24.94068140603645], [121.90104705563347, 24.94070073513436], [121.9010791039296, 24.940690787939467], [121.90106271506554, 24.940646971236948], [121.90113235516127, 24.940651437376005], [121.90116437201635, 24.94063660699167], [121.90106198922675, 24.94054938732068], [121.90106162990065, 24.940500592889915], [121.90113604993205, 24.94042695728082], [121.9011628933894, 24.94043655587205], [121.90124913794486, 24.9405141151332], [121.90138313963581, 24.94053283416408], [121.90191417063114, 24.94029921628427], [121.90200584101093, 24.940386502110517], [121.90213995139801, 24.94041985771138], [121.90227359376287, 24.940389782281965], [121.90237507374559, 24.94035501913936], [121.90246067241235, 24.940344749356747], [121.90255201939866, 24.940388118981723], [121.90267595816178, 24.940494729802463], [121.90282641878531, 24.940567023817906], [121.90285832874086, 24.940537556888533], [121.90294082732157, 24.94059038085068], [121.90298227558878, 24.940644162692728], [121.90310061874601, 24.94071664559434], [121.9031379895602, 24.940701784265254], [121.90324543974627, 24.940749936756973], [121.90329355620781, 24.94073989019191], [121.90328323097191, 24.940641960168445], [121.90331894798761, 24.94063456411771], [121.90335744259417, 24.94069071463063], [121.90343812208648, 24.94073902596247], [121.9034438775925, 24.940792665194785], [121.90340683466346, 24.940851437645158], [121.90341899964902, 24.941046539758705], [121.90327166785758, 24.9413938551951], [121.90324482260368, 24.94138425667846], [121.90337077628797, 24.941041949009296], [121.90326933493279, 24.941081590238866], [121.90278092630271, 24.940928368633926], [121.90272785742896, 24.940992117048804], [121.90266335030672, 24.940958347001526], [121.90270035730322, 24.940894693870533], [121.90207236934258, 24.940693511770196], [121.90137139057018, 24.94075624620147], [121.90142770595534, 24.941126739373942], [121.90176488230902, 24.941105210270482], [121.90236697094169, 24.941423654251082], [121.90257338403103, 24.941100384935762], [121.90264328104497, 24.941139002270088], [121.90245832241959, 24.941467022681707], [121.90319943971551, 24.941760237932577], [121.90326897201344, 24.941750064382326], [121.9033530013234, 24.941529991305796], [121.90337463724701, 24.941559137884802], [121.90329746208265, 24.941786187405498], [121.9033037628661, 24.94191301213796], [121.90357136919255, 24.941896775204064], [121.90354321329662, 24.941711527878592], [121.90364483521313, 24.941696282208493], [121.90366395675227, 24.941388769219483], [121.90364771341528, 24.941364469102783], [121.90366191667827, 24.941115536192978], [121.90368846997973, 24.941086101161886], [121.9036767056428, 24.940944670044228], [121.9036226890464, 24.940881561019843], [121.90361270606867, 24.940766797781357], [121.90363758580881, 24.940725331875402], [121.90366279702721, 24.94051536627255], [121.90359268082437, 24.94048518334661], [121.90353360401804, 24.940461138004043], [121.90353306502885, 24.94038794792733], [121.90349529715935, 24.94034913731044], [121.90350032772496, 24.94030519097373], [121.90354283869915, 24.940261020621282], [121.90347269375017, 24.940188246658714], [121.90347750872012, 24.940115024652567], [121.90353597557039, 24.940056119894308], [121.90355225304333, 24.94008530021835], [121.90355803999036, 24.94014381968229], [121.90358499034723, 24.940168057319653], [121.90360065786413, 24.940114288302542], [121.90361115108495, 24.940084948334185], [121.90362696233227, 24.940050695826482], [121.90371809462121, 24.94006478993102], [121.90377738702323, 24.94011811096918], [121.9037944208776, 24.940249757085223], [121.90372542487394, 24.940333121726677], [121.90380771863876, 24.940601004939133], [121.903872408119, 24.94065916983196], [121.90387827321953, 24.940727445613078], [121.90385718257326, 24.94077148710061], [121.90387896492228, 24.9408201510974], [121.90389014715089, 24.940883515104677], [121.90386406726162, 24.940976379307028], [121.90388045702393, 24.941020195892424], [121.90383794964302, 24.94106436434358], [121.90383867907505, 24.94116194703742], [121.90381217877415, 24.941186420690933], [121.9037584738932, 24.941177064890958], [121.90371968194428, 24.94171890675941], [121.90373484640462, 24.941796347105665], [121.90375465695153, 24.94189286136469], [121.90378029217484, 24.94194787421417], [121.90388249709795, 24.942010695976375], [121.90398336532797, 24.942077486928437], [121.90401223807955, 24.942175818190073], [121.90396452316483, 24.94223953582175], [121.90399192088272, 24.942335821664646], [121.90405107224926, 24.942369624730127], [121.90401406704942, 24.9424332779136], [121.90403078469689, 24.94252100614708], [121.90399935174676, 24.942613903325356], [121.90399971556445, 24.942662692846465], [121.90402171530577, 24.942740632720344], [121.90401679792787, 24.942799213641738], [121.90396893658784, 24.942843414850746], [121.90396933813481, 24.942897084933424], [121.90386316265807, 24.943019703117937], [121.90387948055522, 24.943053761757298], [121.90391211634949, 24.943121878193196], [121.9038750006569, 24.943170893136905], [121.90387547496738, 24.94323432191174], [121.90386571297519, 24.943361243710925], [121.9038021913048, 24.943459210669996], [121.90366389117527, 24.943582019708042], [121.90365885342315, 24.943696851187507], [121.9036448280266, 24.94380336466044], [121.90366136511271, 24.943866697810588], [121.9037418236194, 24.943885734810017], [121.90373151634984, 24.94393946878576], [121.90370489118314, 24.943959145987517], [121.90373260870125, 24.944085843046853], [121.90372233826255, 24.944144458352877], [121.90377070804907, 24.94416856488004], [121.90377700883245, 24.944295392047014], [121.90381463566649, 24.94431468392453], [121.9038204630377, 24.94437808115873], [121.90376721180597, 24.944417433789948], [121.90380567586983, 24.944548946618077], [121.90386988924294, 24.944543684836983], [121.9039126858814, 24.944538550120384], [121.90393428587241, 24.9445628178448], [121.90385990896013, 24.944641330750695], [121.90387123671584, 24.944724214299544], [121.90386143879105, 24.944846255617644], [121.90394211558845, 24.944894567763413], [121.90393210027133, 24.94498733690206], [121.9039697980722, 24.945016388179408], [121.90400702335926, 24.94498200997855], [121.90406570131364, 24.944952382831357], [121.90412466942385, 24.944961791288097], [121.9041516233739, 24.944986026348577], [121.90415202402252, 24.945039697126802], [121.90411521465546, 24.945127741164296], [121.90413351693108, 24.945587881702586], [121.90414838135403, 24.9457375503241], [121.90413990395278, 24.946032236184642], [121.9041376087572, 24.946112009010506], [121.90424921634637, 24.9463734198168], [121.90449699505797, 24.946534182658514], [121.90462102904246, 24.946633283326374], [121.90541903215377, 24.94710277033312], [121.90576208528607, 24.947188086765404], [121.90595381361545, 24.947186945651264], [121.90624144428794, 24.947185218097328], [121.90662653228736, 24.94738257204177], [121.90684724565767, 24.94758092017103], [121.90703988398052, 24.947692076172856], [121.9070674730395, 24.947716870255064], [121.90709438476875, 24.947654307154853], [121.90725846924195, 24.94761587268129], [121.9073549330321, 24.94769017106579], [121.90739766858515, 24.947902075969736], [121.90753551506549, 24.948013563995413], [121.90768657576366, 24.948062571291178], [121.90775429076972, 24.947962319263475], [121.90786580493419, 24.94821124974017], [121.90814565889123, 24.948403610835598], [121.90825659004908, 24.94857766269921], [121.90825842261229, 24.948814776141298], [121.90825890590587, 24.948877174939806], [121.90857645407063, 24.94919974130688], [121.90885252342542, 24.94947263793815], [121.90903225116091, 24.949683710631337], [121.90929358634844, 24.949819410791584], [121.9093753752601, 24.949768995954376], [121.90949845164057, 24.94974329087903], [121.90968893221003, 24.949579899814136], [121.9099336539547, 24.949341291635278], [121.91015137144358, 24.949152768236985], [121.91027397531016, 24.94906466273214], [121.9104810693225, 24.949275574856323], [121.91049620773173, 24.949462689008165], [121.91037389671584, 24.949588232798714], [121.91037497828748, 24.94972550664522], [121.91026687412786, 24.949913362920753], [121.9101317720007, 24.95015130130304], [121.91028489702741, 24.950462376120203], [121.91044974866183, 24.95052377960672], [121.91102569811633, 24.950607659374985], [121.91130032298014, 24.95069335211093], [121.91146468593105, 24.950692351933732], [121.91164167290667, 24.95055399428096], [121.91181856286417, 24.95040315621988], [121.9120788083953, 24.950401572059267], [121.91236732301003, 24.95051213909137], [121.91287673694637, 24.950846007725946], [121.91301516373845, 24.951032370175355], [121.91318039985175, 24.9511436884002], [121.91332086222623, 24.951200939362742], [121.91349505813626, 24.95124436217856], [121.91365126528267, 24.95126372301235], [121.91374075095972, 24.95130380402537], [121.91383035521434, 24.951359119727673], [121.91389723209231, 24.951358711677152], [121.91403718961358, 24.95143911226852], [121.91414896698436, 24.95147905802222], [121.91427192927878, 24.95152401276001], [121.91439516555931, 24.951604515052264], [121.91469230669576, 24.951831227598916], [121.91482060498295, 24.951845681165267], [121.91494313428937, 24.9518347778693], [121.91512107976742, 24.951782910843875], [121.9152847582021, 24.951813468915173], [121.91569576978387, 24.951865739089786], [121.91589686844003, 24.95192545266909], [121.91638367896722, 24.952176383610087], [121.91671683805495, 24.952446325282047], [121.91704261209274, 24.952774417389563], [121.91728993176517, 24.953047129361263], [121.91744200306807, 24.95325440787617], [121.91765549398353, 24.953476545017285], [121.91791395725708, 24.953749190277424], [121.91812685977604, 24.953895153796875], [121.91833434814883, 24.954061467099304], [121.91907605024798, 24.954471462694343], [121.91913785972939, 24.95453710421431], [121.91911654630098, 24.95466419680268], [121.91913392870177, 24.954750425066912], [121.91928603773381, 24.95496278694424], [121.91935864227003, 24.95498265378013], [121.91954239086479, 24.954961210172325], [121.91963128275542, 24.954925113817723], [121.91973151767316, 24.954914341106225], [121.91982703733393, 24.95501532292091], [121.91990638282803, 24.955187505243046], [121.91994695433954, 24.95539039599491], [121.91989722719867, 24.955446565843218], [121.9198751313376, 24.9554720938079], [121.91988666570587, 24.955522807654702], [121.91981484360225, 24.95560450619428], [121.91939197425866, 24.955693439381218], [121.91904661604934, 24.955715874039036], [121.9188797854264, 24.955762605159112], [121.9186461569772, 24.955819902026242], [121.91851868693668, 24.955912096083495], [121.91840817080056, 24.956034658144997], [121.91838658518257, 24.956126202117836], [121.9183931455791, 24.956281904331554], [121.91843376020975, 24.95648987293109], [121.91853037581517, 24.956733046020585], [121.91853704311123, 24.956875201773762], [121.9184210750996, 24.95701303189999], [121.91839422894735, 24.957145235762912], [121.91841161224637, 24.95723146391837], [121.91845175615981, 24.957378492659206], [121.91853612862624, 24.95747954575161], [121.9187153928311, 24.957600330793436], [121.91888912071883, 24.957726228708562], [121.91900700483693, 24.957837233027444], [121.91914153024567, 24.95793797870372], [121.91924175797689, 24.957927207884726], [121.91930863036322, 24.95792679904151], [121.91948933456747, 24.95801535835727], [121.91964614807672, 24.958115967063975], [121.91988171688699, 24.95831258598078], [121.91998814209532, 24.958383033822088], [121.9200682008517, 24.9586466256684], [121.92024273003672, 24.95887408999102], [121.92035015057836, 24.959071495242174], [121.92048487810804, 24.959197631906758], [121.92052455759251, 24.95928372424543], [121.92054234333676, 24.959420734812998], [121.92064426798557, 24.959628329993404], [121.92079559099177, 24.959739129807378], [121.92090284444681, 24.9598068501667], [121.92097662667435, 24.959979068137105], [121.92103338223403, 24.960110760620253], [121.92111821643452, 24.960267672084523], [121.92124736722289, 24.960388758166587], [121.92127359982581, 24.96045914862532], [121.92136177935241, 24.960541589075458], [121.92148546389231, 24.960692303141975], [121.9215779634171, 24.960771457292132], [121.92167055457007, 24.960862569363343], [121.92171533199371, 24.960993838223285], [121.92176429556666, 24.96110116498817], [121.9217841168934, 24.961159417928005], [121.92182317204868, 24.961273071673222], [121.92183724775087, 24.96141752206517], [121.92186050872684, 24.9614940696527], [121.9219099897293, 24.961611754390354], [121.92192041467815, 24.961703131335142], [121.92191467624015, 24.961797558151755], [121.9218998917672, 24.961932256276672], [121.92193096808612, 24.96195718512538], [121.92199111658263, 24.962005435993056], [121.92203371199841, 24.962070066081537], [121.92210847428797, 24.96210795120906], [121.9221088641568, 24.96215809305608], [121.92204797185528, 24.962238111971025], [121.92199302460428, 24.96225025060499], [121.9219547707462, 24.962327179628048], [121.92214969168812, 24.962411518005585], [121.92173299017728, 24.9629509413473], [121.9216900659781, 24.963103444945865], [121.92177025858352, 24.963157193338834], [121.92206063091425, 24.963031510277773], [121.92238321144119, 24.962463169624115], [121.92244741133963, 24.962391979757033], [121.92245983234503, 24.9623240588488], [121.92241785766505, 24.96233906660379], [121.92237234901276, 24.962315750343755], [121.92240766268493, 24.9622771868851], [121.9224562031513, 24.962273936615013], [121.92255659078259, 24.962276265798792], [121.92263723074906, 24.96223741973087], [121.922746595245, 24.962145302077996], [121.92277580127153, 24.96215397137407], [121.92278595133591, 24.962209954081846], [121.92280236894601, 24.962239349044896], [121.92276377193151, 24.96227203499114], [121.92273176405968, 24.96231942898699], [121.92267365024732, 24.962340435609356], [121.9226156487243, 24.962376190999603], [121.92256393989992, 24.962388310074378], [121.92253202365623, 24.962447501406842], [121.92255845388853, 24.96251518118501], [121.92251035000335, 24.96257447262741], [121.92250438159661, 24.96263940537297], [121.9225241059053, 24.962677629928915], [121.92258249729709, 24.962692017070122], [121.92259583907564, 24.96274207968272], [121.92255395692217, 24.962768887180516], [121.92251204063274, 24.96279126761311], [121.9224672775821, 24.962863813218632], [121.9223561443034, 24.962976585028745], [121.9221348137904, 24.96314093395973], [121.92208845802678, 24.963256125893224], [121.92210011366758, 24.963330152605543], [121.92216858325855, 24.96334888119871], [121.92224230709562, 24.96336757721333], [121.92230054038393, 24.96341988320208], [121.92224880910166, 24.96352074402485], [121.92216527925497, 24.96358828883832], [121.92215500342644, 24.96361707919402], [121.9222235107466, 24.963640593918896], [121.92228625717088, 24.963601904644687], [121.92237578327214, 24.963625290698673], [121.92242307597853, 24.963624999146703], [121.92246499765794, 24.963610375941116], [121.92254864698054, 24.963557193748123], [121.92264856569128, 24.96356615205367], [121.9227065249934, 24.963584944947858], [121.92270718705181, 24.96366633192596], [121.92255047684876, 24.963782206640897], [121.9225404345822, 24.963839722103657], [121.92257752871521, 24.963877794810397], [121.92257815214607, 24.963954394617474], [121.92252073991789, 24.96400262760005], [121.92249489538722, 24.964055452898535], [121.92250057812971, 24.96410808190691], [121.92251147738902, 24.964155892976517], [121.92244371117893, 24.964223338900588], [121.92238143457355, 24.964319479695813], [121.92241856823242, 24.96436234003021], [121.92249808799968, 24.96444802807878], [121.9225726661346, 24.964572049162836], [121.9226839063129, 24.964681479618953], [121.92271601838932, 24.964753098156244], [121.92281126136899, 24.964833901263653], [121.92283842821983, 24.96494385106281], [121.92291276830116, 24.96503914596708], [121.92293997377958, 24.96515388414253], [121.92310422084782, 24.965320438763985], [121.92316264008733, 24.9653966817894], [121.92364215719276, 24.96608204681735], [121.92378879278984, 24.96630491166342], [121.92423567230432, 24.967059531230667], [121.92467493141031, 24.967653540598224], [121.9247813188894, 24.96785393595354], [121.92480454123778, 24.96789767782614], [121.92509110111848, 24.968297557775028], [121.9251936384183, 24.968520702005414], [121.92529001507184, 24.968761097985496], [121.92541718327841, 24.968915232868316], [121.92564564192315, 24.969137595826904], [121.92584174414966, 24.96925113878147], [121.92615123442629, 24.969369711889684], [121.92634110414139, 24.969489025944128], [121.9265681102103, 24.969527776886952], [121.9266711757195, 24.969556844361367], [121.92682687531783, 24.969600755828065], [121.92694697288476, 24.969657385814823], [121.92710434694274, 24.969650666603922], [121.92726875121613, 24.969735710890593], [121.9273259712048, 24.969804208339855], [121.92757255066545, 24.96992890400746], [121.9279064167273, 24.96994403380177], [121.92801952989295, 24.96991463823602], [121.92808874778059, 24.969908467910663], [121.92819606771094, 24.96994222513223], [121.92829051927484, 24.969941634729068], [121.92834737185254, 24.969964231288404], [121.92841467183702, 24.970117429792555], [121.92844049840143, 24.970197599886887], [121.92853531378302, 24.970242910173393], [121.92853581594126, 24.970306023693848], [121.92876363768046, 24.97044804894796], [121.92894090223551, 24.97056743687649], [121.92921261476118, 24.970686234289545], [121.92929479084673, 24.97072588470541], [121.92946598368871, 24.970873999946484], [121.92955491061366, 24.970970988162215], [121.92970666570952, 24.971050368603148], [121.9299405025679, 24.971157925199638], [121.93025669607319, 24.971328083292477], [121.93057945356826, 24.971532625790456], [121.93072522768098, 24.971652208107653], [121.9311172506743, 24.97185631439673], [121.93129811837191, 24.97193201672504], [121.93139257173245, 24.971931423074103], [121.9314303530767, 24.971931186102307], [121.93144263035171, 24.971890943238048], [121.93148630105094, 24.97183902684554], [121.93159371171116, 24.9718842550939], [121.93158800291748, 24.971958884110393], [121.93162623970758, 24.97201602278578], [121.93170828374075, 24.97203846016876], [121.9317456536566, 24.971986582112258], [121.93178361825713, 24.972009294745988], [121.93183399398166, 24.97200897878381], [121.93185941001599, 24.972037509839428], [121.9318408858565, 24.97208353117715], [121.93187894118688, 24.972117721842405], [121.9319738994006, 24.972180244008676], [121.93215108220897, 24.972288153852553], [121.93219656481008, 24.972364571714], [121.93224639256228, 24.972412133647104], [121.93228377056289, 24.972448508261095], [121.93230522323026, 24.972425843754067], [121.93226162080293, 24.972383876294284], [121.93227841570554, 24.972358425127183], [121.93234488205339, 24.972360821709742], [121.93241269138261, 24.972337865655234], [121.93250869613367, 24.972362606728055], [121.93256170392193, 24.97242141296948], [121.93264859436611, 24.97246592520551], [121.9326510782079, 24.97238987304256], [121.932706233868, 24.972330386003364], [121.93276497380609, 24.972332833075125], [121.93293586661085, 24.97244721917256], [121.93300130438769, 24.972514395079816], [121.93317833268581, 24.97262311081872], [121.933373770159, 24.97271481183422], [121.93354719172127, 24.972758778362618], [121.9335892382664, 24.972799348303774], [121.93364048805168, 24.97283141092564], [121.93372574176541, 24.972834840069524], [121.93376925436115, 24.972865542751293], [121.9338773064185, 24.97285078139339], [121.93400430394516, 24.97288659236155], [121.93430759225308, 24.97293818583756], [121.93451207576116, 24.97300166768071], [121.93460832665062, 24.9730573840541], [121.93468881210676, 24.973073773229824], [121.93477861399083, 24.973095735666444], [121.93495992276127, 24.97318611793311], [121.93539837787495, 24.97334380017972], [121.93565613956432, 24.97343585488986], [121.93585456842742, 24.973454676406735], [121.93606780961123, 24.97348678934602], [121.93615664490798, 24.973573220219752], [121.93618661180756, 24.97364663893953], [121.93620194335449, 24.973726840935782], [121.93623175035397, 24.973780185669902], [121.93628353912837, 24.97382670065005], [121.93632734098165, 24.973792967295385], [121.93634117593534, 24.9736858136502], [121.93635501088906, 24.973578662354633], [121.9364129135973, 24.973471231651995], [121.93641232699747, 24.973397627975455], [121.93643393417497, 24.973343958973416], [121.93653654872989, 24.97331654710588], [121.93669808288595, 24.97330883705898], [121.93677153273683, 24.97330837370698], [121.93686755096257, 24.973374685143632], [121.93690443578815, 24.973394527020783], [121.93694105471242, 24.97338091311232], [121.93699214819078, 24.973340441082147], [121.93713925989499, 24.973366281294158], [121.93730856717322, 24.973412053765323], [121.93764803602755, 24.973610659627397], [121.93788392733298, 24.97371623680639], [121.93806041843851, 24.973741888830617], [121.93819970491826, 24.973707552038395], [121.93833904439857, 24.973679905726446], [121.93850738958115, 24.973605236223413], [121.93867637616081, 24.97361085995131], [121.93878471927229, 24.97362073526908], [121.93889937125202, 24.97367253364699], [121.93901821117758, 24.97368885759479], [121.93922408527777, 24.973650560727087], [121.93936497255535, 24.973689513125915], [121.9394554472775, 24.973674711150675], [121.9395241710917, 24.97367427711572], [121.93961826961767, 24.973722063295973], [121.93979657442182, 24.97375223970305], [121.93989361582865, 24.973777240260738], [121.94001544175421, 24.973776469096084], [121.94019935923225, 24.973726925625506], [121.94025834710538, 24.973681018093664], [121.94034889099781, 24.97367475268124], [121.94040507343236, 24.973668706321792], [121.94044864801182, 24.97364850862897], [121.94049249388249, 24.973662461266837], [121.94052708171593, 24.973690701225195], [121.940568053876, 24.973735976023654], [121.94060257433574, 24.973755678593122], [121.94062104459633, 24.973721411836646], [121.9406066697551, 24.973681659781324], [121.94065499821909, 24.97366997015344], [121.9407050694147, 24.9736810368231], [121.94075817332272, 24.973680701321424], [121.94081437821511, 24.973677499397677], [121.94084896604849, 24.973705739352575], [121.94084609233792, 24.973737063146277], [121.94092450268583, 24.973776408836137], [121.94095563110704, 24.973761983088966], [121.94100215216068, 24.9737189998084], [121.9410897172396, 24.973729831133983], [121.94121821225784, 24.973780245115538], [121.94129620039757, 24.97376552214063], [121.94132431676766, 24.973765346246672], [121.94137459816899, 24.973802024203252], [121.94140624671479, 24.973853049712012], [121.94140980134839, 24.973907099595078], [121.94137561775689, 24.97393008304374], [121.94130055004018, 24.97391917274647], [121.94118819595093, 24.97393411312717], [121.94126675182592, 24.97399053428147], [121.94134480823759, 24.973984350317043], [121.9414040296727, 24.973966900200374], [121.94144129179062, 24.97393820509902], [121.94148053559218, 24.973943797053167], [121.94153717706574, 24.9739946653389], [121.94153747261154, 24.9740316591841], [121.94153772234311, 24.9740629633511], [121.94144719192542, 24.97407207316999], [121.94139407094941, 24.974070986050318], [121.94140678300899, 24.974097940915275], [121.9414665263653, 24.97414594435474], [121.94156993862417, 24.97418513193552], [121.9416480399516, 24.974184639271265], [121.9417014672531, 24.974224143610513], [121.94164887987642, 24.974289931759827], [121.94166169434396, 24.97432969339044], [121.94173644495537, 24.97430076222081], [121.94183997040199, 24.974354179994855], [121.94185934975758, 24.974433742289055], [121.94182840369437, 24.974470933881758], [121.94181040864258, 24.974564961656743], [121.94182940172269, 24.974596146797538], [121.94188262510659, 24.974610039882727], [121.94202325366939, 24.974614842731892], [121.94223920057885, 24.974661857387705], [121.942377206061, 24.974729285338356], [121.94251498426935, 24.974768256124925], [121.94264788732075, 24.974815058999674], [121.94271349308255, 24.974814643698036], [121.9427819500971, 24.974780059652822], [121.94287250387099, 24.9747737951107], [121.94297537085248, 24.974744685709997], [121.9430692762407, 24.97476685794221], [121.94307285333217, 24.974823752646966], [121.9430482457816, 24.974872289180574], [121.94300473588086, 24.97490102315122], [121.94296446260998, 24.974943966117277], [121.94290533190478, 24.974972800232024], [121.94285867610384, 24.974998707689387], [121.94286515026208, 24.97502712567607], [121.94289331334454, 24.975032639406407], [121.94299323834346, 24.97502631461782], [121.94302422932246, 24.974994815260196], [121.94309243660534, 24.974928927326957], [121.94312030504042, 24.974897445859366], [121.94314482096283, 24.974837526816177], [121.94318522987926, 24.974811657597787], [121.94322276508511, 24.974817111892666], [121.94332642707563, 24.974887604031082], [121.9434016313363, 24.974915586384228], [121.94343011062574, 24.974960939720535], [121.94343699531404, 24.975040580610873], [121.94343109787424, 24.975084730343276], [121.94342862121896, 24.97516585402037], [121.94339821863655, 24.975271344361683], [121.94341732670092, 24.975316757011683], [121.94341764470451, 24.9753565981131], [121.94340890679172, 24.975436338093452], [121.94341853044337, 24.975467581643873], [121.94343154793019, 24.97553295464325], [121.94341941528398, 24.9755785658888], [121.94339786380195, 24.975618545338364], [121.94332938343122, 24.975650283943853], [121.94329841401182, 24.975684629965524], [121.94329864128561, 24.975713087695], [121.94331451182173, 24.975744292088162], [121.943339662853, 24.97576405378069], [121.94339913491811, 24.975777906832747], [121.9434649436992, 24.975803103227555], [121.94351898724497, 24.97583852083873], [121.94360691075177, 24.97599235288916], [121.94358141476734, 24.976027377134667], [121.94363928962788, 24.976036971321857], [121.9437556304403, 24.976130149390592], [121.94385334019373, 24.976237673859416], [121.94393182779673, 24.976285555946433], [121.9439945373901, 24.976313617783678], [121.94402910635887, 24.976339011945285], [121.94404205737028, 24.97639584810715], [121.94405804109418, 24.976441280699632], [121.94404289819344, 24.976501141960195], [121.94404317217956, 24.976535293125288], [121.94406831332947, 24.97655363209917], [121.94408353528195, 24.976503730638242], [121.94409555204552, 24.97644388892229], [121.94408905363271, 24.976412625262213], [121.94412027188544, 24.976409581384985], [121.94424573688624, 24.976471396995336], [121.94435580925467, 24.976561771081617], [121.94443459509837, 24.976646650987057], [121.94444747873615, 24.97669495228169], [121.94444474156944, 24.976743351273836], [121.94440181826855, 24.97679614423047], [121.94436763557539, 24.976819128767954], [121.9443647618648, 24.976850453397457], [121.94436185940813, 24.97687431981526], [121.94439597472761, 24.976881589100614], [121.94445880559353, 24.976817072651155], [121.94463440287544, 24.9767710783277], [121.94466943896808, 24.9767516213467], [121.94473302441884, 24.976781139053053], [121.94476848810964, 24.976815110179274], [121.94487661293049, 24.976840071027876], [121.9449386209396, 24.97681937387334], [121.94502232685615, 24.97687120591938], [121.9450858081023, 24.976887900764996], [121.94513272980457, 24.976887602730038], [121.94521537211571, 24.976953333267943], [121.94528123299912, 24.976974287719585], [121.94532133918328, 24.977001816845878], [121.9453829699, 24.977080502867313], [121.9454420323333, 24.97713142197124], [121.94548426213478, 24.977131154065994], [121.9455447007871, 24.977150736389387], [121.94561790809288, 24.977210113609843], [121.94563708802254, 24.977261285907623], [121.9456420018071, 24.977289038902374], [121.94567488194315, 24.977293103890663], [121.94569820490284, 24.977275858632847], [121.94571207578917, 24.97725012428688], [121.94575304705091, 24.977239177640513], [121.94578732137231, 24.977271019244007], [121.94578771483438, 24.97732017286592], [121.94581134681455, 24.97734139434553], [121.945853644888, 24.97734967496408], [121.94589560878822, 24.97731628213877], [121.94605513431131, 24.977314195901176], [121.94612589191128, 24.977360764103114], [121.94618983489154, 24.977435159350442], [121.94625103801017, 24.97746041566391], [121.94632625035563, 24.97747703388542], [121.9463500521174, 24.97751962661788], [121.94639507298453, 24.977574906923742], [121.94644921175174, 24.97759700291601], [121.94650811158996, 24.977627617279282], [121.94653424268324, 24.97766805776988], [121.94658361409127, 24.977680566201553], [121.94663512528629, 24.97766741366014], [121.9467102513935, 24.977673345821287], [121.9467762308545, 24.977709257987], [121.94679758560544, 24.97773904336741], [121.94683094364518, 24.977802946981832], [121.94685253824628, 24.97786265204902], [121.94688587921807, 24.977924418885635], [121.94693771560327, 24.977951872069724], [121.94699082939272, 24.977997953895592], [121.94702632811781, 24.97803619892346], [121.94711121621721, 24.97808908822631], [121.94716563705542, 24.97814644472818], [121.94720817408079, 24.9781846441094], [121.94726954967594, 24.978231270610955], [121.9473425854035, 24.978269275349522], [121.94742017738612, 24.97829015221905], [121.94752133307702, 24.978323701938642], [121.94760625441408, 24.97838086371501], [121.94766754287265, 24.978416805803025], [121.94771227178725, 24.978435755216047], [121.94779447033073, 24.978445915963256], [121.94788596823403, 24.978445332115243], [121.94794705097841, 24.978455628034283], [121.94802705763254, 24.97848503703075], [121.94812524169645, 24.978523911355182], [121.94820291812073, 24.978555473323823], [121.9482370235588, 24.978570176996715], [121.94844813124382, 24.978614353962456], [121.94862057633738, 24.97870204501325], [121.94877923229127, 24.978806736759992], [121.94890011229083, 24.97883133321667], [121.94901631835602, 24.978851731188144], [121.94916552223647, 24.97893534329289], [121.94933742474755, 24.978955382959725], [121.94941666873206, 24.97899716007671], [121.94957491774912, 24.979051114056176], [121.94972354580949, 24.97906284795854], [121.94983073997575, 24.97911712762456], [121.94995155439833, 24.979133269263514], [121.95007202656272, 24.979107128161942], [121.95018345628553, 24.979110641816842], [121.9502991530059, 24.979067618062306], [121.95034987098852, 24.979025011208705], [121.95039120157645, 24.978969778783373], [121.9505255670851, 24.978939320283498], [121.95056252916574, 24.978917941107394], [121.95062266418749, 24.978892186747736], [121.95070156771048, 24.9788916810737], [121.95078067694766, 24.978916543786113], [121.9508415575711, 24.978983805732305], [121.95088827805073, 24.97902156025161], [121.95096725074397, 24.97902951015569], [121.95099960626388, 24.979012388913286], [121.95103636532532, 24.978965642193025], [121.95107800403537, 24.978948460684286], [121.95111537305283, 24.978977819891234], [121.95113713923217, 24.97904324721096], [121.9512656396403, 24.979090194216717], [121.95129730974563, 24.97925317316419], [121.95132553032033, 24.979398398820702], [121.95124087578284, 24.979582004024355], [121.95117290026536, 24.97969750790786], [121.95119666160292, 24.979796731704855], [121.95134141792445, 24.979877933702557], [121.95139154301897, 24.97980317187647], [121.95143117758762, 24.979826019866632], [121.95134767199546, 24.97995490218985], [121.95162791402477, 24.980112250861055], [121.95176429894609, 24.979900886721353], [121.95146980334825, 24.979723094356267], [121.95148062086088, 24.979666552060174], [121.95145343873862, 24.97939006378286], [121.95145360133372, 24.979284252887584], [121.95145151275074, 24.979199558017136], [121.95140903860742, 24.979174162003247], [121.95141128080239, 24.979102273373684], [121.95138832615196, 24.979051082298888], [121.9513342116392, 24.978979555141883], [121.95133667302312, 24.978940010801104], [121.95134479738655, 24.9788988883538], [121.95134442458567, 24.97885268635056], [121.95139214309357, 24.97882927713351], [121.9515732650144, 24.978925655688457], [121.95158943468955, 24.9791848128908], [121.95160967463121, 24.97924885581149], [121.95163849078885, 24.979328246382266], [121.95163898486233, 24.97938984881119], [121.95163084073589, 24.979428406092243], [121.95162882581477, 24.979528528263508], [121.95158160317686, 24.97961354129292], [121.95158267576532, 24.979676815305577], [121.95160269022985, 24.979712622657882], [121.95163936215471, 24.979717519764833], [121.95179212156712, 24.97979098123143], [121.95185448530908, 24.979836783883208], [121.95191394659437, 24.97987233876107], [121.95202960289053, 24.979886998305204], [121.95210274192434, 24.97987112629299], [121.95219821756771, 24.979829442301263], [121.95233339156007, 24.979818305342043], [121.95241829762575, 24.979863963855458], [121.95244106363, 24.979913608268156], [121.95257397476621, 24.979897749287908], [121.95271083220142, 24.97983116369706], [121.95274475078993, 24.97977775563013], [121.95272672429712, 24.97967149314034], [121.95276743684411, 24.97960865476755], [121.95281888066549, 24.979598937901862], [121.95284650835202, 24.979617532918766], [121.95284392839056, 24.97972392899782], [121.9528752418647, 24.97977378762375], [121.95290349657537, 24.979870600265887], [121.9529586782866, 24.97989840315738], [121.95311724800223, 24.979969345124957], [121.95318242975931, 24.979959540345224], [121.95325751364568, 24.97989960992518], [121.95334343031608, 24.979905314793672], [121.95339517507308, 24.97993313966298], [121.95344075469228, 24.980048613088247], [121.95349066598774, 24.98005489771878], [121.95362986083933, 24.98007242677141], [121.95364230160774, 24.98033829367055], [121.95369407241586, 24.98036924934916], [121.95376930721923, 24.980328089922814], [121.95386272392393, 24.98033921462163], [121.953978818598, 24.980326742288693], [121.95407175470406, 24.98035117395676], [121.95422348195216, 24.98042528809725], [121.95428087531565, 24.980453845700556], [121.95458004035642, 24.980495721650563], [121.95485202866486, 24.98057531824323], [121.95493827322039, 24.98062169466922], [121.9549932016067, 24.98061821118579], [121.95502777506705, 24.980646149078485], [121.95502840388778, 24.980724363744336], [121.95498764103506, 24.980780944639413], [121.95490134797063, 24.980728312177398], [121.95484630459988, 24.980717715980116], [121.95485692358484, 24.9807567581543], [121.95489525918964, 24.980825343922948], [121.95497455707303, 24.98086237887043], [121.95501971178905, 24.980924665337437], [121.95499624959047, 24.98099678008474], [121.95497000980104, 24.981150265316657], [121.95496728161753, 24.981237891860207], [121.95497478165181, 24.981316064621744], [121.95496891475472, 24.981381230944237], [121.95501893744128, 24.98144620180671], [121.9551256698735, 24.98151460235098], [121.95520153709076, 24.981517567117418], [121.95523544220454, 24.981489714107063], [121.95526538844285, 24.98144115901371], [121.95527595622383, 24.981340913815664], [121.95531362438032, 24.981309581372823], [121.95535926688166, 24.98132655898325], [121.95538221434558, 24.981350592272836], [121.95543928880717, 24.981374404889635], [121.95546653021813, 24.981460589196082], [121.95547495102561, 24.981564167112932], [121.95547525735114, 24.98160216267888], [121.95549446782347, 24.981633128624853], [121.95554387606242, 24.981646627621938], [121.9555972144307, 24.98167737370346], [121.95566984681466, 24.981749448110058], [121.95572709015958, 24.981793987098506], [121.95576321141712, 24.981899730692845], [121.9557979214214, 24.981968392365406], [121.95581269511457, 24.982061941318495], [121.95583202236784, 24.982140562218113], [121.95583032095875, 24.982219319050213], [121.9558760173589, 24.982380771986147], [121.95592372059544, 24.98250177523677], [121.95597097826762, 24.982567445775636], [121.95599964889824, 24.9826460069107], [121.9561830776927, 24.98279379837819], [121.95628398275359, 24.98284848027232], [121.95633062238484, 24.98283753738131], [121.95637677782418, 24.982767005014754], [121.95645579722985, 24.98271541403295], [121.956572368011, 24.98268486282029], [121.95666344640098, 24.982680017130185], [121.95695839205484, 24.982607515779687], [121.95720268889636, 24.982520679235787], [121.95735827979857, 24.982466369315567], [121.95756554538909, 24.98237026712913], [121.95768222576474, 24.982328053896527], [121.95780560038584, 24.98230948616032], [121.95793547611466, 24.98229087607938], [121.95819570457778, 24.98231287676938], [121.95826071475658, 24.982312454978914], [121.9583520168271, 24.9823473968122], [121.9585407843093, 24.982375783787372], [121.95865144597255, 24.982392832091797], [121.95884656993368, 24.982403408602345], [121.95897687775219, 24.98243809798716], [121.95913978812727, 24.982484418340555], [121.9592177987249, 24.982483911867018], [121.95930259968769, 24.98251889517913], [121.95936760986649, 24.982518473389387], [121.95939399877629, 24.982565681262052], [121.95936837972268, 24.982613226222394], [121.9593894227582, 24.982802606272763], [121.9594213542733, 24.982933894881228], [121.95943785003686, 24.983000639201865], [121.95945486592497, 24.983045799019408], [121.95953734833604, 24.983072656648815], [121.95961720586988, 24.983083763999833], [121.95969056588925, 24.98308037992614], [121.95975536765889, 24.98306860895104], [121.95983373758258, 24.983030038154578], [121.95992229440158, 24.982933544748047], [121.95993465432159, 24.982884053821767], [121.95993422762183, 24.98283173819427], [121.95995301678431, 24.982788017102877], [121.95999735403345, 24.982747036810004], [121.96008978528634, 24.982734809814875], [121.96014728465101, 24.982743156025727], [121.9602769492758, 24.982789489292458], [121.96040525564781, 24.98287294563844], [121.960466232391, 24.982916148013906], [121.96058473185504, 24.98297060186], [121.96070327892981, 24.983030870330907], [121.9608767130685, 24.983176023942615], [121.9610933579689, 24.98323143035925], [121.96124994510274, 24.9832778399825], [121.9613461573646, 24.983288156667733], [121.96153018443707, 24.983261410639116], [121.9617184264049, 24.983260178662213], [121.96180247278286, 24.98325233081423], [121.96189028939006, 24.983215268087378], [121.96199023774524, 24.98319272037514], [121.96207458416052, 24.983221358761885], [121.96214278964673, 24.98323550817931], [121.96219273238331, 24.983240392932057], [121.96223858329374, 24.98319237024272], [121.96228237257054, 24.983139714384926], [121.9623479441964, 24.9830466311956], [121.96238708289499, 24.982965805851176], [121.96241315380124, 24.98290923573256], [121.96242147130243, 24.98284472733064], [121.96241210187402, 24.982780333706135], [121.96238511199131, 24.98272411200741], [121.96236709627826, 24.9826839459581], [121.96235333678304, 24.982623609733146], [121.96238844923258, 24.98259115230225], [121.9624192371923, 24.982570808692536], [121.96248576103235, 24.982594543717834], [121.96253469585912, 24.98263047806022], [121.96260112088449, 24.982642129380295], [121.96270282095449, 24.98264146331141], [121.96276030504781, 24.982641086306675], [121.96279860831318, 24.982686330939774], [121.96285671583738, 24.98276249073346], [121.96288400306241, 24.982854965068633], [121.96292871490907, 24.982915099242767], [121.96299075076595, 24.982930806380956], [121.96309680766501, 24.982922054679715], [121.96315838268619, 24.98288136593788], [121.96321105001294, 24.98283268029754], [121.96325474227179, 24.982767938161608], [121.96329833391927, 24.982691113116978], [121.96335100124602, 24.982642425772777], [121.96342594140195, 24.982613735952505], [121.9635320297421, 24.98260901077087], [121.9636468982158, 24.982596173062944], [121.9637794185848, 24.982579189927936], [121.96394738018671, 24.9825700310689], [121.96407977030003, 24.98253693605377], [121.96420361204515, 24.98254015077515], [121.96446037031627, 24.98257472123863], [121.96453148005585, 24.982618566988442], [121.96470897727451, 24.982693941872846], [121.96484651293774, 24.982749437261504], [121.96510353621193, 24.982816232166638], [121.96527212304129, 24.982883607605366], [121.96554330196767, 24.983059077196305], [121.96563642312665, 24.98309069174235], [121.96586753629303, 24.98323419314749], [121.96604130280839, 24.98336810809897], [121.96611960086688, 24.98345281231243], [121.96572696342585, 24.98387961233151], [121.96568751301186, 24.983922478065292], [121.96555483723428, 24.984102036178957], [121.96540755574847, 24.98430136493643], [121.96522360503278, 24.98467482935269], [121.96495367296804, 24.98462739185647], [121.96461529107523, 24.98455151006369], [121.96458862817926, 24.98476519171097], [121.96453764609191, 24.984948370377356], [121.96450058878986, 24.985005178132962], [121.96446800240295, 24.985053380063373], [121.96434209093945, 24.985190006108738], [121.96428920532206, 24.985290757073653], [121.96405979536138, 24.985426642705043], [121.96372418656789, 24.98569684772435], [121.96358029622229, 24.9859378029059], [121.9635690169756, 24.986425584965996], [121.96358082263505, 24.986488245608008], [121.96346202762527, 24.986823829133908], [121.9633008123711, 24.987181225917073], [121.96301523075579, 24.987565221011835], [121.96296537425748, 24.98762211793812], [121.96282513197029, 24.98778216167386], [121.96280692132287, 24.987802944106065], [121.962606820695, 24.987917911017924], [121.96255936269856, 24.987921938200284], [121.9619951506315, 24.98796981329528], [121.96180676403495, 24.987999992720273], [121.96164302002327, 24.9879911510004], [121.96125363268696, 24.988042139681493]]]}, "id": 513, "type": "Feature", "properties": {"空域類別名稱": "縣市政府限制使用範圍", "會商機關名稱": null, "主管機關名稱": "宜蘭縣政府", "聯絡方式": "承辦窗口：劉靖茹\r\n電子郵件：cjliu123@mail.e-land.gov.tw\r\n電話：03-9251000 #2268", "主管機關": "5", "空域說明": "本區每星期六、日全日及星期一至星期五下午5時至上午8時禁止遙控無人機飛航活動。", "三級機關": null, "有效日期起": null, "罰則": "罰款3萬-15萬\n註冊/地點/操作限制\n得沒入遙控無人機", "last_edited_date": null, "空域類型": 7, "SHAPE__Area": 35702590.27873859, "會商機關": null, "空域顏色": "黃區", "有效日期迄": null, "限制區": "黃區", "created_user": null, "空域類別": 7, "空域名稱": "宜53 頭城都市計畫及東北角海岸(頭城濱海及大溪海岸)風景特定區計畫", "last_edited_user": null, "條件": "限制", "countyid": null, "created_date": null, "二級機關": null, "SHAPE__Length": 62955.71902935608, "objectid": 513}}, {"geometry": {"type": "Polygon", "coordinates": [[[120.59905555560805, 22.776472222357196], [120.59708333314788, 22.7766111110057], [120.59683333290263, 22.775333332757597], [120.59822222175664, 22.775194443636845], [120.59905555560805, 22.776472222357196]]]}, "id": 514, "type": "Feature", "properties": {"空域類別名稱": "縣市政府限制使用範圍", "會商機關名稱": null, "主管機關名稱": "屏東縣政府", "聯絡方式": "承辦窗口：洪筱喬\n電子郵件：a250911@oa.pthg.gov.tw\n電話：08-7663155#24", "主管機關": "20", "空域說明": "本區200呎以上禁止遙控無人機飛航活動。", "三級機關": null, "有效日期起": null, "罰則": "罰款3萬-15萬\n註冊/地點/操作限制\n得沒入遙控無人機", "last_edited_date": null, "空域類型": 7, "SHAPE__Area": 29871.867635705, "會商機關": null, "空域顏色": "黃區", "有效日期迄": null, "限制區": "黃區", "created_user": null, "空域類別": 7, "空域名稱": "屏174 屏東AI智慧農業學校", "last_edited_user": null, "條件": "限制", "countyid": null, "created_date": null, "二級機關": null, "SHAPE__Length": 712.4782116421094, "objectid": 514}}, {"geometry": {"type": "Polygon", "coordinates": [[[120.60972222225861, 22.73361111074918], [120.30722222194386, 22.73361111074918], [120.30722222194386, 22.625833333044636], [120.60972222225861, 22.625833333044636], [120.60972222225861, 22.73361111074918]]]}, "id": 515, "type": "Feature", "properties": {"空域類別名稱": "縣市政府限制使用範圍", "會商機關名稱": "空軍第六混合聯隊", "主管機關名稱": "高雄市政府", "聯絡方式": "承辦窗口：作戰官                            電子郵件：\n電話：08-7654632", "主管機關": "17", "空域說明": "本區200呎以上禁止遙控無人機飛航活動，因執行業務得由申請地點之所在縣市政府會商空軍第六混合聯隊同意後為之。", "三級機關": null, "有效日期起": null, "罰則": "罰款3萬-15萬\n註冊/地點/操作限制\n得沒入遙控無人機", "last_edited_date": null, "空域類型": 7, "SHAPE__Area": 437873379.3834752, "會商機關": "03.20003.20055.20043", "空域顏色": "黃區", "有效日期迄": null, "限制區": "黃區", "created_user": null, "空域類別": 7, "空域名稱": "屏43 國軍營區-N384-1", "last_edited_user": null, "條件": "限制", "countyid": null, "created_date": null, "二級機關": null, "SHAPE__Length": 93354.7944, "objectid": 515}}, {"geometry": {"type": "Polygon", "coordinates": [[[120.60972222225861, 22.73361111074918], [120.30722222194386, 22.73361111074918], [120.30722222194386, 22.625833333044636], [120.60972222225861, 22.625833333044636], [120.60972222225861, 22.73361111074918]]]}, "id": 516, "type": "Feature", "properties": {"空域類別名稱": "縣市政府限制使用範圍", "會商機關名稱": "1、空軍第六混合聯隊\r\n2、第四作戰區", "主管機關名稱": "屏東縣政府", "聯絡方式": "承辦窗口：空軍第六混合聯隊\r\n電子郵件：無\r\n電話：08-7654632", "主管機關": "20", "空域說明": "1.區域內遙控無人機活動禁止施放60公尺以上。\r\n2.申請本區域內從事活動者，由申請地點之所在縣市政府會商空軍第六混合聯隊同意後，始得為之。", "三級機關": null, "有效日期起": null, "罰則": "罰款3萬-15萬\n註冊/地點/操作限制\n得沒入遙控無人機", "last_edited_date": null, "空域類型": 7, "SHAPE__Area": 437873379.3834752, "會商機關": "03.20003.20055.20043", "空域顏色": "黃區", "有效日期迄": null, "限制區": "黃區", "created_user": null, "空域類別": 7, "空域名稱": "屏43 國軍營區N384-1", "last_edited_user": null, "條件": "限制", "countyid": null, "created_date": null, "二級機關": null, "SHAPE__Length": 93354.7944, "objectid": 516}}, {"geometry": {"type": "Polygon", "coordinates": [[[120.63527777843053, 22.686111110986324], [120.61166666701358, 22.77749999964704], [120.31944444367976, 22.718611110707936], [120.33083333336086, 22.619722221696275], [120.63527777843053, 22.686111110986324]]]}, "id": 517, "type": "Feature", "properties": {"空域類別名稱": "縣市政府限制使用範圍", "會商機關名稱": "1、空軍第六混合聯隊\r\n2、第四作戰區", "主管機關名稱": "屏東縣政府", "聯絡方式": "承辦窗口：空軍第六混合聯隊\r\n電子郵件：無\r\n電話：08-7654632", "主管機關": "20", "空域說明": "1.區域內遙控無人機活動禁止施放60公尺以上。\r\n2.申請本區域內從事活動者，由申請地點之所在縣市政府會商空軍第六混合聯隊同意後，始得為之。", "三級機關": null, "有效日期起": null, "罰則": "罰款3萬-15萬\n註冊/地點/操作限制\n得沒入遙控無人機", "last_edited_date": null, "空域類型": 7, "SHAPE__Area": 395979424.3646344, "會商機關": "03.20003.20055.20043", "空域顏色": "黃區", "有效日期迄": null, "限制區": "黃區", "created_user": null, "空域類別": 7, "空域名稱": "屏45 國軍營區N385-1", "last_edited_user": null, "條件": "限制", "countyid": null, "created_date": null, "二級機關": null, "SHAPE__Length": 91457.58441981721, "objectid": 517}}, {"geometry": {"type": "Polygon", "coordinates": [[[120.56140277827204, 22.603908333287425], [120.56200833260506, 22.605599999794308], [120.56086666730373, 22.60509166691753], [120.5604055557802, 22.603677778196953], [120.56140277827204, 22.603908333287425]]]}, "id": 518, "type": "Feature", "properties": {"空域類別名稱": "縣市政府限制使用範圍", "會商機關名稱": "客家委員會客家文化發展中心", "主管機關名稱": "屏東縣政府", "聯絡方式": "承辦窗口：屏東縣政府交通旅遊處\n電子郵件：\n電話：08-7230415", "主管機關": "20", "空域說明": "<有條件開放>\n 1. 週一至週日(國定假日除外)日出至日落，區域內開放從事遙控無人機活動，限制高度400英呎(120公尺)以下；臨時關閉則另行通告。 \n2. 申請本區域於核定日外從事活動者，經屏東縣政府同意後，始得為之。", "三級機關": null, "有效日期起": null, "罰則": "罰款3萬-15萬\n註冊/地點/操作限制\n得沒入遙控無人機", "last_edited_date": null, "空域類型": 7, "SHAPE__Area": 19645.823453065, "會商機關": "01.20003.20043.20003", "空域顏色": "黃區", "有效日期迄": null, "限制區": "黃區", "created_user": null, "空域類別": 7, "空域名稱": "屏47 六堆客家文化園區-美和科技大學", "last_edited_user": null, "條件": "限制", "countyid": null, "created_date": null, "二級機關": null, "SHAPE__Length": 648.4235449543439, "objectid": 518}}, {"geometry": {"type": "Polygon", "coordinates": [[[120.53156666712624, 22.78523888877595], [120.53828333277636, 22.7827055558723], [120.53884444385902, 22.78376111116893], [120.53207222190015, 22.78651666701221], [120.53156666712624, 22.78523888877595]]]}, "id": 519, "type": "Feature", "properties": {"空域類別名稱": "縣市政府限制使用範圍", "會商機關名稱": null, "主管機關名稱": "屏東縣政府", "聯絡方式": "承辦窗口：楊孟蓉 \n電子郵件：a252041@oa.pthg.gov.tw \n電話：08-7320415#5113", "主管機關": "20", "空域說明": "1. 每日自日出至 12時、 14時至日落開放從事 2公斤以上固定翼型遙控無人機活動，限制高度 400英呎 (120公尺 )以下 。\n2. 本區禁飛油機 (燃料種類為汽油 、 柴油 、 木精油 、 航空煤油等液體燃料之遙控無人機 )。\n3. 臨時關閉則另行通告。", "三級機關": null, "有效日期起": "2020/03/31", "罰則": "罰款3萬-15萬\n註冊/地點/操作限制\n得沒入遙控無人機", "last_edited_date": null, "空域類型": 7, "SHAPE__Area": 124716.25043217, "會商機關": null, "空域顏色": "黃區", "有效日期迄": "2910/12/31", "限制區": "黃區", "created_user": null, "空域類別": 7, "空域名稱": "屏63 里港飛場", "last_edited_user": null, "條件": "限制", "countyid": null, "created_date": null, "二級機關": null, "SHAPE__Length": 1938.0336399253495, "objectid": 519}}, {"geometry": {"type": "Polygon", "coordinates": [[[120.56066666728718, 22.778861111270302], [120.55052777793406, 22.78227777834092], [120.54336111112382, 22.78038888915208], [120.55486111072746, 22.775666666898967], [120.56066666728718, 22.778861111270302]]]}, "id": 520, "type": "Feature", "properties": {"空域類別名稱": "縣市政府限制使用範圍", "會商機關名稱": null, "主管機關名稱": "屏東縣政府", "聯絡方式": "承辦窗口：楊孟蓉 \n電子郵件：a252041@oa.pthg.gov.tw \n電話：08-7320415#5113", "主管機關": "20", "空域說明": "1. 每日 自日出至日落開放從事 2公斤以上固定翼型遙控無人機活動，限制高度 400英呎 (120公尺 )以下。\n2. 臨時關閉則另行通告 。", "三級機關": null, "有效日期起": "2020/03/31", "罰則": "罰款3萬-15萬\n註冊/地點/操作限制\n得沒入遙控無人機", "last_edited_date": null, "空域類型": 7, "SHAPE__Area": 724355.34595383, "會商機關": null, "空域顏色": "黃區", "有效日期迄": "2910/12/31", "限制區": "黃區", "created_user": null, "空域類別": 7, "空域名稱": "屏64 高樹飛場", "last_edited_user": null, "條件": "限制", "countyid": null, "created_date": null, "二級機關": null, "SHAPE__Length": 4185.428654582381, "objectid": 520}}, {"geometry": {"type": "Polygon", "coordinates": [[[120.55741666679384, 22.579583332772224], [120.54519444415963, 22.572833333262427], [120.5481388889973, 22.56866666731911], [120.56008333278271, 22.57519444432008], [120.55741666679384, 22.579583332772224]]]}, "id": 521, "type": "Feature", "properties": {"空域類別名稱": "縣市政府限制使用範圍", "會商機關名稱": null, "主管機關名稱": "屏東縣政府", "聯絡方式": "承辦窗口：楊孟蓉 \n電子郵件：a252041@oa.pthg.gov.tw \n電話：08-7320415#5113", "主管機關": "20", "空域說明": "1. 每日自日出至日落開放從事 2公斤以上固定翼型遙控無人機活動，限制高度 400英呎 (120公\n尺 )以下。\n2. 油機可飛行時間 每日上午8至 12時 、 14時至日落 。\n3. 臨時關閉則另行通告 。", "三級機關": null, "有效日期起": "2020/03/31", "罰則": "罰款3萬-15萬\n註冊/地點/操作限制\n得沒入遙控無人機", "last_edited_date": null, "空域類型": 7, "SHAPE__Area": 943651.917101175, "會商機關": null, "空域顏色": "黃區", "有效日期迄": "2910/12/31", "限制區": "黃區", "created_user": null, "空域類別": 7, "空域名稱": "屏65 竹田飛場", "last_edited_user": null, "條件": "限制", "countyid": null, "created_date": null, "二級機關": null, "SHAPE__Length": 4336.92769254223, "objectid": 521}}, {"geometry": {"type": "Polygon", "coordinates": [[[120.4580555556247, 22.47716666730241], [120.45655555594982, 22.47813888908329], [120.45258333332418, 22.4747777782323], [120.4537499996382, 22.47363888925903], [120.4580555556247, 22.47716666730241]]]}, "id": 522, "type": "Feature", "properties": {"空域類別名稱": "縣市政府限制使用範圍", "會商機關名稱": null, "主管機關名稱": "屏東縣政府", "聯絡方式": "承辦窗口：楊孟蓉 \n電子郵件：a252041@oa.pthg.gov.tw \n電話：08-7320415#5113", "主管機關": "20", "空域說明": "1. 每日自上午 8至 12時、14時至日落開放從事 2公斤以上固定翼型遙控無人機活動，限制高度\n400英呎 (120公尺 )以下。\n2. 本區禁飛油機。\n3. 臨時關閉則另行通告 。", "三級機關": null, "有效日期起": "2020/03/31", "罰則": "罰款3萬-15萬\n註冊/地點/操作限制\n得沒入遙控無人機", "last_edited_date": null, "空域類型": 7, "SHAPE__Area": 120178.857716725, "會商機關": null, "空域顏色": "黃區", "有效日期迄": "2910/12/31", "限制區": "黃區", "created_user": null, "空域類別": 7, "空域名稱": "屏66 新園飛場", "last_edited_user": null, "條件": "限制", "countyid": null, "created_date": null, "二級機關": null, "SHAPE__Length": 1633.0298921741557, "objectid": 522}}, {"geometry": {"type": "Polygon", "coordinates": [[[120.65281700077236, 22.04094967915345], [120.67769648306485, 22.057363976083753], [120.67970950790358, 22.063215665679095], [120.682475040676, 22.06869201930134], [120.68608677117473, 22.07384410837165], [120.69034457182242, 22.07845873265868], [120.69527063190489, 22.082490607145267], [120.70088228711057, 22.085962697615855], [120.70679450513553, 22.08860865588276], [120.71301593675605, 22.090481839254878], [120.71944725704775, 22.091547609671938], [120.71997652644681, 22.087331003651844], [120.7782914895655, 22.025387114647998], [120.7826854936749, 22.024413903901426], [120.78065396982952, 22.0185645446112], [120.77790131710167, 22.013054885772895], [120.7742464512996, 22.00794616291072], [120.76976146491994, 22.00321222271924], [120.76518047199261, 21.99934079000601], [120.75952243497218, 21.995814422388545], [120.75363530599479, 21.9932540210614], [120.74738763817808, 21.991327273283115], [120.74093273621186, 21.99024575372895], [120.74041232420146, 21.994451473250887], [120.68211333582347, 22.056330146677176], [120.67769913758653, 22.057363227606835], [120.65284367893967, 22.040904701204923], [120.78777883443634, 21.897563582987996], [120.87512129199442, 21.96903065570388], [120.67249156256196, 22.18421446464842], [120.58510671889552, 22.11260499468702], [120.65281700077236, 22.04094967915345]]]}, "id": 523, "type": "Feature", "properties": {"空域類別名稱": "機場四周距地面或水面200呎以上禁止施放範圍", "會商機關名稱": "交通部民用航空局高雄國際航空站（恆春）", "主管機關名稱": "交通部民用航空局", "聯絡方式": "", "主管機關": "23", "空域說明": "機場四周200呎以上禁止施放範圍", "三級機關": null, "有效日期起": null, "罰則": "罰款30萬-150萬\n危害飛航安全\n沒入遙控無人機", "last_edited_date": null, "空域類型": 5, "SHAPE__Area": 376331161.6345408, "會商機關": "03.20008.20003.20024", "空域顏色": "黃區", "有效日期迄": null, "限制區": "黃區", "created_user": null, "空域類別": 5, "空域名稱": "恆春機場200呎以上禁止施放範圍", "last_edited_user": null, "條件": "限制", "countyid": null, "created_date": null, "二級機關": null, "SHAPE__Length": 136306.16937784821, "objectid": 523}}, {"geometry": {"type": "Polygon", "coordinates": [[[120.76232777838305, 23.819905556037508], [120.76208055572867, 23.816877778398037], [120.76334166731839, 23.81612777760587], [120.76613333298076, 23.81401944409105], [120.76630277770124, 23.821583332658495], [120.76427222223974, 23.820972221835174], [120.76321111066655, 23.819833333274737], [120.76232777838305, 23.819905556037508]]]}, "id": 524, "type": "Feature", "properties": {"空域類別名稱": "縣市政府限制使用範圍", "會商機關名稱": "經濟部水利署中區水資源局", "主管機關名稱": "南投縣政府", "聯絡方式": "承辦窗口：賴正哲\n電子郵件：misawa0722@wracb.gov.tw\n電話：049-2764031#511", "主管機關": "12", "空域說明": "1. 區域內禁止從事遙控無人機活動，經濟部水利署中區水資源局公務使用除外。\n2. 申請本區域內從事活動者，由南投縣政府會商經濟部水利署中區水資源局同意後，始得為之。", "三級機關": null, "有效日期起": null, "罰則": "罰款3萬-15萬\n註冊/地點/操作限制\n得沒入遙控無人機", "last_edited_date": null, "空域類型": 7, "SHAPE__Area": 285066.173286745, "會商機關": "03.20007.20014.20002", "空域顏色": "黃區", "有效日期迄": null, "限制區": "黃區", "created_user": null, "空域類別": 7, "空域名稱": "投17 集集攔河堰", "last_edited_user": null, "條件": "限制", "countyid": null, "created_date": null, "二級機關": null, "SHAPE__Length": 2379.240841022288, "objectid": 524}}, {"geometry": {"type": "Polygon", "coordinates": [[[120.63527777843053, 22.686111110986324], [120.61166666701358, 22.77749999964704], [120.31944444367976, 22.718611110707936], [120.33083333336086, 22.619722221696275], [120.63527777843053, 22.686111110986324]]]}, "id": 525, "type": "Feature", "properties": {"空域類別名稱": "縣市政府限制使用範圍", "會商機關名稱": "空軍第六混合聯隊", "主管機關名稱": "高雄市政府", "聯絡方式": "承辦窗口：作戰官                            電子郵件：\n電話：08-7654632", "主管機關": "17", "空域說明": "本區200呎以上禁止遙控無人機飛航活動，因執行業務得由申請地點之所在縣市政府會商空軍第六混合聯隊同意後為之。", "三級機關": null, "有效日期起": null, "罰則": "罰款3萬-15萬\n註冊/地點/操作限制\n得沒入遙控無人機", "last_edited_date": null, "空域類型": 7, "SHAPE__Area": 395979424.3646344, "會商機關": "03.20003.20055.20043", "空域顏色": "黃區", "有效日期迄": null, "限制區": "黃區", "created_user": null, "空域類別": 7, "空域名稱": "屏45 國軍營區N385-1", "last_edited_user": null, "條件": "限制", "countyid": null, "created_date": null, "二級機關": null, "SHAPE__Length": 91457.58441981721, "objectid": 525}}, {"geometry": {"type": "Polygon", "coordinates": [[[121.47538333257535, 25.041672222032144], [121.47466111134146, 25.043113889260443], [121.47296666683171, 25.042380556329128], [121.47225555596125, 25.041824999885076], [121.47289444407947, 25.04061111075603], [121.47538333257535, 25.041672222032144]]]}, "id": 526, "type": "Feature", "properties": {"空域類別名稱": "縣市政府限制使用範圍", "會商機關名稱": "新北市政府高灘地工程管理處", "主管機關名稱": "新北市政府", "聯絡方式": "承辦窗口：黃紹慈\n電子郵件：AI6209@ntpc.gov.tw\n電話：89699596#553", "主管機關": "3", "空域說明": "一、開放時間：上午7時至下午日落時間。\n二、限制高度200呎，禁止使用燃油噴射(螺旋及渦輪)引擎飛行器。\n三、申請本區域內從事活動者，由新北市政府會商高灘地工程管理處同意後，始得為之。", "三級機關": null, "有效日期起": null, "罰則": "罰款3萬-15萬\n註冊/地點/操作限制\n得沒入遙控無人機", "last_edited_date": null, "空域類型": 7, "SHAPE__Area": 58252.984235975, "會商機關": "26.20002.20018.20001", "空域顏色": "黃區", "有效日期迄": null, "限制區": "黃區", "created_user": null, "空域類別": 7, "空域名稱": "新北105 三重遙控飛機場", "last_edited_user": null, "條件": "限制", "countyid": null, "created_date": null, "二級機關": null, "SHAPE__Length": 979.5399165967938, "objectid": 526}}, {"geometry": {"type": "Polygon", "coordinates": [[[121.53542437437652, 24.963754572757846], [121.53542559788188, 24.962664872395106], [121.53622805304373, 24.963097373635133], [121.53572551660916, 24.964199567755077], [121.53542437437652, 24.963754572757846]]]}, "id": 527, "type": "Feature", "properties": {"空域類別名稱": "縣市政府限制使用範圍", "會商機關名稱": "新北市政府高灘地工程管理處", "主管機關名稱": "新北市政府", "聯絡方式": "承辦窗口：黃紹慈\n電子郵件：AI6209@ntpc.gov.tw\n電話：89699596#553", "主管機關": "3", "空域說明": "一、開放時間：上午 9時至下午日落時間。\n二、限制高度200呎，禁止使用燃油噴射(螺旋及渦輪)引擎飛行器及固定翼無人機。\n三、申請本區域內從事活動者，由新北市政府會商高灘地工程管理處同意後，始得為之。", "三級機關": null, "有效日期起": null, "罰則": "罰款3萬-15萬\n註冊/地點/操作限制\n得沒入遙控無人機", "last_edited_date": null, "空域類型": 7, "SHAPE__Area": 9776.827092625, "會商機關": "26.20002.20018.20001", "空域顏色": "黃區", "有效日期迄": null, "限制區": "黃區", "created_user": null, "空域類別": 7, "空域名稱": "新北106 親情河濱公園臨岸側", "last_edited_user": null, "條件": "限制", "countyid": null, "created_date": null, "二級機關": null, "SHAPE__Length": 448.27933022697624, "objectid": 527}}, {"geometry": {"type": "Polygon", "coordinates": [[[121.46601111129975, 25.008263889378313], [121.46591666692238, 25.008044444076116], [121.46653888859719, 25.007841667043035], [121.46662222171285, 25.00805833338129], [121.46601111129975, 25.008263889378313]]]}, "id": 528, "type": "Feature", "properties": {"空域類別名稱": "縣市政府限制使用範圍", "會商機關名稱": "中華電信股份有限公司", "主管機關名稱": "新北市政府", "聯絡方式": "承辦窗口：王丁玉\n電子郵件：zz582056@cht.com.tw\n電話：02-29639376", "主管機關": "3", "空域說明": "中華電信學院區域內從事遙控無人機活動僅得為中華電信人員或中華電信學院開辦之遙控無人機訓練課程。申請本區域內從事活動者，由新北市政府會商中華電信學院同意後，始得為之。", "三級機關": null, "有效日期起": null, "罰則": "罰款3萬-15萬\n註冊/地點/操作限制\n得沒入遙控無人機", "last_edited_date": null, "空域類型": 7, "SHAPE__Area": 2086.865525195, "會商機關": "96979933", "空域顏色": "黃區", "有效日期迄": null, "限制區": "黃區", "created_user": null, "空域類別": 7, "空域名稱": "新北108 中華電信學院", "last_edited_user": null, "條件": "限制", "countyid": null, "created_date": null, "二級機關": null, "SHAPE__Length": 203.289160177301, "objectid": 528}}, {"geometry": {"type": "Polygon", "coordinates": [[[121.46319999980648, 25.021863888967104], [121.4629305564252, 25.02128611078155], [121.46326111129689, 25.0211111109237], [121.4635805558052, 25.021688889118977], [121.46319999980648, 25.021863888967104]]]}, "id": 529, "type": "Feature", "properties": {"空域類別名稱": "縣市政府限制使用範圍", "會商機關名稱": null, "主管機關名稱": "新北市政府", "聯絡方式": "承辦窗口：方廷和\n電子郵件：j100@mail.chihlee.edu.tw\n電話：02-22576167#1218", "主管機關": "3", "空域說明": "致理科技大學田徑運動場區域內從事遙控無人機活動僅得為遙控無人機術科測驗、致理科技大學師生或致理科技大學開辦之遙控無人機訓練課程。限制高度200呎以下。申請本區域內從事活動者，由新北市政府會商致理科技大學同意後，始得為之。", "三級機關": null, "有效日期起": null, "罰則": "罰款3萬-15萬\n註冊/地點/操作限制\n得沒入遙控無人機", "last_edited_date": null, "空域類型": 7, "SHAPE__Area": 3514.049873705, "會商機關": null, "空域顏色": "黃區", "有效日期迄": null, "限制區": "黃區", "created_user": null, "空域類別": 7, "空域名稱": "新北110 致理科技大學田徑運動場", "last_edited_user": null, "條件": "限制", "countyid": null, "created_date": null, "二級機關": null, "SHAPE__Length": 246.56913108958383, "objectid": 529}}, {"geometry": {"type": "Polygon", "coordinates": [[[121.46393055560956, 25.020422221927603], [121.46410000033002, 25.020619443708956], [121.4635888885778, 25.02085833282038], [121.4634305560174, 25.020608333238744], [121.46393055560956, 25.020422221927603]]]}, "id": 530, "type": "Feature", "properties": {"空域類別名稱": "縣市政府限制使用範圍", "會商機關名稱": null, "主管機關名稱": "新北市政府", "聯絡方式": "承辦窗口：方廷和\n電子郵件：j100@mail.chihlee.edu.tw\n電話：02-22576167#1218", "主管機關": "3", "空域說明": "致理科技大學田徑運動場區域內從事遙控無人機活動僅得為遙控無人機術科測驗、致理科技大學師生或致理科技大學開辦之遙控無人機訓練課程。限制高度200呎以下。申請本區域內從事活動者，由新北市政府會商致理科技大學同意後，始得為之。", "三級機關": null, "有效日期起": null, "罰則": "罰款3萬-15萬\n註冊/地點/操作限制\n得沒入遙控無人機", "last_edited_date": null, "空域類型": 7, "SHAPE__Area": 2022.23477673, "會商機關": null, "空域顏色": "黃區", "有效日期迄": null, "限制區": "黃區", "created_user": null, "空域類別": 7, "空域名稱": "新北111 致理科技大學網球場", "last_edited_user": null, "條件": "限制", "countyid": null, "created_date": null, "二級機關": null, "SHAPE__Length": 190.30734907472151, "objectid": 530}}, {"geometry": {"type": "Polygon", "coordinates": [[[121.37732222196293, 24.93720277799957], [121.37741944393113, 24.936986110651922], [121.37914999981697, 24.93691944401236], [121.38096111122762, 24.936077777742383], [121.38272500000038, 24.935716667146835], [121.38550277770845, 24.935205555758696], [121.38609166739467, 24.93582777764809], [121.38555555642635, 24.936522221916753], [121.38476944431446, 24.936547221889576], [121.38481666695233, 24.93733055560357], [121.38308611106652, 24.938072222044685], [121.38161111060765, 24.938674999856076], [121.3799611111449, 24.938444443633657], [121.37868611070259, 24.938480556222217], [121.37871111081694, 24.937661111298844], [121.37853333332389, 24.937341667082855], [121.37813055569997, 24.937280555970688], [121.37782500004428, 24.937033332731286], [121.37732222196293, 24.93720277799957]]]}, "id": 531, "type": "Feature", "properties": {"空域類別名稱": "縣市政府限制使用範圍", "會商機關名稱": null, "主管機關名稱": "新北市政府", "聯絡方式": "承辦窗口：秘書室(惠友明)\n電子郵件： pstcco2@mail.naer.edu.tw\n電話：02-77407051\n教育人力發展中心電子郵件：meni@mail.naer.edu.tw\n電話：02-77407512", "主管機關": "3", "空域說明": "國家教育研究院三峽總院區區域內從事遙控無人機活動僅得為國家教育研究院三峽總院區辦理教育人力發展課程及戶外教育課程等教育訓練課程。限制高度400呎以下。申請本區域內從事活動者，由新北市政府會商國家教育研究院三峽總院區同意後，始得為之。", "三級機關": null, "有效日期起": null, "罰則": "罰款3萬-15萬\n註冊/地點/操作限制\n得沒入遙控無人機", "last_edited_date": null, "空域類型": 7, "SHAPE__Area": 208297.41271513, "會商機關": null, "空域顏色": "黃區", "有效日期迄": null, "限制區": "黃區", "created_user": null, "空域類別": 7, "空域名稱": "新北112 國家教育研究院三峽總院區", "last_edited_user": null, "條件": "限制", "countyid": null, "created_date": null, "二級機關": null, "SHAPE__Length": 2369.8474180241315, "objectid": 531}}, {"geometry": {"type": "Polygon", "coordinates": [[[121.39776111082045, 25.080280556385034], [121.39745555606306, 25.080625000011267], [121.39754166676956, 25.080830555627244], [121.39722499985214, 25.080994444174095], [121.3973000001952, 25.081541666615905], [121.39640555575164, 25.08173611087977], [121.39585833262329, 25.082402777604436], [121.39569444398283, 25.082716666978797], [121.39548333270454, 25.08286111121062], [121.39568333272109, 25.083233332756553], [121.3957333329498, 25.0837277779038], [121.3952638886537, 25.083783333376953], [121.39536666670197, 25.082705555626646], [121.39504722219368, 25.08278055581032], [121.39479166676672, 25.081994444076578], [121.39435833294839, 25.082102778108982], [121.3942833326053, 25.08169722205168], [121.39420000038797, 25.081683332949094], [121.39381944438922, 25.080638889233953], [121.39551111130808, 25.080383333304884], [121.39626388873637, 25.080383333304884], [121.39731388904782, 25.08018333313573], [121.39752500032611, 25.08007777835359], [121.39776111082045, 25.080280556385034]]]}, "id": 532, "type": "Feature", "properties": {"空域類別名稱": "縣市政府限制使用範圍", "會商機關名稱": null, "主管機關名稱": "新北市政府", "聯絡方式": "承辦窗口：推廣教育中心陳詩瑩\n電子郵件：101060@mail.hwu.edu.tw\n電話：02-26015310分機1692", "主管機關": "3", "空域說明": "一、醒吾科技大學田徑運動場區域內從事遙控無人機活動僅得為遙控無人機術科測驗、醒吾科技大學師生或醒吾科技大學開辦之遙控無人機訓練課程。限制高度200呎以下。\n二、申請本區域內從事活動者，由新北市政府會商醒吾科技大學同意後，始得為之。", "三級機關": null, "有效日期起": null, "罰則": "罰款3萬-15萬\n註冊/地點/操作限制\n得沒入遙控無人機", "last_edited_date": null, "空域類型": 7, "SHAPE__Area": 83475.35460384, "會商機關": null, "空域顏色": "黃區", "有效日期迄": null, "限制區": "黃區", "created_user": null, "空域類別": 7, "空域名稱": "新北114 醒吾學校財團法人醒吾科技大學", "last_edited_user": null, "條件": "限制", "countyid": null, "created_date": null, "二級機關": null, "SHAPE__Length": 1603.784050921398, "objectid": 532}}, {"geometry": {"type": "Polygon", "coordinates": [[[121.68937777802464, 24.9820500000637], [121.68908055603985, 24.981188888816323], [121.69039722214163, 24.97983611128487], [121.69151388912525, 24.976841667062796], [121.69378611116106, 24.98074166714664], [121.6919944437848, 24.982427777973548], [121.68937777802464, 24.9820500000637]]]}, "id": 533, "type": "Feature", "properties": {"空域類別名稱": "縣市政府限制使用範圍", "會商機關名稱": null, "主管機關名稱": "新北市政府", "聯絡方式": "承辦窗口：林恆立\n電子郵件：leo@gm.hfu.edu.tw\n電話：(02)25912238", "主管機關": "3", "空域說明": "華梵大學校本部區域內從事遙控無人機活動僅得為遙控無人機術科測驗、華梵大學師生或華梵大學開辦之遙控無人機訓練課程。限制高度400呎以下。申請本區域內從事活動者，由新北市政府會商華梵大學同意後，始得為之。", "三級機關": null, "有效日期起": null, "罰則": "罰款3萬-15萬\n註冊/地點/操作限制\n得沒入遙控無人機", "last_edited_date": null, "空域類型": 7, "SHAPE__Area": 179153.655938975, "會商機關": null, "空域顏色": "黃區", "有效日期迄": null, "限制區": "黃區", "created_user": null, "空域類別": 7, "空域名稱": "新北116 華梵大學", "last_edited_user": null, "條件": "限制", "countyid": null, "created_date": null, "二級機關": null, "SHAPE__Length": 1844.6241094058742, "objectid": 533}}, {"geometry": {"type": "Polygon", "coordinates": [[[121.78957222214683, 25.108091667258986], [121.78930000027638, 25.1064250002869], [121.7916361113936, 25.106052777710353], [121.7918361114101, 25.10793611121533], [121.78957222214683, 25.108091667258986]]]}, "id": 534, "type": "Feature", "properties": {"空域類別名稱": "縣市政府限制使用範圍", "會商機關名稱": null, "主管機關名稱": "新北市政府", "聯絡方式": "承辦窗口：王嘉楠\n電子郵件：andiewang163@gmail.com\n電話：0965390023", "主管機關": "3", "空域說明": "台灣無人機應用發展協會飛訓場區域內從事遙控無人機活動僅得為遙控無人機術科測驗、台灣無人機應用發展協會開辦之遙控無人機訓練課程。限制高度400呎以下。申請本區域內從事活動者，由新北市政府會商台灣無人機應用發展協會同意後，始得為之。", "三級機關": null, "有效日期起": null, "罰則": "罰款3萬-15萬\n註冊/地點/操作限制\n得沒入遙控無人機", "last_edited_date": null, "空域類型": 7, "SHAPE__Area": 56721.884759715, "會商機關": null, "空域顏色": "黃區", "有效日期迄": null, "限制區": "黃區", "created_user": null, "空域類別": 7, "空域名稱": "新北117 台灣無人機應用發展協會飛訓場", "last_edited_user": null, "條件": "限制", "countyid": null, "created_date": null, "二級機關": null, "SHAPE__Length": 956.5049876572533, "objectid": 534}}, {"geometry": {"type": "Polygon", "coordinates": [[[121.52741944376058, 24.837513889174474], [121.52546944382388, 24.834319444393792], [121.52473055614652, 24.833127777781144], [121.52501666686953, 24.832363888830876], [121.5260333333957, 24.831380555672514], [121.52647222239574, 24.8302333330241], [121.52550000001823, 24.829088888816376], [121.52536111059386, 24.82744166701645], [121.52672222174272, 24.827197221688852], [121.52776944356496, 24.827408333072277], [121.5275472219232, 24.830252778061762], [121.52726388879098, 24.83166111130184], [121.52635000031313, 24.832336111377128], [121.52748888892192, 24.83543611078175], [121.52815277805283, 24.837366667059438], [121.52741944376058, 24.837513889174474]]]}, "id": 535, "type": "Feature", "properties": {"空域類別名稱": "縣市政府限制使用範圍", "會商機關名稱": "行政院農業委員會林務局新竹林區管理處", "主管機關名稱": "新北市政府", "聯絡方式": "承辦窗口:楊淑瀚\n電子郵件:shyang@forest.gov.tw\n電話:03-5224163分機235", "主管機關": "3", "空域說明": "自日出至日落開放從事遙控無人機活動，考量遊客安全,限制高度離地20公尺以上。", "三級機關": null, "有效日期起": null, "罰則": "罰款3萬-15萬\n註冊/地點/操作限制\n得沒入遙控無人機", "last_edited_date": null, "空域類型": 7, "SHAPE__Area": 215285.36559946, "會商機關": "03.20024.20004.20002", "空域顏色": "黃區", "有效日期迄": null, "限制區": "黃區", "created_user": null, "空域類別": 7, "空域名稱": "新北162 內洞國家森林遊樂區", "last_edited_user": null, "條件": "限制", "countyid": null, "created_date": null, "二級機關": null, "SHAPE__Length": 3071.808149536867, "objectid": 535}}, {"geometry": {"type": "Polygon", "coordinates": [[[121.44564166670527, 24.837116666809564], [121.44460277765562, 24.835852777806], [121.44598333283878, 24.833730555992176], [121.44529999967351, 24.83209166674332], [121.4445944439847, 24.83050277831245], [121.44511666699873, 24.82807222197397], [121.45030000008701, 24.82039722239511], [121.44751388870809, 24.814977777819628], [121.45473333333784, 24.819161111119115], [121.44564166670527, 24.837116666809564]]]}, "id": 536, "type": "Feature", "properties": {"空域類別名稱": "縣市政府限制使用範圍", "會商機關名稱": "行政院農業委員會林務局新竹林區管理處", "主管機關名稱": "新北市政府", "聯絡方式": "承辦窗口：陳怡妙技士\n電子郵件 :yimiao916@forest.gov.tw\n電話：03-5224163#239", "主管機關": "3", "空域說明": "自日出至日落開放從事遙控無人機活動，考量遊客安全,限制高度離地20公尺以上。", "三級機關": null, "有效日期起": null, "罰則": "罰款3萬-15萬\n註冊/地點/操作限制\n得沒入遙控無人機", "last_edited_date": null, "空域類型": 7, "SHAPE__Area": 1029633.33055468, "會商機關": "03.20024.20004.20002", "空域顏色": "黃區", "有效日期迄": null, "限制區": "黃區", "created_user": null, "空域類別": 7, "空域名稱": "新北163 滿月圓森林遊樂區", "last_edited_user": null, "條件": "限制", "countyid": null, "created_date": null, "二級機關": null, "SHAPE__Length": 6439.373971587977, "objectid": 536}}, {"geometry": {"type": "Polygon", "coordinates": [[[121.5292500001038, 24.992722222184614], [121.5299166668256, 24.992722222184614], [121.52997222223603, 24.993750000009864], [121.52933333321947, 24.993638888867853], [121.5292500001038, 24.992722222184614]]]}, "id": 537, "type": "Feature", "properties": {"空域類別名稱": "縣市政府限制使用範圍", "會商機關名稱": "新北市政府消防局", "主管機關名稱": "新北市政府", "聯絡方式": "承辦窗口：余承儒\n電子郵件：AH0123@ntpc.gov.tw\n電話：(02)89519119#6224\n承辦窗口：王煜翔\n電子郵件：AF1511@ntpc.gov.tw\n電話：(02)89519119#6215", "主管機關": "3", "空域說明": "活動對象僅得為活動為新北市政府消防局所屬消防、義消及依據災害防救法登錄且領有救災識別證之「災害防救團體」、新北市政府所屬單位人員。使用時間為每日上午8時至下午5時。", "三級機關": null, "有效日期起": null, "罰則": "罰款3萬-15萬\n註冊/地點/操作限制\n得沒入遙控無人機", "last_edited_date": null, "空域類型": 7, "SHAPE__Area": 8624.3335684, "會商機關": "01.90026.20002.20024", "空域顏色": "黃區", "有效日期迄": null, "限制區": "黃區", "created_user": null, "空域類別": 7, "空域名稱": "新北181 秀朗追風園區", "last_edited_user": null, "條件": "限制", "countyid": null, "created_date": null, "二級機關": null, "SHAPE__Length": 385.98218641338633, "objectid": 537}}, {"geometry": {"type": "Polygon", "coordinates": [[[121.52416666657463, 24.955555555653266], [121.52249999977015, 24.95611111134691], [121.52194444386917, 24.95444444407551], [121.52333333272321, 24.954166666854125], [121.52416666657463, 24.954999999896085], [121.52416666657463, 24.955555555653266]]]}, "id": 538, "type": "Feature", "properties": {"空域類別名稱": "縣市政府限制使用範圍", "會商機關名稱": null, "主管機關名稱": "新北市政府", "聯絡方式": "國立臺灣大學\n管理機構：臺大農管理組\n承辦窗口：梁群健\n電子郵件：ntufarmtech@ntu.edu.tw\n電話：33662559/22115271", "主管機關": "3", "空域說明": "臺大農場安康分場區域內從事遙控無人機活動錦得為遙控無人機術科測驗、國立臺灣大學師生或國立臺灣大學及臺大農場開辦之遙控無人機相關訓練課程。限制高度400呎以下，申請本區域内從事活動者，由新北市政府會商臺大農場同意後，始得為之。", "三級機關": null, "有效日期起": "2020/03/31", "罰則": "罰款3萬-15萬\n註冊/地點/操作限制\n得沒入遙控無人機", "last_edited_date": null, "空域類型": 7, "SHAPE__Area": 39021.60275305, "會商機關": null, "空域顏色": "黃區", "有效日期迄": "2910/12/31", "限制區": "黃區", "created_user": null, "空域類別": 7, "空域名稱": "新北182-臺大農場安坑分場（無人飛機訓練場域）", "last_edited_user": null, "條件": "限制", "countyid": null, "created_date": null, "二級機關": null, "SHAPE__Length": 776.1049472859165, "objectid": 538}}, {"geometry": {"type": "Polygon", "coordinates": [[[121.50819444385489, 24.953805556343905], [121.50866666664022, 24.953666667090854], [121.50816666704799, 24.952749999792978], [121.50863888893497, 24.950527777877493], [121.51025000032904, 24.94944444373542], [121.51155555606745, 24.950222222139836], [121.51116666729612, 24.95211111059973], [121.51011111090467, 24.954138889097525], [121.50819444385489, 24.953805556343905]]]}, "id": 539, "type": "Feature", "properties": {"空域類別名稱": "縣市政府限制使用範圍", "會商機關名稱": "景文科技大學", "主管機關名稱": "新北市政府", "聯絡方式": "承辦窗口：總務處\n電子郵件：yaoshuch@just.edu.tw\n電話：02-82122000#2018", "主管機關": "3", "空域說明": "一、景文科技大學區域內從事遙控無人機活動僅得為該校教職員工生，因教學、研究、試驗與實驗等用途使用。\n二、使用時間為週一至週五(國定假日除外)。\n三、申請本區域內從事活動者，由新北市政府會商景文科技大學同意後為之。", "三級機關": null, "有效日期起": null, "罰則": "罰款3萬-15萬\n註冊/地點/操作限制\n得沒入遙控無人機", "last_edited_date": null, "空域類型": 7, "SHAPE__Area": 145857.767029815, "會商機關": "2.16.886.111.100476", "空域顏色": "黃區", "有效日期迄": null, "限制區": "黃區", "created_user": null, "空域類別": 7, "空域名稱": "新北185 景文科技大學 校區", "last_edited_user": null, "條件": "限制", "countyid": null, "created_date": null, "二級機關": null, "SHAPE__Length": 1584.3522227748037, "objectid": 539}}, {"geometry": {"type": "Polygon", "coordinates": [[[121.50805555622712, 25.01144444391669], [121.50672222188517, 25.01277777802246], [121.50497222196508, 25.011638888663093], [121.50497222196508, 25.009388889133163], [121.50502777827377, 25.00924999995768], [121.50805555622712, 25.01144444391669]]]}, "id": 540, "type": "Feature", "properties": {"空域類別名稱": "縣市政府限制使用範圍", "會商機關名稱": "新北市永和區公所", "主管機關名稱": "新北市政府", "聯絡方式": "承辦窗口：新北市永和區公所\n電子郵件：AE1495@ms.ntpc.gov.tw\n電話：(02)2928-2828", "主管機關": "3", "空域說明": "<有條件開放>\n1. 週一至週五(國定假日除外)上午11時至下午2時，區域內開放從事遙控無人機活動，限制高度400英呎(120公尺)以下；臨時關閉則另行通告。\n2.申請本區域內從事活動者，由新北市政府會商永和區公所同意後，始得為之。", "三級機關": null, "有效日期起": null, "罰則": "罰款3萬-15萬\n註冊/地點/操作限制\n得沒入遙控無人機", "last_edited_date": null, "空域類型": 7, "SHAPE__Area": 77477.29470901, "會商機關": "01.90026.20002.20030", "空域顏色": "黃區", "有效日期迄": null, "限制區": "黃區", "created_user": null, "空域類別": 7, "空域名稱": "新北228 永和區仁愛公園", "last_edited_user": null, "條件": "限制", "countyid": null, "created_date": null, "二級機關": null, "SHAPE__Length": 1186.991669712702, "objectid": 540}}, {"geometry": {"type": "Polygon", "coordinates": [[[121.37390555613658, 24.95800833310019], [121.37481666702358, 24.95593055622506], [121.3843611106105, 24.96013055577135], [121.3832472221161, 24.962397222044277], [121.3800416666697, 24.961400000127412], [121.380208332901, 24.961116667237686], [121.37945277788182, 24.96104444392239], [121.37945277788182, 24.960788888919893], [121.37390555613658, 24.95800833310019]]]}, "id": 541, "type": "Feature", "properties": {"空域類別名稱": "縣市政府限制使用範圍", "會商機關名稱": null, "主管機關名稱": "新北市政府", "聯絡方式": "承辦窗口：黃紹慈\n電子郵件：AI6209@ntpc.gov.tw\n電話：89699596#553", "主管機關": "3", "空域說明": "<有條件開放>\n一、開放時間:上午日出時間至下午日落時間;臨時關閉則另行通告。\n二、區域內開放從事遙控無人機活動，限制高度200英呎(60公尺)以下。\n三、申請本區域?從事活動者,由新北市政府會商高灘地工程管理處同意後,始得為之。", "三級機關": null, "有效日期起": null, "罰則": "罰款3萬-15萬\n註冊/地點/操作限制\n得沒入遙控無人機", "last_edited_date": null, "空域類型": 7, "SHAPE__Area": 359796.607272325, "會商機關": null, "空域顏色": "黃區", "有效日期迄": null, "限制區": "黃區", "created_user": null, "空域類別": 7, "空域名稱": "新北284 後村堰遙控飛機場", "last_edited_user": null, "條件": "限制", "countyid": null, "created_date": null, "二級機關": null, "SHAPE__Length": 2998.5153651018777, "objectid": 541}}, {"geometry": {"type": "Polygon", "coordinates": [[[121.55083333275188, 24.976944444338503], [121.54972222184826, 24.977194444013165], [121.54972222184826, 24.975833332868593], [121.55111111070235, 24.975833332868593], [121.55083333275188, 24.976944444338503]]]}, "id": 542, "type": "Feature", "properties": {"空域類別名稱": "縣市政府限制使用範圍", "會商機關名稱": null, "主管機關名稱": "新北市政府", "聯絡方式": "承辦窗口：寶高園區管理中心\n電子郵件：AM0020@ntpc.gov.tw\n電話：(02)29100320分機14", "主管機關": "3", "空域說明": "新店寶高智慧產業園區內從事遙控無人機活動僅得為園區管理機關(新北市政府經濟發展局)為勘查、巡檢或其他業務需要進行無人機飛航，其他因執行業務得經新北市政府會商園區管理機關同意後為之。", "三級機關": null, "有效日期起": null, "罰則": "罰款3萬-15萬\n註冊/地點/操作限制\n得沒入遙控無人機", "last_edited_date": null, "空域類型": 7, "SHAPE__Area": 20885.445261845, "會商機關": null, "空域顏色": "黃區", "有效日期迄": null, "限制區": "黃區", "created_user": null, "空域類別": 7, "空域名稱": "新北293 新店寶高智慧產業園區", "last_edited_user": null, "條件": "限制", "countyid": null, "created_date": null, "二級機關": null, "SHAPE__Length": 589.1105922396664, "objectid": 542}}, {"geometry": {"type": "Polygon", "coordinates": [[[121.43111111065917, 25.066111111180113], [121.43138888860965, 25.06749999986814], [121.42666666704488, 25.06749999986814], [121.42666666704488, 25.066388889201065], [121.43111111065917, 25.066111111180113]]]}, "id": 543, "type": "Feature", "properties": {"空域類別名稱": "縣市政府限制使用範圍", "會商機關名稱": null, "主管機關名稱": "新北市政府", "聯絡方式": "承辦窗口：憲兵指揮部 林子豐\n電子郵件：tanggolhcw@gmail.com\n電話：0977041958", "主管機關": "3", "空域說明": "本區禁止遙控無人機飛航活動，因執行業務得經新北市政府會商憲兵指揮部同意後為之。", "三級機關": null, "有效日期起": null, "罰則": "罰款3萬-15萬\n註冊/地點/操作限制\n得沒入遙控無人機", "last_edited_date": null, "空域類型": 7, "SHAPE__Area": 78641.99113453, "會商機關": null, "空域顏色": "黃區", "有效日期迄": null, "限制區": "黃區", "created_user": null, "空域類別": 7, "空域名稱": "新北72-憲兵營區", "last_edited_user": null, "條件": "限制", "countyid": null, "created_date": null, "二級機關": null, "SHAPE__Length": 1331.6191665305626, "objectid": 543}}, {"geometry": {"type": "Polygon", "coordinates": [[[119.61250724571731, 23.479647101773928], [119.50284103979956, 23.518530707601244], [119.3948633854432, 23.258659648638396], [119.50434040436555, 23.219869295653062], [119.58910485156841, 23.423515766091008], [119.61250724571731, 23.479647101773928]]]}, "id": 544, "type": "Feature", "properties": {"空域類別名稱": "機場四周距地面或水面200呎以上禁止施放範圍", "會商機關名稱": "交通部民用航空局澎湖航空站（望安）", "主管機關名稱": "交通部民用航空局", "聯絡方式": "", "主管機關": "23", "空域說明": "機場四周200呎以上禁止施放範圍", "三級機關": null, "有效日期起": null, "罰則": "罰款30萬-150萬\n危害飛航安全\n沒入遙控無人機", "last_edited_date": null, "空域類型": 5, "SHAPE__Area": 440958707.80762845, "會商機關": "03.20008.20003.20026", "空域顏色": "黃區", "有效日期迄": null, "限制區": "黃區", "created_user": null, "空域類別": 5, "空域名稱": "望安機場200呎以上禁止施放範圍", "last_edited_user": null, "條件": "限制", "countyid": null, "created_date": null, "二級機關": null, "SHAPE__Length": 93604.04998366762, "objectid": 544}}, {"geometry": {"type": "Polygon", "coordinates": [[[121.229722222332, 22.948055555863014], [121.04222222164694, 22.6983333332517], [121.13499999961199, 22.647777777898174], [121.30861111085835, 22.89138888859925], [121.229722222332, 22.948055555863014]]]}, "id": 545, "type": "Feature", "properties": {"空域類別名稱": "縣市政府限制使用範圍", "會商機關名稱": "1、空軍第七戰術戰鬥機聯隊\r\n2、第二作戰區", "主管機關名稱": "臺東縣政府", "聯絡方式": "承辦窗口：空軍第七戰術戰鬥機聯隊\r\n電子郵件：無\r\n電話：089-228411", "主管機關": "21", "空域說明": "本區200呎以上禁止遙控無人機飛航活動，因執行業務得經臺東縣政府會商空軍第七戰術戰鬥機聯隊同意後為之。", "三級機關": null, "有效日期起": null, "罰則": "罰款3萬-15萬\n註冊/地點/操作限制\n得沒入遙控無人機", "last_edited_date": null, "空域類型": 7, "SHAPE__Area": 414721368.5581166, "會商機關": "03.20003.20055.20049", "空域顏色": "黃區", "有效日期迄": null, "限制區": "黃區", "created_user": null, "空域類別": 7, "空域名稱": "東106 國軍營區", "last_edited_user": null, "條件": "限制", "countyid": null, "created_date": null, "二級機關": null, "SHAPE__Length": 95001.86261232302, "objectid": 545}}, {"geometry": {"type": "Polygon", "coordinates": [[[121.20030555615195, 24.858777777794295], [121.20002777820147, 24.858611111056874], [121.20008333271359, 24.8576388891074], [121.2005833332041, 24.856833332948355], [121.20077777803893, 24.856916666727972], [121.20083333255101, 24.858277777723263], [121.20030555615195, 24.858777777794295]]]}, "id": 546, "type": "Feature", "properties": {"空域類別名稱": "縣市政府限制使用範圍", "會商機關名稱": "陸軍航空特戰指揮部", "主管機關名稱": "桃園市政府", "聯絡方式": "承辦窗口：龍潭機場\n電子郵件：ab2492346@gmail.com\n電話：03-4808721", "主管機關": "8", "空域說明": "本區域僅供方曙商工教學使用，開放時間依協議期程開放。", "三級機關": null, "有效日期起": null, "罰則": "罰款3萬-15萬\n註冊/地點/操作限制\n得沒入遙控無人機", "last_edited_date": null, "空域類型": 7, "SHAPE__Area": 14853.40164993, "會商機關": "03.20003.20056.20018", "空域顏色": "黃區", "有效日期迄": null, "限制區": "黃區", "created_user": null, "空域類別": 7, "空域名稱": "桃512 方曙商工無人機教學點", "last_edited_user": null, "條件": "限制", "countyid": null, "created_date": null, "二級機關": null, "SHAPE__Length": 545.91704156302, "objectid": 546}}, {"geometry": {"type": "Polygon", "coordinates": [[[119.52197111023757, 23.444005044217676], [119.63350863175799, 23.410163996712036], [119.73470344966209, 23.693174039626907], [119.622941014249, 23.72707807834986], [119.52197111023757, 23.444005044217676]]]}, "id": 547, "type": "Feature", "properties": {"空域類別名稱": "機場四周距地面或水面200呎以上禁止施放範圍", "會商機關名稱": "交通部民用航空局澎湖航空站", "主管機關名稱": "交通部民用航空局", "聯絡方式": "", "主管機關": "23", "空域說明": "機場四周200呎以上禁止施放範圍", "三級機關": null, "有效日期起": null, "罰則": "罰款30萬-150萬\n危害飛航安全\n沒入遙控無人機", "last_edited_date": null, "空域類型": 5, "SHAPE__Area": 473539532.766722, "會商機關": "03.20008.20003.20006", "空域顏色": "黃區", "有效日期迄": null, "限制區": "黃區", "created_user": null, "空域類別": 5, "空域名稱": "澎湖機場200呎以上禁止施放範圍", "last_edited_user": null, "條件": "限制", "countyid": null, "created_date": null, "二級機關": null, "SHAPE__Length": 98524.83077399366, "objectid": 547}}, {"geometry": {"type": "Polygon", "coordinates": [[[121.01444444366786, 24.96111111134897], [120.7830555555545, 24.74916666671288], [120.86416666678629, 24.676111111265122], [121.09444444399608, 24.888333332745994], [121.01444444366786, 24.96111111134897]]]}, "id": 548, "type": "Feature", "properties": {"空域類別名稱": "縣市政府限制使用範圍", "會商機關名稱": null, "主管機關名稱": "新竹市政府", "聯絡方式": "承辦窗口：空軍第二戰術戰鬥機聯隊\n電子郵件：\n電話：03-5334111", "主管機關": "7", "空域說明": "本區200呎以上禁止遙控無人機飛航活動，因執行業務得經新竹市政府會商空軍第二戰術戰鬥機聯隊同意後為之。", "三級機關": null, "有效日期起": null, "罰則": "罰款3萬-15萬\n註冊/地點/操作限制\n得沒入遙控無人機", "last_edited_date": null, "空域類型": 7, "SHAPE__Area": 463057179.75542545, "會商機關": null, "空域顏色": "黃區", "有效日期迄": null, "限制區": "黃區", "created_user": null, "空域類別": 7, "空域名稱": "竹市131 國軍營區", "last_edited_user": null, "條件": "限制", "countyid": null, "created_date": null, "二級機關": null, "SHAPE__Length": 98456.42999830072, "objectid": 548}}, {"geometry": {"type": "Polygon", "coordinates": [[[120.98861111134207, 24.686111111077114], [120.98777777838897, 24.685833333093782], [120.98888888929254, 24.685833333093782], [120.98888888929254, 24.685972221754728], [120.98861111134207, 24.686944443761643], [120.98861111134207, 24.686111111077114]]]}, "id": 549, "type": "Feature", "properties": {"空域類別名稱": "縣市政府限制使用範圍", "會商機關名稱": null, "主管機關名稱": "新竹縣政府", "聯絡方式": "承辦窗口：富興國小總務處\n電子郵件：cwaythuab@gmail.com\n電話：03-5806353", "主管機關": "6", "空域說明": "1. 週一至週五(國定假日除外)日出至日落，區域內開放從事遙控無人機活動，限制高度400英呎(120公尺)以下；臨時關閉則另行通告。\n2. 申請本區域於核定日外從事活動者，經新竹縣政府會商峨眉鄉富興國小同意後，始得為之。", "三級機關": null, "有效日期起": null, "罰則": "罰款3萬-15萬\n註冊/地點/操作限制\n得沒入遙控無人機", "last_edited_date": null, "空域類型": 7, "SHAPE__Area": 3946.31535301, "會商機關": null, "空域顏色": "黃區", "有效日期迄": null, "限制區": "黃區", "created_user": null, "空域類別": 7, "空域名稱": "竹縣129 富興國小", "last_edited_user": null, "條件": "限制", "countyid": null, "created_date": null, "二級機關": null, "SHAPE__Length": 464.6750520933614, "objectid": 549}}, {"geometry": {"type": "Polygon", "coordinates": [[[121.01444444366786, 24.96111111134897], [120.7830555555545, 24.74916666671288], [120.86416666678629, 24.676111111265122], [121.09444444399608, 24.888333332745994], [121.01444444366786, 24.96111111134897]]]}, "id": 550, "type": "Feature", "properties": {"空域類別名稱": "縣市政府限制使用範圍", "會商機關名稱": null, "主管機關名稱": "新竹縣政府", "聯絡方式": "承辦窗口：空軍第二戰術戰鬥機聯隊\n電話：03-5334111", "主管機關": "6", "空域說明": "1. 區域內遙控無人機活動禁止施放60公尺以上。\n 2. 申請本區域內從事活動者，由新竹縣政府會商空軍第二戰術戰鬥機聯隊同意後，始得為之。", "三級機關": null, "有效日期起": null, "罰則": "罰款3萬-15萬\n註冊/地點/操作限制\n得沒入遙控無人機", "last_edited_date": null, "空域類型": 7, "SHAPE__Area": 463057179.75542545, "會商機關": null, "空域顏色": "黃區", "有效日期迄": null, "限制區": "黃區", "created_user": null, "空域類別": 7, "空域名稱": "竹縣136 新竹機場(第二聯隊) (1)", "last_edited_user": null, "條件": "限制", "countyid": null, "created_date": null, "二級機關": null, "SHAPE__Length": 98456.42999830072, "objectid": 550}}, {"geometry": {"type": "Polygon", "coordinates": [[[121.0520448950369, 24.758572018688216], [121.05229693984775, 24.758551221328446], [121.05243180841292, 24.758523204640387], [121.05271615933633, 24.758464136680196], [121.05331921635285, 24.758489502216342], [121.05377408728013, 24.758411216136412], [121.05386535790961, 24.758395507359477], [121.05436883218533, 24.75806110008997], [121.05442208790868, 24.758025726892328], [121.05481392674737, 24.757930865361484], [121.05522855314992, 24.75754783818998], [121.05526244658559, 24.75751652727906], [121.05553166538806, 24.75732348978757], [121.05621820284391, 24.757374349393228], [121.05645514068665, 24.75732796010197], [121.05706170921762, 24.756160855892105], [121.05754738427429, 24.755867021798714], [121.05757881991936, 24.755927457391586], [121.05764403042244, 24.75605282169074], [121.05781302688358, 24.756609501019206], [121.05788325807082, 24.757038372314234], [121.05790306771944, 24.757116138809312], [121.05800568137606, 24.75751897534341], [121.05804035095613, 24.7576222826369], [121.05814432915363, 24.757932119164355], [121.05826623862252, 24.75821279203963], [121.05829206967852, 24.758272260649875], [121.05904738125426, 24.759644160898922], [121.05941355342867, 24.76018570128071], [121.05968949522271, 24.760463394096575], [121.05983083974276, 24.760749193815734], [121.05994885321827, 24.76100193229588], [121.06002729770213, 24.761299088111702], [121.06011742028471, 24.761389709383888], [121.06072805908224, 24.762500670901623], [121.06081661140968, 24.762612618196062], [121.06106437664651, 24.762331960155812], [121.06115596797456, 24.76222762897334], [121.06118808813588, 24.762181832074845], [121.06120397394335, 24.762159483821755], [121.0612193692707, 24.762136850878665], [121.06123696008056, 24.762109769813673], [121.0612577201468, 24.762075971292024], [121.06127265374005, 24.76205030385615], [121.06128694503792, 24.76202433296718], [121.06130513232915, 24.761989318999202], [121.06131811478168, 24.76196278198757], [121.0613304315825, 24.761935980676764], [121.06134314903198, 24.76190671425222], [121.06135689415416, 24.761872621200048], [121.0613709087709, 24.761834761953843], [121.06138307195987, 24.761798901213588], [121.06139169758322, 24.761770923596885], [121.06139976535279, 24.761742808116914], [121.06140712794482, 24.76171453193334], [121.06141624225171, 24.76167546373857], [121.06145246501892, 24.76149499485083], [121.06147909557554, 24.761363734278152], [121.06151839956412, 24.761163990974612], [121.06158425775259, 24.760833422630718], [121.06167699712756, 24.760872389124362], [121.06244112926109, 24.76119344763817], [121.06252713306804, 24.761330540005364], [121.06216615315594, 24.761978407109925], [121.06234760116523, 24.762108028252793], [121.06245294480199, 24.762084365046505], [121.06262221435098, 24.761783251597016], [121.06370741514681, 24.761443911792323], [121.06402756932417, 24.762109360322576], [121.06444973169364, 24.762067483729204], [121.06455943934603, 24.76235608419548], [121.06378341980637, 24.762600650824794], [121.06369374278819, 24.76294387679339], [121.06401348733378, 24.763339829403723], [121.06391317516093, 24.764001645222315], [121.06440334628562, 24.76412355419942], [121.06459445298083, 24.76417108375696], [121.06478638432952, 24.764218816406988], [121.06409325593438, 24.76583101938547], [121.06350065440942, 24.76718954373324], [121.06276879335418, 24.768867304748394], [121.06203692511245, 24.770551318814007], [121.06151527342698, 24.771737484279583], [121.06140698690936, 24.771808783210137], [121.06134905904825, 24.77187368410011], [121.0613035297347, 24.77192469109102], [121.06101763820058, 24.772301793888914], [121.06098627621739, 24.77234010263131], [121.06095653838823, 24.772477305041868], [121.06049617785627, 24.772662438171], [121.05997823621288, 24.77287072484602], [121.05973158488702, 24.773106770094348], [121.05950781005815, 24.773441696386662], [121.05929718207352, 24.773756941945546], [121.05911257468937, 24.773959708969368], [121.05907508439931, 24.77400475439713], [121.05898908328724, 24.774108079788267], [121.05881318776473, 24.774230397266997], [121.05875265389098, 24.774249359258988], [121.05869116780305, 24.77426861814086], [121.05802223463179, 24.774579134165197], [121.05795681122795, 24.774591507385146], [121.05781048824457, 24.774659750932013], [121.05760228660948, 24.774705919237427], [121.05735356826015, 24.77478554818659], [121.05729641834009, 24.7748238431124], [121.057245673408, 24.77485765610855], [121.05714679494638, 24.77498937711817], [121.0570679902381, 24.775097921748003], [121.05698183102255, 24.775170230134385], [121.0568953358371, 24.77524281824081], [121.05675413684412, 24.775320825367977], [121.05662597959241, 24.7756133459488], [121.05646954876548, 24.775750415056827], [121.0562197012338, 24.77587653990467], [121.05617144733, 24.775890962670665], [121.05607346179379, 24.77592025026838], [121.05600628308187, 24.775993367278932], [121.05589303606726, 24.77611662576535], [121.05581261528975, 24.776157832069345], [121.05569036715603, 24.776220467321725], [121.05562739794956, 24.776252723722138], [121.05551320500894, 24.776085963065864], [121.0554085952958, 24.77611338690898], [121.05522464727505, 24.776161610869682], [121.05510386609018, 24.77633460117549], [121.055036452918, 24.776376397104496], [121.05500131082407, 24.776365798048435], [121.05496410619824, 24.776354576668947], [121.05481091020464, 24.776500816660352], [121.0547915056962, 24.776519340315062], [121.05475563417029, 24.776550506963464], [121.0547175141612, 24.77658362376178], [121.05463063270017, 24.77663621275933], [121.05457563514354, 24.776661555824603], [121.05445990338885, 24.776762144220122], [121.05429341502399, 24.776837082020155], [121.05426015490059, 24.776855568921672], [121.05408973191477, 24.777005933736646], [121.05392972938627, 24.77708127267508], [121.05372938980655, 24.77722804196343], [121.05357803176601, 24.77733748426393], [121.0532852582385, 24.777549178087693], [121.05268250485254, 24.77781546972758], [121.05259350875733, 24.77785483788489], [121.05252174055263, 24.777886523745206], [121.05235789503135, 24.777999790699567], [121.05222566032658, 24.77810214789377], [121.05207062278664, 24.77818559336812], [121.05173173873558, 24.778301095644913], [121.05163360587564, 24.778297210064384], [121.05149535335681, 24.778291734038238], [121.05135506795045, 24.77798869017886], [121.05065595767384, 24.77813460036819], [121.05051159481442, 24.778077415202254], [121.05032163257289, 24.777997518396145], [121.05000891734437, 24.77863665225558], [121.04978065543067, 24.7790615888439], [121.04941387330018, 24.779465182848952], [121.04930426356414, 24.779525043375518], [121.04887530274462, 24.779971234775974], [121.04842918320486, 24.780297368323996], [121.04823086663116, 24.780464886722818], [121.0478458864296, 24.78072767074902], [121.04761470499125, 24.78081490779763], [121.0473715526034, 24.78086335095828], [121.04715991131908, 24.780867255217178], [121.04698668469128, 24.78080558063561], [121.04694896712743, 24.78075510498495], [121.04698790640006, 24.78052927660072], [121.0467701916061, 24.780478332683987], [121.04655006124237, 24.78062785304462], [121.04652849898062, 24.780700133741743], [121.04623607220282, 24.780813705608377], [121.04606706675851, 24.780852933347724], [121.04594542858084, 24.78085594126672], [121.04579983772442, 24.78077863740006], [121.04528643167492, 24.780729297865157], [121.04503306005243, 24.780658571713957], [121.04494394268463, 24.78062085929386], [121.04471933960913, 24.78057986408018], [121.04456281625569, 24.780484523078147], [121.04439857367905, 24.780457829346144], [121.04436020573493, 24.780659792663457], [121.04425861256452, 24.78063172876501], [121.04416393821842, 24.780605642685078], [121.04378275789053, 24.780500409308168], [121.04308001482693, 24.780317755057617], [121.04278995780481, 24.780253076347503], [121.04231388663685, 24.780175663630473], [121.04171163990071, 24.78012832534079], [121.04149701980289, 24.780125214638456], [121.04080384739035, 24.780159362218058], [121.04019589096225, 24.7802547067323], [121.03951670891188, 24.780347503240193], [121.03937772516439, 24.78036998931855], [121.03917876000706, 24.78040217776149], [121.03833845163578, 24.780538121764877], [121.03835583134159, 24.7806224586811], [121.03835777619419, 24.78077083213898], [121.0383704325582, 24.781683631667164], [121.03837168211479, 24.781774916633623], [121.03838984065993, 24.783102187974407], [121.03839086563767, 24.783189505727556], [121.0384113858537, 24.783313691722483], [121.03849922042721, 24.78357053475259], [121.03857996998812, 24.783806658338634], [121.0387024480906, 24.784013852200836], [121.03876036966349, 24.78429525886202], [121.03889136020157, 24.7847104797534], [121.03896197766439, 24.784917217018634], [121.03913565973805, 24.785451251623567], [121.03917055299861, 24.785613885171298], [121.03947097927406, 24.78643945682041], [121.03958580283197, 24.78679166060134], [121.03970979369737, 24.78707482093128], [121.03979419490989, 24.787417598377292], [121.03957225084758, 24.787654982825245], [121.03938575071315, 24.78779404570441], [121.03928457076773, 24.787840660938897], [121.03907946472712, 24.787875700238327], [121.03891269788453, 24.78796366462534], [121.03821645143704, 24.788148109167988], [121.03790379729399, 24.788270211369614], [121.03694799342495, 24.788487688339227], [121.03684327771057, 24.78852125539567], [121.03643830370578, 24.788564087041088], [121.03581022771026, 24.788698637308087], [121.03561712226355, 24.78874000499004], [121.03552065308347, 24.788760670068335], [121.03534389158503, 24.788798535783584], [121.03516648779116, 24.78885381171477], [121.03496614821142, 24.78890976207563], [121.0347875074374, 24.788971292355885], [121.03450771187079, 24.789131769074697], [121.03416017075537, 24.78933029789773], [121.03400539103191, 24.789368217264762], [121.03400636480566, 24.789421963804756], [121.03363555283279, 24.78974114696733], [121.03361201517573, 24.789778540187033], [121.03342648162854, 24.789911446645956], [121.0332296086475, 24.78990985716491], [121.03308329913885, 24.789963238925473], [121.03298706172414, 24.790053141176468], [121.03285424311444, 24.790335016936517], [121.03293551369818, 24.790538360369567], [121.03286684378293, 24.790677317259707], [121.03276409178581, 24.79074164067343], [121.03263003529761, 24.790908808158385], [121.03248702889428, 24.791047564013386], [121.03207015939847, 24.79132667532253], [121.03134734707311, 24.79182358415112], [121.0310022987826, 24.791760221170833], [121.03031810862453, 24.791756632047186], [121.02997445990923, 24.79195461760866], [121.0293175417049, 24.792396862049493], [121.02570704459303, 24.795390597965422], [121.02550271290022, 24.795958172917373], [121.02539342565936, 24.796511601356485], [121.02533052741978, 24.7967351523397], [121.0252142602692, 24.797506766699723], [121.0252421772133, 24.797775960224385], [121.0252672563794, 24.798198260048277], [121.0211941197097, 24.798353509827482], [121.02081605204428, 24.798364071124205], [121.0209768935993, 24.79822573690358], [121.02108726959827, 24.79812672674175], [121.02113787079989, 24.798072303045178], [121.0212274319354, 24.798000136850785], [121.02132619361606, 24.79790227389504], [121.02143748859156, 24.797773031002183], [121.02153105082333, 24.79767311365886], [121.02156432711641, 24.797634578692286], [121.02167975613884, 24.797490554006007], [121.02175181360106, 24.79740545873578], [121.02182612403796, 24.797332907242975], [121.02194581826136, 24.79723893364112], [121.0219726805833, 24.797220886062938], [121.02209380672127, 24.79709717474066], [121.02210727426403, 24.7970523750029], [121.02218773905895, 24.796976377041727], [121.02222074406082, 24.79692078587326], [121.02230742519755, 24.79685671112673], [121.02232255731849, 24.79680907176119], [121.02244381281388, 24.79664646593797], [121.02253946183205, 24.79652979174924], [121.02262573064203, 24.79639271134341], [121.02264120681777, 24.796351082808865], [121.02266739001331, 24.796303484023817], [121.02269320130641, 24.79626812009147], [121.02274989308565, 24.796214713317415], [121.02284368977776, 24.79616361518841], [121.02288519463882, 24.79613467895427], [121.0229196351485, 24.796098841986076], [121.0229472071395, 24.796055897141827], [121.02297959230381, 24.796014133121798], [121.02299913605113, 24.79598581418382], [121.0230320889507, 24.795905969683847], [121.02303459974195, 24.795858010278018], [121.0230330223003, 24.79582339403021], [121.02302741142303, 24.795765624149155], [121.02301928795791, 24.795703948002835], [121.02300862315886, 24.795639327058744], [121.02299490139289, 24.79559624912898], [121.02294345487658, 24.795515215379375], [121.02291308373515, 24.79547554701265], [121.02288103543906, 24.79543919771977], [121.0228018633198, 24.79536000526861], [121.02277414759835, 24.79533707990531], [121.0227219985995, 24.79530406271006], [121.02255352316116, 24.795214248261416], [121.02249879240419, 24.795185071232673], [121.0224560927838, 24.795166754239872], [121.0224002337428, 24.795155199389136], [121.02233647222225, 24.795140615761674], [121.02215242269186, 24.795089973871665], [121.02208311317614, 24.79508587107766], [121.02176716401262, 24.795065136919824], [121.02175156207277, 24.794982018396624], [121.02173445275989, 24.794934288605557], [121.02161206898052, 24.7949166272408], [121.02154455968856, 24.794993661337845], [121.02140530375156, 24.79496249769065], [121.02126682485724, 24.79486891781219], [121.02123665763337, 24.794828234751286], [121.02120768696545, 24.79478502524354], [121.02119339836256, 24.79475702896487], [121.02117902262306, 24.794713339915287], [121.02113476622225, 24.794657579738328], [121.02113087472047, 24.794609808231606], [121.02104521137494, 24.79449285811669], [121.02096640487004, 24.794392355042962], [121.02085073509912, 24.794193549708826], [121.02078040689383, 24.794003000277698], [121.0207713303162, 24.79395962493391], [121.0207282498101, 24.793806632697727], [121.02071654116871, 24.79375371090854], [121.0207146717746, 24.79370582406653], [121.02071789043825, 24.793665033792056], [121.02075078943894, 24.793504338671514], [121.02078642111465, 24.793455750391722], [121.0208206711815, 24.79337023317891], [121.02085965536988, 24.793318218870965], [121.02089457827486, 24.79328922407145], [121.02104857376908, 24.79310420734089], [121.02107736028233, 24.793081328045048], [121.02108496721618, 24.793039095732638], [121.02112216375716, 24.792961372125596], [121.02118394359418, 24.792867763825253], [121.02124814439092, 24.792818461718205], [121.02133461711848, 24.79267767638744], [121.02135649918047, 24.792634435956334], [121.0213170038507, 24.792596572227442], [121.02138166817812, 24.792423400710778], [121.02146536780639, 24.792290028018506], [121.02149638483652, 24.792294943163935], [121.02154144433116, 24.792197150734484], [121.02159538007913, 24.791920641272895], [121.02158626577227, 24.791833372071558], [121.02158210567418, 24.791803422761543], [121.02158374509959, 24.79161695381046], [121.02176615340791, 24.791330071994185], [121.0218634229869, 24.79113485089367], [121.02193526665006, 24.791005941024597], [121.02187691478413, 24.79098477476959], [121.02197264285405, 24.79082086380127], [121.02197937572713, 24.79078559372288], [121.02201427707254, 24.7907561359252], [121.0219876042951, 24.79071510491445], [121.02202222806112, 24.79066174468126], [121.02216984641514, 24.790577734277065], [121.02248905825977, 24.790505093974993], [121.0225613061648, 24.790533512843723], [121.022544242666, 24.790581485725767], [121.02281818570852, 24.790588823069736], [121.02295894632366, 24.790610924807687], [121.02304290736166, 24.790663569025835], [121.023339689172, 24.79058723522842], [121.02340614294344, 24.790567899772228], [121.02344932675578, 24.790595295133613], [121.02344699203435, 24.79064008415517], [121.02346645223835, 24.790675099829055], [121.02357236900025, 24.790609310869602], [121.02361351812846, 24.790625428230047], [121.02363378681619, 24.79056655577479], [121.02367141365018, 24.7905257718078], [121.02373306502815, 24.79050300621096], [121.02383103798799, 24.79034819759523], [121.02386232091945, 24.790314862644777], [121.0240175587837, 24.790067355964403], [121.02409829217491, 24.789924885874807], [121.0241427605781, 24.78981753511083], [121.02416218484949, 24.789767801187594], [121.02418266643795, 24.78968632568627], [121.02421760281766, 24.789659910401245], [121.0242258448604, 24.78963157859502], [121.0242936946138, 24.78952791381464], [121.02437171329626, 24.78947934681239], [121.02440686167839, 24.789430327982025], [121.02443770263872, 24.789420465657866], [121.0245105173807, 24.789333619594295], [121.02450957594625, 24.789294161291224], [121.02459861695725, 24.78921071676211], [121.02459787674543, 24.789106416322838], [121.02464573988208, 24.78896339300713], [121.02464255804938, 24.7888947552624], [121.02460310134711, 24.788656096043134], [121.02457646809559, 24.78861854263824], [121.02452981678624, 24.788457317399615], [121.02443585839741, 24.788160068367816], [121.02441558611639, 24.78810223782932], [121.02439601272467, 24.78800241790145], [121.02440618884023, 24.787962915135328], [121.02438831326438, 24.787816449693892], [121.02438555992804, 24.78760576672608], [121.02441834484264, 24.78759425276419], [121.0244599889426, 24.787588061909194], [121.02447611909184, 24.78754635783561], [121.02451810005999, 24.7872863236169], [121.02461467613959, 24.7870393768901], [121.0247270077709, 24.78695304540679], [121.0247146173082, 24.786809581654524], [121.02472360944418, 24.786767507056215], [121.02484818870612, 24.786606144845067], [121.02490433880126, 24.786487768111474], [121.0249268766334, 24.786428626189217], [121.02493724678504, 24.786359466714888], [121.02491556235242, 24.78611998216373], [121.02491236884158, 24.786084728691268], [121.02485419214715, 24.78602895484898], [121.02471058477086, 24.78592956060802], [121.02464470861615, 24.785877025297665], [121.02461038937903, 24.785863849057304], [121.02457320631278, 24.785876132255936], [121.02454037288916, 24.785880652107323], [121.02448914466345, 24.785890593822504], [121.02414684611603, 24.785821941328845], [121.02382996090799, 24.785741363619064], [121.02366736673983, 24.785710964278017], [121.02355154425534, 24.785635504165562], [121.02350428568487, 24.785582357056825], [121.02345658065171, 24.785528709168073], [121.02332472323934, 24.785382266951277], [121.0233038329174, 24.785257785344466], [121.0233041149884, 24.78517824059278], [121.02335325283445, 24.7851052831355], [121.02342454313539, 24.785025098064537], [121.02356258814343, 24.784941831720666], [121.02367225537164, 24.784887009134536], [121.02394093877815, 24.784787472885196], [121.02441937431198, 24.784633185627996], [121.02441422516877, 24.784599236647697], [121.02451696638612, 24.78453556984721], [121.02463820391515, 24.78448570983964], [121.02472393912586, 24.784442540770392], [121.02482134974036, 24.784429613942983], [121.0248499296411, 24.784421300809647], [121.02498959161666, 24.784374500786544], [121.02501705401319, 24.78436529704362], [121.02504459905475, 24.784345300003356], [121.0251283957011, 24.784284562613347], [121.02521293974574, 24.78422333340245], [121.02526277737941, 24.78418720998886], [121.02530114442517, 24.7841674306783], [121.0253945916726, 24.784120647686507], [121.0254889309471, 24.78407458564547], [121.0256290537584, 24.784010908788886], [121.02566195365736, 24.784009178137637], [121.02569574199015, 24.783990544682457], [121.02590199158611, 24.783833251849998], [121.02592052562704, 24.783804619396513], [121.0259552580892, 24.7837818280991], [121.02598372659888, 24.783762466299443], [121.02606991006891, 24.78371923825699], [121.02615946671284, 24.78365120603233], [121.02619843473158, 24.783617924741847], [121.02633216782621, 24.78352102994958], [121.02651457523625, 24.783414185013093], [121.02667170944403, 24.7833378793787], [121.02681471944065, 24.78323065259277], [121.02698693815874, 24.78312883301834], [121.02711669710656, 24.78306889919646], [121.02715693085149, 24.783052682169], [121.02738018375919, 24.782969686906092], [121.02750428062579, 24.782890483232475], [121.02771088056474, 24.78269985037803], [121.02765402798704, 24.78252858738187], [121.02763917524213, 24.78244516521705], [121.02762173265424, 24.782281569201782], [121.0276138903618, 24.782239824196505], [121.02760655921077, 24.78221204121737], [121.02759332433169, 24.782163751098064], [121.02756601734372, 24.782105792164305], [121.02755305914572, 24.78207708264696], [121.02751833297177, 24.782033662354145], [121.0274912263081, 24.781989787763166], [121.02748103492118, 24.78196432915661], [121.02744920940728, 24.78188493236223], [121.02743185665095, 24.781841637602998], [121.02740058899084, 24.78180013467997], [121.02736340502629, 24.781766893672593], [121.02733798090713, 24.781731595737114], [121.0273123591586, 24.781689526757294], [121.02725368839076, 24.78157090228709], [121.0272425052638, 24.78153325376037], [121.02722735787148, 24.781496446097613], [121.02720307820596, 24.78145284209334], [121.02717463934073, 24.78142329807385], [121.0271484247041, 24.781390618908905], [121.02712596772028, 24.78135541139723], [121.02711171864325, 24.781314333235674], [121.02707363277014, 24.781262154832557], [121.02701517220811, 24.781197159348572], [121.02697540019722, 24.781118346029047], [121.02697123470925, 24.78106543921731], [121.02696569030729, 24.781035736064542], [121.02694713380848, 24.780992967068045], [121.02692601621277, 24.780953671678507], [121.02688585433305, 24.780905106213723], [121.02682848881734, 24.780822791353227], [121.02656337711237, 24.780960427256634], [121.02636554922218, 24.78106312782147], [121.02629364267695, 24.781098988707342], [121.02622043716782, 24.78113258630842], [121.02614601533976, 24.781163879031123], [121.02607046612607, 24.781192830991145], [121.02599387756159, 24.78121941038193], [121.02591633857952, 24.78124358539684], [121.02583793990974, 24.781265325044725], [121.02575877407868, 24.78128460730586], [121.02567893181623, 24.78130140771359], [121.02559850834378, 24.781315708325845], [121.02551759528951, 24.781327490384882], [121.02543628877314, 24.781336741657505], [121.02535468401612, 24.781343450725988], [121.02410425698841, 24.781426603670234], [121.02424026461733, 24.78119124629195], [121.02533671860876, 24.781118332163917], [121.02540990974484, 24.781112314707467], [121.02548283138636, 24.78110401684821], [121.0255553990916, 24.78109344918846], [121.02562753021567, 24.781080623961504], [121.0256991376219, 24.7810655550318], [121.02577014136028, 24.781048261157185], [121.02584045429421, 24.78102876272662], [121.02590999737193, 24.78100708176015], [121.02597868705011, 24.78098324435566], [121.0260464460737, 24.78095727579539], [121.02611319179762, 24.780929211148624], [121.02617884876341, 24.78089907895978], [121.02624333971596, 24.780866915929177], [121.02644116401291, 24.780764216833198], [121.02648129984148, 24.780743379963383], [121.02633449625944, 24.780658104376574], [121.02624122059022, 24.780557391089424], [121.0259883717872, 24.780454459291622], [121.0256079658071, 24.780416466243402], [121.02530466132951, 24.780495779970575], [121.02512594599531, 24.780524614640253], [121.02502541463355, 24.780505747400717], [121.02491305605277, 24.780378490311108], [121.02488715043658, 24.780252600036974], [121.02491643281991, 24.78003855373539], [121.02504601659626, 24.77989490500336], [121.02566823108457, 24.77936501994346], [121.02597992492859, 24.779062985980453], [121.02621983439825, 24.77884658704088], [121.02643647660376, 24.77879651105792], [121.02677673597549, 24.77879861533109], [121.0271643769869, 24.77881060724076], [121.02748416734657, 24.778885144971227], [121.02768973422293, 24.778902805355727], [121.02792446041339, 24.778800130734027], [121.0279565212859, 24.77876424389998], [121.02798216189908, 24.778638864192093], [121.02795216715171, 24.77847678264441], [121.02779793809553, 24.778186686290585], [121.02769594337816, 24.77799673540574], [121.02759033833169, 24.777869120950736], [121.02755444704282, 24.777721420985984], [121.0275307701469, 24.77718960586137], [121.02754924939057, 24.777110651341513], [121.02755120322634, 24.777046044366088], [121.02767129630172, 24.776942700214104], [121.02791741941823, 24.776877253875835], [121.02799120883229, 24.776863478013016], [121.0281830260949, 24.776827668103227], [121.0283937897252, 24.776824828104925], [121.02889285506947, 24.776988685786847], [121.0292155919033, 24.777048460236266], [121.02936067970313, 24.77705842386515], [121.02958501597904, 24.777073827686], [121.02968873815668, 24.777043941694416], [121.02972746542692, 24.776952020325798], [121.02970024108392, 24.776621492377124], [121.02963207063195, 24.7762200048614], [121.02934760023258, 24.77558747821888], [121.02916299374678, 24.775267661607558], [121.0290209503374, 24.77501282498476], [121.02888128656524, 24.774711078139116], [121.02879691320048, 24.774540198072643], [121.02860807115809, 24.77406399440734], [121.02852717517183, 24.77396341932272], [121.02846870023671, 24.773818981358996], [121.02844998743103, 24.77377275970696], [121.0283738552107, 24.77354578568948], [121.02835892700735, 24.77350128494578], [121.02834788401752, 24.773182056750787], [121.0284269564238, 24.77300153117564], [121.02863750715335, 24.772848523701942], [121.02866228807876, 24.772830514989643], [121.0289259166652, 24.77278276199591], [121.02924842622525, 24.77281847682593], [121.02950197391753, 24.772784314992112], [121.02973115929933, 24.77266681168663], [121.02992218873948, 24.77252234285099], [121.03005625600743, 24.77228651834902], [121.03008055363922, 24.7722426908832], [121.02999577872752, 24.77217484894042], [121.0300396982601, 24.772128191117282], [121.0300858599876, 24.772059447814232], [121.03010292618136, 24.772014182269672], [121.03010105588893, 24.77197514830982], [121.0300551438931, 24.771899693712168], [121.03003962639488, 24.77186059283258], [121.03004726926132, 24.771832158268474], [121.03001907024624, 24.77175452415105], [121.02995287339293, 24.771641558185333], [121.02989815970395, 24.771568249379268], [121.02989031561486, 24.77153327806922], [121.02991182487602, 24.77150691112234], [121.02988583391992, 24.771482513167886], [121.02985179944875, 24.771382720655517], [121.02985372633506, 24.7713440470183], [121.02985568286574, 24.771314042192465], [121.02980681181933, 24.771291667850278], [121.02981498379346, 24.77125223562152], [121.02978853828982, 24.77123704967504], [121.02979077239993, 24.771191328692517], [121.02978982018575, 24.771143412751968], [121.02966862218254, 24.771117212932626], [121.02955783565349, 24.771070951123065], [121.02931939762425, 24.770823819603137], [121.02929495985528, 24.770546795141694], [121.02922496582327, 24.770409738233205], [121.02921544907117, 24.770328038765705], [121.02922842074385, 24.770253797693655], [121.02917942213669, 24.770082997137393], [121.02919584423839, 24.769983319325064], [121.02927915669278, 24.769842708742207], [121.0292868866958, 24.76951185680507], [121.02922694391354, 24.769449664340275], [121.02921345840448, 24.769294540714224], [121.02919240458918, 24.76905250932973], [121.02917421100975, 24.769019498191476], [121.02914182674373, 24.768960744363348], [121.02914662284905, 24.768726020784836], [121.02919383291047, 24.768663805903184], [121.02926107540276, 24.768541552272996], [121.02931185536912, 24.768486813799154], [121.02971012704359, 24.76818002976997], [121.02972185185469, 24.768096478873094], [121.0297922869595, 24.76793336722284], [121.0298007724457, 24.767715872182134], [121.02975826506474, 24.767655204144983], [121.02974413097206, 24.76760546134071], [121.02974504455872, 24.76748843030946], [121.0297739325816, 24.76729054601415], [121.02983501891921, 24.767134085228026], [121.02963418616443, 24.766810217340677], [121.02963504585216, 24.76637114775006], [121.02953795683456, 24.766034150100747], [121.02952379219917, 24.765718627990573], [121.02913033818955, 24.76464814922255], [121.02946528582304, 24.76451416100638], [121.0296554070664, 24.76498220595383], [121.02997121339777, 24.76554919727703], [121.03047099020776, 24.765804187097284], [121.0305023117668, 24.765781916171303], [121.0308219107853, 24.765632364063354], [121.03085932202364, 24.7656127131234], [121.03109657427672, 24.76563108668303], [121.0312340838888, 24.765664345062234], [121.03130298197617, 24.765656964644204], [121.031405151865, 24.76557675069614], [121.03147239166235, 24.76548542200646], [121.03156363534237, 24.765413227071875], [121.03169712589192, 24.765200557371916], [121.0320268848563, 24.76515004601132], [121.03215602666155, 24.765133361694257], [121.03225011800104, 24.76508197016617], [121.03231366302762, 24.76504727518316], [121.03247254266202, 24.765065515051646], [121.03266245010634, 24.764997115327077], [121.03284722098385, 24.764907666402017], [121.03292262197553, 24.764860013139792], [121.03298242012907, 24.76484037023462], [121.03316475477554, 24.764700464305243], [121.03323827200008, 24.764591572884942], [121.03329354893276, 24.764544120164462], [121.03336846124094, 24.764443968060668], [121.03347861535602, 24.764296698315743], [121.03351971687354, 24.764214573106713], [121.03374832463862, 24.763983618912846], [121.03378355925899, 24.76385772588103], [121.03379331496302, 24.763784820333992], [121.03631104836262, 24.764632946970075], [121.03742860467837, 24.764402837808166], [121.03860814115542, 24.764159958344386], [121.03908940907733, 24.764060854113772], [121.03955144137403, 24.763965711693995], [121.04106232593523, 24.763073894181016], [121.04189442999301, 24.762582723013683], [121.04682940226148, 24.759655612194422], [121.05078853194178, 24.758843583187492], [121.05100433781577, 24.758789320095357], [121.05123307763319, 24.758738700081185], [121.05154735233702, 24.7587021067268], [121.05167781915732, 24.758649957160657], [121.05188239070031, 24.758601387050465], [121.0520448950369, 24.758572018688216]]]}, "id": 551, "type": "Feature", "properties": {"空域類別名稱": "縣市政府限制使用範圍", "會商機關名稱": "新竹縣政府", "主管機關名稱": "新竹縣政府", "聯絡方式": "承辦窗口：交通規劃科\r\n電子郵件10013365@hchg.gov.tw\r\n電話：03-5518101*2731", "主管機關": "6", "空域說明": "本區域每日上午8時至下午5時，開放從事遙控無人機活動，並限制高度400英呎 (120公尺)以下；臨時關閉則另行通告。申請本區域於核定時段以外及限制高度以上從事活動者，經新竹縣政府同意後，始得為之。", "三級機關": null, "有效日期起": "108/07/01", "罰則": "罰款3萬-15萬\n註冊/地點/操作限制\n得沒入遙控無人機", "last_edited_date": null, "空域類型": 7, "SHAPE__Area": 10382768.799345715, "會商機關": ".886.101.90005.20002", "空域顏色": "黃區", "有效日期迄": "999/12/31", "限制區": "黃區", "created_user": null, "空域類別": 7, "空域名稱": "竹縣32 竹科、二、三重都市計畫區", "last_edited_user": null, "條件": "限制", "countyid": null, "created_date": null, "二級機關": null, "SHAPE__Length": 20391.940586933248, "objectid": 551}}, {"geometry": {"type": "Polygon", "coordinates": [[[121.07650155290155, 24.782572010763865], [121.07585141518099, 24.78233080861799], [121.07570437803697, 24.782259753882308], [121.07510464388866, 24.782044189970016], [121.0749068097103, 24.781886066847193], [121.07425601262631, 24.78099409829878], [121.07342148311724, 24.77966361703159], [121.07337019739936, 24.77959291066321], [121.0733083762398, 24.779484613829936], [121.07307793591156, 24.77713218209881], [121.07386695227675, 24.776904701197164], [121.07409929523676, 24.776546127059664], [121.07446487631972, 24.776115199233054], [121.07506932482666, 24.775838942666567], [121.0752267384105, 24.775768514696068], [121.07605854512596, 24.775396303986565], [121.07635191872808, 24.775101284607256], [121.07736186226265, 24.774396457335406], [121.07852935592501, 24.773802029044614], [121.07857708790765, 24.773786270013208], [121.07921939681052, 24.77364733662219], [121.0806735213205, 24.77344586025407], [121.0809364716789, 24.773340550661658], [121.08182896318503, 24.772625369316565], [121.08197500499571, 24.772500675896087], [121.08397648378806, 24.770384641038177], [121.08463193234863, 24.769695557146086], [121.08615040767397, 24.76807536009868], [121.08669350124694, 24.768850248982897], [121.08678254315625, 24.768967994077148], [121.08788282576738, 24.770527963906147], [121.08769881216963, 24.771174109298588], [121.08740105119566, 24.77116219903288], [121.08702474063494, 24.77152091596366], [121.08741255142792, 24.771882707693884], [121.08681129104195, 24.772030833036094], [121.0867442129414, 24.772053375269792], [121.08651057371242, 24.77216300810124], [121.08684717963587, 24.77251010890111], [121.08788492333358, 24.77288077282204], [121.08944703612046, 24.773781310905555], [121.0895784704263, 24.773731041203074], [121.08990742539854, 24.77406473827179], [121.09008630422609, 24.774347519820516], [121.09040681413633, 24.775055376636196], [121.09087481214483, 24.776424644616153], [121.09092450694634, 24.776599279669465], [121.09088904056065, 24.776784595060576], [121.09081053858459, 24.777152725135842], [121.09077701884806, 24.77741228061461], [121.09092317833806, 24.77803733916192], [121.0911112657956, 24.778357552365712], [121.09157624636306, 24.77883582833628], [121.09153887734557, 24.779054639047693], [121.09061990080993, 24.779620134724045], [121.09050129624299, 24.779592285094516], [121.09007468541624, 24.779739141130126], [121.08982532926302, 24.779374106609982], [121.08927336033499, 24.779850821677563], [121.08876665661585, 24.779980814021695], [121.08846737928566, 24.77983164195965], [121.08807449211302, 24.77909983025166], [121.08803948296978, 24.77842070034385], [121.08812742713775, 24.777737013132032], [121.08817359425514, 24.77722715293753], [121.08817924735327, 24.777011432656934], [121.08818506933461, 24.776878384328437], [121.08536281513848, 24.77636048098411], [121.08456901075287, 24.775368008889753], [121.08327429498499, 24.77619025405829], [121.08314311939397, 24.776290126715853], [121.08264566832219, 24.776340534038493], [121.0823416460907, 24.776326002030835], [121.08204906480269, 24.776040973855974], [121.08195185810577, 24.775966091853668], [121.08185272721754, 24.77587891012236], [121.08139301526921, 24.77555114022768], [121.07923483076543, 24.77845523988618], [121.07977556895577, 24.779555166926293], [121.07810016334015, 24.78009010382437], [121.07724695336475, 24.781376831313146], [121.07684311123721, 24.78196878308781], [121.07650155290155, 24.782572010763865]]]}, "id": 552, "type": "Feature", "properties": {"空域類別名稱": "縣市政府限制使用範圍", "會商機關名稱": "新竹縣政府", "主管機關名稱": "新竹縣政府", "聯絡方式": "承辦窗口：交通規劃科\r\n電子郵件10013365@hchg.gov.tw\r\n電話：03-5518101*2731", "主管機關": "6", "空域說明": "本區域每日上午8時至下午5時，開放從事遙控無人機活動，並限制高度400英呎 (120公尺)以下；臨時關閉則另行通告。申請本區域於核定時段以外及限制高度以上從事活動者，經新竹縣政府同意後，始得為之。", "三級機關": null, "有效日期起": "108/07/01", "罰則": "罰款3萬-15萬\n註冊/地點/操作限制\n得沒入遙控無人機", "last_edited_date": null, "空域類型": 7, "SHAPE__Area": 1334159.9789167, "會商機關": ".886.101.90005.20002", "空域顏色": "黃區", "有效日期迄": "999/12/31", "限制區": "黃區", "created_user": null, "空域類別": 7, "空域名稱": "竹縣34 芎林都市計畫區", "last_edited_user": null, "條件": "限制", "countyid": null, "created_date": null, "二級機關": null, "SHAPE__Length": 7363.97657805026, "objectid": 552}}, {"geometry": {"type": "Polygon", "coordinates": [[[121.08942157876362, 24.834053549656225], [121.08267077533607, 24.830939790618498], [121.08135251113134, 24.829955371620404], [121.07941118712367, 24.830077772612807], [121.0791952042816, 24.830115830341015], [121.07753274698254, 24.831178195595943], [121.07659310470375, 24.83097954302091], [121.07628501939224, 24.830919395902765], [121.07398508882144, 24.831456461608965], [121.07270803213542, 24.83082002134668], [121.07261745590368, 24.830760663330437], [121.07237469967284, 24.830644534060355], [121.06798137468981, 24.831622543694408], [121.0676190769492, 24.831329878858714], [121.06689161584222, 24.83158158980141], [121.06680284702082, 24.831451631173298], [121.06680313088843, 24.830894553901757], [121.06617268244229, 24.830741370012408], [121.06586699563256, 24.830541756349206], [121.0657560617798, 24.830469484325214], [121.06527263879956, 24.830122094892594], [121.06375273605119, 24.82957808784816], [121.06378761224379, 24.829274641024167], [121.06566652489879, 24.827945519993552], [121.07076921802064, 24.822515286276833], [121.07347675106676, 24.821114960765264], [121.0771076372406, 24.819810192807115], [121.07766511912953, 24.819749122191258], [121.08028413757744, 24.819373640219702], [121.08317648911179, 24.819585664259325], [121.08418629520416, 24.820040106259178], [121.08453460527745, 24.821372712049314], [121.08750689968558, 24.8257271022819], [121.0910786919851, 24.82845898473967], [121.09195069561456, 24.83253384787341], [121.09065491983465, 24.833954793127038], [121.08942157876362, 24.834053549656225]]]}, "id": 553, "type": "Feature", "properties": {"空域類別名稱": "縣市政府限制使用範圍", "會商機關名稱": "新竹縣政府", "主管機關名稱": "新竹縣政府", "聯絡方式": "承辦窗口：交通規劃科\r\n電子郵件10013365@hchg.gov.tw\r\n電話：03-5518101*2731", "主管機關": "6", "空域說明": "本區域每日上午8時至下午5時，開放從事遙控無人機活動，並限制高度400英呎 (120公尺)以下；臨時關閉則另行通告。申請本區域於核定時段以外及限制高度以上從事活動者，經新竹縣政府同意後，始得為之。", "三級機關": null, "有效日期起": "108/07/01", "罰則": "罰款3萬-15萬\n註冊/地點/操作限制\n得沒入遙控無人機", "last_edited_date": null, "空域類型": 7, "SHAPE__Area": 3150108.64449014, "會商機關": ".886.101.90005.20002", "空域顏色": "黃區", "有效日期迄": "999/12/31", "限制區": "黃區", "created_user": null, "空域類別": 7, "空域名稱": "竹縣35 新埔都市計畫區", "last_edited_user": null, "條件": "限制", "countyid": null, "created_date": null, "二級機關": null, "SHAPE__Length": 8179.300503830419, "objectid": 553}}, {"geometry": {"type": "Polygon", "coordinates": [[[121.16517570537621, 24.801339744862915], [121.16518225768787, 24.80123626519255], [121.16530788977529, 24.801079715912223], [121.16545722480981, 24.800761508683554], [121.16545840160286, 24.80060718339617], [121.16538116625135, 24.800442268256493], [121.1650149698224, 24.800252123928622], [121.16486183940582, 24.79991423073998], [121.16468043900723, 24.79954649927918], [121.1642521420427, 24.799538600603924], [121.16379976304202, 24.799200180304666], [121.16374577878504, 24.798956297395097], [121.16371359304671, 24.798831458366926], [121.16393455255547, 24.79853110927591], [121.1647147312949, 24.798048255262884], [121.16480496077695, 24.7979940949331], [121.16520432659946, 24.797790713162822], [121.1653553154324, 24.797650739176078], [121.16552446191221, 24.79733101612647], [121.16560530310129, 24.79691180324361], [121.1660164269725, 24.796145594365083], [121.16622173603237, 24.795702258289637], [121.1662931718604, 24.79452593098234], [121.1669008578956, 24.793852445656814], [121.16750561901621, 24.793351549752263], [121.16793604319135, 24.792966554733884], [121.1685216046194, 24.792589671304963], [121.16911188040608, 24.792431744297712], [121.17002345662044, 24.792100106061874], [121.1709851812855, 24.79125278117713], [121.17126764035692, 24.791094699963914], [121.17152259840422, 24.791051725659063], [121.17130078459762, 24.789871920021607], [121.17110999231275, 24.787395291366572], [121.1713080941891, 24.786986603091755], [121.17170524027453, 24.786661614224712], [121.17263277685653, 24.786144855160142], [121.17300694493531, 24.786017174867442], [121.1739180540257, 24.785616217687103], [121.17457731323968, 24.785488349270302], [121.17545530773374, 24.785415170976922], [121.17554246407923, 24.785395859997198], [121.1760362437364, 24.785189024030167], [121.17629008338119, 24.785089568764338], [121.17669946991066, 24.784630786216844], [121.1769810477348, 24.783794996404808], [121.1771180039847, 24.78233529679068], [121.17712165833126, 24.78211199307988], [121.17710422113329, 24.781955484094105], [121.17658847587079, 24.7805878969051], [121.17644556558719, 24.780297251693195], [121.17641460515092, 24.77984884628748], [121.17636460402389, 24.779554529123352], [121.17625771079331, 24.779246765168182], [121.17616299871797, 24.77906981995984], [121.17584159588235, 24.778959048113386], [121.17490090976118, 24.77872724701006], [121.17452170932023, 24.77853237718392], [121.17424650504304, 24.77830665323193], [121.17408064190559, 24.778071869839167], [121.17388866564119, 24.77769782437308], [121.17374027563434, 24.777184978847174], [121.17365805463302, 24.77681327480848], [121.17356488586331, 24.775979088891045], [121.17362967236161, 24.775578132720188], [121.17390845193361, 24.775064954630036], [121.17404192721177, 24.77489613697698], [121.1742772714432, 24.774721268702574], [121.17472017860752, 24.77453914100612], [121.1750338936609, 24.774455683292842], [121.17521000927069, 24.774384804305022], [121.1754363047722, 24.77417126663198], [121.17552742358644, 24.774010865181243], [121.17559668908474, 24.773905251017997], [121.17582871404117, 24.773508332114602], [121.17599778775741, 24.773173893758766], [121.1763547656749, 24.772278917282758], [121.17666057824874, 24.77156277876589], [121.17676814701248, 24.77134032108915], [121.17691663313902, 24.771267782087527], [121.1771729287778, 24.77120461660458], [121.17742688700021, 24.771170012239086], [121.17742922890814, 24.77116977325073], [121.17760576582776, 24.77122144366204], [121.17779182578775, 24.771337353722544], [121.17797302676034, 24.77150536626673], [121.17810389692418, 24.771681721118693], [121.17818101279975, 24.77191004029649], [121.17821109378536, 24.772086998973183], [121.17819947228051, 24.772208346184676], [121.1781921537059, 24.772393977262492], [121.17804586755346, 24.772991712406483], [121.17784622416809, 24.77339609285327], [121.1778461181669, 24.773393866141685], [121.17768596022981, 24.773659625108102], [121.1774065338708, 24.77412652305161], [121.17737714728291, 24.774266154909473], [121.17737454576185, 24.774384805936304], [121.17741089788647, 24.774494285815937], [121.17748779277643, 24.774606241873936], [121.17759822177602, 24.77466105431986], [121.17773040258189, 24.77470511012588], [121.17791739768806, 24.774726540161446], [121.17818005339902, 24.774694708311202], [121.17886755295056, 24.774540699689855], [121.17926949603961, 24.774477353169114], [121.17971086169493, 24.77441690131727], [121.17997505442335, 24.77554834098171], [121.1800200321713, 24.7757830386127], [121.18022009327328, 24.776818480928707], [121.18096674329306, 24.77748126890161], [121.18112666407485, 24.778709683658214], [121.1828599292796, 24.77977538165413], [121.18304467320768, 24.77991944811295], [121.18321484286857, 24.780119237098315], [121.18330543616833, 24.780343267831526], [121.18337660609504, 24.780583352392977], [121.18339351059205, 24.780833350064466], [121.1833839920433, 24.781105711653808], [121.18334103640302, 24.781263158012646], [121.18266475680939, 24.782621751649398], [121.18268430055672, 24.782723900320224], [121.18276446800928, 24.78284960865923], [121.18299230322322, 24.782952505847202], [121.1838319657058, 24.783194744203556], [121.183960429283, 24.78326708294304], [121.18459379635556, 24.78379653702958], [121.18477644002249, 24.783885979686072], [121.18500313796929, 24.78396737172974], [121.18523673497744, 24.784033925142992], [121.185708961356, 24.784099011301258], [121.18584973275091, 24.784126648685604], [121.18601633789675, 24.784191419983546], [121.18616541421648, 24.784344859593794], [121.18629315015832, 24.784413538187437], [121.18640154986365, 24.784483922104965], [121.18652411330605, 24.784591340282883], [121.18663500403967, 24.784661562616453], [121.18684570029629, 24.784759627677516], [121.18708327414625, 24.784837794384142], [121.18733471439089, 24.784906626032072], [121.18747302619856, 24.784917196629383], [121.18782740079835, 24.78493183610189], [121.18789555418233, 24.784717563802065], [121.18793583913126, 24.784601228273637], [121.18802245019938, 24.784469041985762], [121.1881340586869, 24.784386284186326], [121.18829349258185, 24.784295562255423], [121.18849251612968, 24.78426556219134], [121.18872394640138, 24.784261164617167], [121.18912503609091, 24.784343220291422], [121.18947750805894, 24.784437432023125], [121.19010674557612, 24.78471428928502], [121.1903270439248, 24.784842053290966], [121.19064556855824, 24.785067732733726], [121.19081724020229, 24.785220327963508], [121.19115504986827, 24.78557355873941], [121.191246509144, 24.78565938063906], [121.19135740436917, 24.78586006402786], [121.19137416962731, 24.785937323950957], [121.19141484085178, 24.786212675602897], [121.19148726931819, 24.78700266872727], [121.19152358910347, 24.787936625078014], [121.19155027984719, 24.788632569199642], [121.19162697261628, 24.789908532733254], [121.1916649381151, 24.790685498673298], [121.19176354977711, 24.79253756533151], [121.19054781927892, 24.793890193199854], [121.18909340012154, 24.795621807691234], [121.18910713536222, 24.7964123606723], [121.18880896475649, 24.796354105030993], [121.18853251900758, 24.796601966138702], [121.18844471767173, 24.796705474956603], [121.18835822068965, 24.79672470262666], [121.18843047488289, 24.797227351256844], [121.18850590372236, 24.797384676851955], [121.18871285669921, 24.79770273861928], [121.18914193789296, 24.797762319605887], [121.18902107136812, 24.79898750488995], [121.1890071528711, 24.79964764566139], [121.18907817906738, 24.80045075237981], [121.18918313463188, 24.80101585125788], [121.18935836629944, 24.801671771014124], [121.18967084796594, 24.802547204350592], [121.18971103140522, 24.80267585677234], [121.18960044340389, 24.802818322815686], [121.18931809841851, 24.80311025994175], [121.188678010151, 24.802793253376965], [121.18764719785406, 24.802683355675942], [121.18659866988138, 24.80252153876034], [121.18545844996935, 24.802352686704246], [121.18514791315543, 24.802286555739734], [121.1845721712117, 24.802257993597486], [121.18451058810572, 24.80213049787474], [121.1844129735737, 24.80192594862968], [121.18435003041836, 24.801708727628135], [121.18434682522941, 24.801583629608366], [121.1844460693054, 24.801298055198476], [121.18445583039929, 24.801157669284763], [121.1844613631231, 24.801049486684658], [121.18459347475869, 24.800763659065748], [121.18194762632817, 24.796896676705856], [121.18187007656634, 24.7963485653777], [121.18148327188646, 24.796213787730263], [121.1811322030869, 24.795685990721584], [121.18029793858084, 24.796352946213478], [121.17960656639212, 24.79664140172984], [121.17915495724763, 24.796928947303236], [121.1786199269526, 24.79676771329414], [121.17850046090132, 24.796725610269156], [121.17801529069781, 24.796579908689417], [121.17798122568391, 24.796567311770346], [121.17746053070422, 24.796420911941844], [121.17685270004027, 24.79703280813988], [121.17619831059345, 24.79738444117606], [121.17533266434124, 24.797993935098315], [121.17497161885215, 24.798413835035415], [121.17461093628243, 24.79873141792359], [121.17416199962595, 24.799340963124315], [121.17385132986134, 24.79981480685124], [121.1736042464458, 24.800016759044347], [121.17332930717164, 24.800225264016834], [121.17307424312314, 24.800364373147875], [121.1728910478906, 24.80041423737433], [121.17261517796179, 24.80043559610144], [121.1724339473448, 24.800412515922112], [121.17221612744795, 24.800359384114625], [121.1721426775971, 24.800341098058418], [121.171986702216, 24.800344263705686], [121.17189410836806, 24.800394796623802], [121.17186276524953, 24.800502590001884], [121.17185378658822, 24.80060874501431], [121.17182978540048, 24.80078771773797], [121.17176787261279, 24.800929783926954], [121.17172220675529, 24.801008591999786], [121.17154553059679, 24.801210157350308], [121.17133417138348, 24.801122819662954], [121.16967686502424, 24.800570470278352], [121.16944563597518, 24.800346817751795], [121.16936788588902, 24.80027449060281], [121.16903408270919, 24.800087531242752], [121.16883664558618, 24.80010025094019], [121.16817347690412, 24.80047979280213], [121.16727844586063, 24.800996677258347], [121.16710774170217, 24.801046745096407], [121.16668934417206, 24.80109133463254], [121.16627576610345, 24.801124498701242], [121.16594464169984, 24.801189483745194], [121.1656668610544, 24.801234555983683], [121.16517570537621, 24.801339744862915]]]}, "id": 554, "type": "Feature", "properties": {"空域類別名稱": "縣市政府限制使用範圍", "會商機關名稱": "新竹縣政府", "主管機關名稱": "新竹縣政府", "聯絡方式": "承辦窗口：交通規劃科\r\n電子郵件10013365@hchg.gov.tw\r\n電話：03-5518101*2731", "主管機關": "6", "空域說明": "本區域每日上午8時至下午5時，開放從事遙控無人機活動，並限制高度400英呎 (120公尺)以下；臨時關閉則另行通告。申請本區域於核定時段以外及限制高度以上從事活動者，經新竹縣政府同意後，始得為之。", "三級機關": null, "有效日期起": "108/07/01", "罰則": "罰款3萬-15萬\n註冊/地點/操作限制\n得沒入遙控無人機", "last_edited_date": null, "空域類型": 7, "SHAPE__Area": 5413327.383277915, "會商機關": ".886.101.90005.20002", "空域顏色": "黃區", "有效日期迄": "999/12/31", "限制區": "黃區", "created_user": null, "空域類別": 7, "空域名稱": "竹縣36 關西都市計畫區", "last_edited_user": null, "條件": "限制", "countyid": null, "created_date": null, "二級機關": null, "SHAPE__Length": 14148.50605930182, "objectid": 554}}, {"geometry": {"type": "Polygon", "coordinates": [[[121.00616600209908, 24.877158420994135], [121.00618449841079, 24.877747414790182], [121.00610346408394, 24.87808344528836], [121.00579532397518, 24.878331640739795], [121.00507262573585, 24.87890317677493], [121.00369251432042, 24.87965540740444], [121.00252330307923, 24.87992733494309], [121.00214046715628, 24.880222521145264], [121.00190737140804, 24.880456211249836], [121.00178155067441, 24.880670765329935], [121.00169554327417, 24.880879302352756], [121.00102464908063, 24.88087807994622], [121.0007599209563, 24.880965737872202], [120.99997104921987, 24.881030262945544], [120.99927130383436, 24.881032104702435], [120.9985562852924, 24.881211618821272], [120.99660241721007, 24.881389064376016], [120.99517944178258, 24.88210452084592], [120.99490574218352, 24.88233771109929], [120.99457724984367, 24.882585439200643], [120.99429242999967, 24.882708294187147], [120.99400666422973, 24.882653809063722], [120.99332272110837, 24.882532743602226], [120.99293610956627, 24.881993796312393], [120.99274123084517, 24.88164918624547], [120.99258221736179, 24.881474907081987], [120.99237436157807, 24.881117417947955], [120.9921572917745, 24.880608123393987], [120.9921099254062, 24.880514741890195], [120.99201182758055, 24.880453385036258], [120.99114000810575, 24.88062478564515], [120.99015291232207, 24.87990202522606], [120.98968959812946, 24.87856657722416], [120.98836164379779, 24.87672634601418], [120.98830472115148, 24.87661724577726], [120.98878263925566, 24.876271491167913], [120.98952573104859, 24.87600226535804], [120.98979509358149, 24.875758146604767], [120.99046332966009, 24.87552215020544], [120.98751857670025, 24.87165137119406], [120.98678669408547, 24.870293238759118], [120.98630425476044, 24.86536700303185], [120.98687864743461, 24.865129372194037], [120.98692539666027, 24.86520635365854], [120.98919528756797, 24.864084174806273], [120.98930953710246, 24.864091706668603], [120.9895502927851, 24.86424366501031], [120.98978758815728, 24.864367015849158], [120.99015883311813, 24.86446300303087], [120.99054955894421, 24.86475290637879], [120.99094738056274, 24.864815227074086], [120.99137251276252, 24.864660098911315], [120.99158009815334, 24.864400772628155], [120.99145841775483, 24.863712280689064], [120.99276475143425, 24.863738677739132], [120.99267509687394, 24.86448976261603], [120.99276940111416, 24.865104924205575], [120.99295863302538, 24.865689980945206], [120.99325222671476, 24.86623996970393], [120.99363199039942, 24.866714854184067], [120.99387792127644, 24.866930185209732], [120.99415010002775, 24.867170829820022], [120.99447243711127, 24.86739782715751], [120.99517523766703, 24.867929013887228], [120.99825645998992, 24.870402469275096], [120.99858363629782, 24.87074455892957], [121.0050440718862, 24.87602220766854], [121.00493674836258, 24.876151632125932], [121.00616600209908, 24.877158420994135]]]}, "id": 555, "type": "Feature", "properties": {"空域類別名稱": "縣市政府限制使用範圍", "會商機關名稱": "新竹縣政府", "主管機關名稱": "新竹縣政府", "聯絡方式": "承辦窗口：交通規劃科\r\n電子郵件10013365@hchg.gov.tw\r\n電話：03-5518101*2731", "主管機關": "6", "空域說明": "本區域每日上午8時至下午5時，開放從事遙控無人機活動，並限制高度400英呎 (120公尺)以下；臨時關閉則另行通告。申請本區域於核定時段以外及限制高度以上從事活動者，經新竹縣政府同意後，始得為之。", "三級機關": null, "有效日期起": "108/07/01", "罰則": "罰款3萬-15萬\n註冊/地點/操作限制\n得沒入遙控無人機", "last_edited_date": null, "空域類型": 7, "SHAPE__Area": 2748599.579927565, "會商機關": ".886.101.90005.20002", "空域顏色": "黃區", "有效日期迄": "999/12/31", "限制區": "黃區", "created_user": null, "空域類別": 7, "空域名稱": "竹縣37 新豐都市計畫區", "last_edited_user": null, "條件": "限制", "countyid": null, "created_date": null, "二級機關": null, "SHAPE__Length": 7577.717966322279, "objectid": 555}}, {"geometry": {"type": "Polygon", "coordinates": [[[120.98400004641228, 24.906941175647525], [120.98173839036077, 24.905873065369757], [120.98194447915833, 24.905596143363432], [120.98209837583785, 24.905347142304468], [120.98213740494202, 24.905078721326397], [120.98204527821805, 24.904919305024467], [120.98206396497257, 24.904601913150596], [120.98188709298134, 24.904066318063176], [120.98198205568669, 24.902928919883973], [120.98205416794609, 24.902744758791687], [120.98212216142994, 24.902446997079917], [120.98222733259016, 24.902154430612125], [120.98242475983172, 24.901822823970047], [120.98245347268316, 24.900834377814533], [120.98247033675598, 24.900702211322802], [120.98236704127808, 24.900573661621063], [120.9820536029058, 24.90038437105134], [120.98201549816805, 24.900272694098998], [120.98197367620168, 24.90014349780516], [120.98194896803983, 24.900020709867636], [120.9819657782137, 24.899866473313246], [120.98201255528718, 24.899720263292654], [120.98204149181913, 24.899651529693543], [120.9820554130111, 24.899556370812235], [120.98210100879994, 24.899471224304584], [120.98216290182471, 24.899398202193026], [120.9825434129077, 24.89923000705349], [120.98286928576017, 24.89906206264858], [120.98303277824357, 24.89903899760201], [120.98356799987974, 24.899035040846506], [120.98401536897607, 24.89899648936254], [120.98439537340923, 24.89894479484535], [120.98447274620297, 24.898893396085775], [120.9845855521448, 24.898785206841733], [120.98470998767624, 24.898555433226853], [120.98476253822204, 24.898440295701352], [120.98479947065833, 24.898299694046084], [120.98482327601336, 24.89794506231612], [120.984817089316, 24.897786781630753], [120.98483027658439, 24.89764050070135], [120.98482513911924, 24.897412027051875], [120.9848050752474, 24.89720888359999], [120.98476199204637, 24.897083476321836], [120.984795671683, 24.89700458112379], [120.9849020079581, 24.896871729331757], [120.9850017631755, 24.89679783381158], [120.98533655719703, 24.89639010310851], [120.98542667888128, 24.896310007214126], [120.98549616985672, 24.89626259679547], [120.98588938042288, 24.89606892882689], [120.9859624026757, 24.896016929964112], [120.98605035942012, 24.895929981037167], [120.98635428463355, 24.895943362312078], [120.98630333578392, 24.896099495820344], [120.98720673643085, 24.896101595655903], [120.99145960532762, 24.896068093618496], [120.9962508588287, 24.897227169197002], [120.99638491891011, 24.897145639744338], [120.99650101627911, 24.89702441981923], [120.99666137364218, 24.89722229407019], [120.99641350330243, 24.897459308286262], [120.99618366664207, 24.89780224295522], [120.99592092828608, 24.898143785767395], [120.99581402517403, 24.898504647865646], [120.9957010359759, 24.898774540853747], [120.99561557924292, 24.899011811201614], [120.99553072617782, 24.89913716926141], [120.99547999921202, 24.899436747033008], [120.99541964589967, 24.89958990531033], [120.99527364810642, 24.89981430575421], [120.99511781376083, 24.900092736726815], [120.99410927429304, 24.90055605606953], [120.99387552816452, 24.90064133301282], [120.99376933741647, 24.900701209110352], [120.99356631097574, 24.900848736324907], [120.9933345366493, 24.900871733404472], [120.99302932415004, 24.901034416597824], [120.99291344866492, 24.901144873099483], [120.99283743142894, 24.90127800710325], [120.99280150959736, 24.90132645120998], [120.9927965041846, 24.90136417494169], [120.9926877074239, 24.902052281879367], [120.99263972121805, 24.902238334333404], [120.99257463378414, 24.90253870959535], [120.99250474665166, 24.902704949610204], [120.99246329658784, 24.9029347366851], [120.99245190595003, 24.90307647865702], [120.99241732709979, 24.90322283380846], [120.99238950178386, 24.903455809002086], [120.99236524457625, 24.90357850796951], [120.9923394871821, 24.90368828021746], [120.99226271086974, 24.9040353627606], [120.99214317564815, 24.904223476072023], [120.99208519658306, 24.904366459107372], [120.99204429538986, 24.90442370572484], [120.99198122287711, 24.904434597734088], [120.99191681277293, 24.904465583083443], [120.99183618268799, 24.904475922666865], [120.99161070465337, 24.90447500033368], [120.99139361868014, 24.904456085169073], [120.9912936766132, 24.904453222024806], [120.99120372471053, 24.90447399978143], [120.99111051192337, 24.904489898620884], [120.99103800889681, 24.904536953079113], [120.99098387911272, 24.904581076751263], [120.99090286544713, 24.90465224298495], [120.99077082927006, 24.904836066356438], [120.99067081982948, 24.90502915592807], [120.99059684715908, 24.905225162914057], [120.9903036586099, 24.905879946125243], [120.98671680335974, 24.906469954204823], [120.98663411972603, 24.906497859217833], [120.98507463720625, 24.906762454222964], [120.98400004641228, 24.906941175647525]]]}, "id": 556, "type": "Feature", "properties": {"空域類別名稱": "縣市政府限制使用範圍", "會商機關名稱": "新竹縣政府", "主管機關名稱": "新竹縣政府", "聯絡方式": "承辦窗口：交通規劃科\r\n電子郵件10013365@hchg.gov.tw\r\n電話：03-5518101*2731", "主管機關": "6", "空域說明": "本區域每日上午8時至下午5時，開放從事遙控無人機活動，並限制高度400英呎 (120公尺)以下；臨時關閉則另行通告。申請本區域於核定時段以外及限制高度以上從事活動者，經新竹縣政府同意後，始得為之。", "三級機關": null, "有效日期起": "108/07/01", "罰則": "罰款3萬-15萬\n註冊/地點/操作限制\n得沒入遙控無人機", "last_edited_date": null, "空域類型": 7, "SHAPE__Area": 1474548.68965625, "會商機關": ".886.101.90005.20002", "空域顏色": "黃區", "有效日期迄": "999/12/31", "限制區": "黃區", "created_user": null, "空域類別": 7, "空域名稱": "竹縣38 新庄子都市計畫區", "last_edited_user": null, "條件": "限制", "countyid": null, "created_date": null, "二級機關": null, "SHAPE__Length": 5203.467370148301, "objectid": 556}}, {"geometry": {"type": "Polygon", "coordinates": [[[121.04031582503583, 24.91042914064687], [121.0385095968671, 24.909276758382784], [121.03725438900543, 24.904363231753155], [121.0371840293591, 24.904267110171443], [121.03486054675822, 24.9042781512999], [121.03478092188804, 24.903674081735716], [121.03456549869641, 24.903346534383683], [121.03452750894301, 24.903126294980428], [121.03452183428539, 24.902967805019195], [121.0347065467724, 24.90235448273708], [121.03475888980738, 24.902216148231393], [121.03506699578016, 24.90027001663429], [121.03514785942711, 24.90020629279417], [121.03563317336105, 24.89999804018376], [121.03566975096275, 24.89986410302398], [121.03565469699524, 24.899700919622273], [121.03532759255249, 24.898850492608886], [121.03503148627529, 24.898389001028917], [121.03594498398606, 24.89790251866243], [121.03495987527582, 24.896406042916194], [121.03591403522788, 24.895899003323077], [121.03609543472811, 24.895815087959175], [121.03733121472513, 24.895076667943083], [121.0375022171243, 24.894974017927694], [121.04141439635632, 24.892646467952297], [121.0415967597489, 24.892569194750806], [121.04229072267894, 24.892475264110075], [121.04252758416484, 24.89243637974395], [121.04259936494596, 24.89244428878865], [121.04386752202241, 24.892244874123122], [121.04476845140401, 24.89201362891372], [121.04579134774669, 24.891729874126685], [121.04677588961997, 24.89137017867462], [121.0471946509678, 24.89106104815908], [121.04724397386676, 24.891029471108304], [121.0474746073328, 24.89072152293505], [121.04825706240315, 24.890293789788867], [121.05032012519983, 24.890372612676888], [121.04997931156757, 24.889967396655027], [121.04991505507527, 24.8898753390702], [121.04990167826236, 24.88976631563622], [121.05003354196293, 24.889505922393138], [121.05000389486362, 24.88922062904943], [121.04959649001766, 24.88869778131073], [121.0490359197208, 24.888355668022854], [121.04845310534085, 24.8876580539879], [121.04818620958176, 24.88738371508066], [121.04824564481586, 24.88670853625231], [121.04836027074444, 24.88172778565456], [121.04908771658006, 24.8808598008926], [121.04963602756824, 24.880105555723155], [121.05003657108207, 24.87969101319405], [121.05019650893192, 24.879337728918685], [121.05026689013775, 24.878848003784494], [121.05025146696265, 24.87867784840243], [121.0502327388856, 24.878449381232368], [121.05013805286141, 24.878137586071237], [121.05042274873787, 24.87772456661621], [121.05073309780394, 24.877214184771418], [121.05135060601843, 24.876634871041123], [121.05238650996641, 24.87649630723992], [121.0540743338925, 24.876357445005286], [121.05456460293351, 24.876374573176097], [121.0557458974136, 24.876341017704252], [121.05575918619161, 24.876394027261114], [121.05661758663274, 24.876399356331895], [121.05813397427336, 24.876401000120794], [121.0585281828678, 24.87637083084577], [121.0599516299108, 24.876523716193113], [121.06144155408148, 24.87661777876488], [121.06326524819428, 24.87703814310655], [121.0630071119075, 24.87930771520086], [121.06294560875159, 24.87968421410344], [121.06289165683394, 24.880171466647784], [121.06229000837574, 24.88158962036274], [121.05910836608223, 24.881501857753026], [121.05907043561768, 24.88403646014195], [121.05893322873781, 24.88415474200625], [121.05884240636765, 24.884210958163532], [121.05874056077064, 24.88425123129077], [121.05865488125544, 24.88425733174752], [121.0584509834489, 24.884338559227395], [121.05832125234885, 24.88436692966994], [121.05820061399606, 24.88451181733849], [121.05804121064385, 24.88479590897064], [121.05790453377, 24.884832323300802], [121.05781747713749, 24.88489255177251], [121.0576993118467, 24.88504684288837], [121.05693234283355, 24.88537290187568], [121.05680182121601, 24.88538872494393], [121.05667557108765, 24.88543401099896], [121.05641052855297, 24.885712410023086], [121.05529730301521, 24.887757979381117], [121.05414721960139, 24.88981701006599], [121.05449948765185, 24.889838627981362], [121.05468683220265, 24.89012032221675], [121.054467428576, 24.89119741992136], [121.05435426420638, 24.891466171771565], [121.05439210304279, 24.892921507354274], [121.05447143416383, 24.893071657928125], [121.05588403404981, 24.894515807915308], [121.05634288810704, 24.899174082919355], [121.05608842143818, 24.90056159839225], [121.05599529668595, 24.902435668979667], [121.05595178858178, 24.903370683924603], [121.05573020923549, 24.90475530293426], [121.05569324984974, 24.90488782114417], [121.0546717575739, 24.90693239002895], [121.05371400256404, 24.907155704078065], [121.05296368292635, 24.90787688892445], [121.05260903793365, 24.908213203261564], [121.05140641116051, 24.908300065318922], [121.04914062375704, 24.90756684728895], [121.04801700291483, 24.90797405873325], [121.04765529087581, 24.907833172995925], [121.04705069594347, 24.90766132537189], [121.04679706021628, 24.907624252114932], [121.04603954507317, 24.90754081402536], [121.04533537278992, 24.90745179475773], [121.04511627009886, 24.90748785531726], [121.04461127228043, 24.90759506084846], [121.04439870213814, 24.907788507856413], [121.0438172810452, 24.908370814696877], [121.04332623496147, 24.908635263103676], [121.04293705962755, 24.90867433790803], [121.0424835999536, 24.908602127034186], [121.04201600259368, 24.908383247061614], [121.04161818456843, 24.908352199145], [121.04130022228034, 24.90879581688927], [121.04127484936514, 24.909099650289992], [121.04125284423395, 24.909610914710402], [121.04113662828732, 24.909826949039402], [121.04085949442891, 24.910118878111007], [121.04031582503583, 24.91042914064687]]]}, "id": 557, "type": "Feature", "properties": {"空域類別名稱": "縣市政府限制使用範圍", "會商機關名稱": "新竹縣政府", "主管機關名稱": "新竹縣政府", "聯絡方式": "承辦窗口：交通規劃科\r\n電子郵件10013365@hchg.gov.tw\r\n電話：03-5518101*2731", "主管機關": "6", "空域說明": "本區域每日上午8時至下午5時，開放從事遙控無人機活動，並限制高度400英呎 (120公尺)以下；臨時關閉則另行通告。申請本區域於核定時段以外及限制高度以上從事活動者，經新竹縣政府同意後，始得為之。", "三級機關": null, "有效日期起": "108/07/01", "罰則": "罰款3萬-15萬\n註冊/地點/操作限制\n得沒入遙控無人機", "last_edited_date": null, "空域類型": 7, "SHAPE__Area": 6225542.461404705, "會商機關": ".886.101.90005.20002", "空域顏色": "黃區", "有效日期迄": "999/12/31", "限制區": "黃區", "created_user": null, "空域類別": 7, "空域名稱": "竹縣39 湖口都市計畫區", "last_edited_user": null, "條件": "限制", "countyid": null, "created_date": null, "二級機關": null, "SHAPE__Length": 13758.48499980956, "objectid": 557}}, {"geometry": {"type": "Polygon", "coordinates": [[[121.04599879389862, 24.707222364372953], [121.04586285813487, 24.70717377988905], [121.04563792088602, 24.707038734934518], [121.045511389585, 24.706944794222064], [121.04551063320353, 24.70695561382714], [121.04531440970447, 24.7067679533643], [121.0452037219901, 24.70640606189861], [121.04537009357396, 24.706132381029228], [121.04559610610619, 24.70593985707445], [121.0458955442348, 24.705852153713206], [121.0459552992692, 24.705647313714994], [121.0453673914416, 24.705366779273145], [121.04496564777855, 24.70517072779741], [121.04500071710892, 24.70492011928863], [121.04533232300955, 24.704928395303124], [121.04559567042328, 24.704815047887852], [121.045737712036, 24.704548657797087], [121.04631716761507, 24.70377552102846], [121.04626114508069, 24.703618672645607], [121.04586622502055, 24.703367629294405], [121.04486249333615, 24.703498480191563], [121.0446500570428, 24.703389878755292], [121.04447514517554, 24.703165887228856], [121.04429866934134, 24.702636311629977], [121.04374571316484, 24.702332735661038], [121.04343501016255, 24.70228495395589], [121.043129315268, 24.70240064999304], [121.04307718423547, 24.70255228659882], [121.04322932740355, 24.70270832919274], [121.04314539331497, 24.70283363532736], [121.04299145441462, 24.70286167517029], [121.04273610470186, 24.702764604794805], [121.04216664018534, 24.702379093233834], [121.04286347323271, 24.701947442298078], [121.04280326544746, 24.70172192775447], [121.04265516469812, 24.70131414110346], [121.04228863499422, 24.701055428926004], [121.04218524159997, 24.701003154805306], [121.04224953402483, 24.700869496278578], [121.04283690915145, 24.70067572531477], [121.04314128891244, 24.700800710310045], [121.04381509274917, 24.700730056200314], [121.04437492642748, 24.700535620695277], [121.04502640533279, 24.70054958864427], [121.04538130993859, 24.70069870731815], [121.0458687492865, 24.700805429940797], [121.04610550297458, 24.700857265887382], [121.04690148218154, 24.700917370748332], [121.04891030829461, 24.701816642002818], [121.04943973759383, 24.701816995380547], [121.04997790300918, 24.70163369339593], [121.05013575227593, 24.70130836788337], [121.05014234501184, 24.701198910877142], [121.05029712383698, 24.701114288292988], [121.05072704585385, 24.70091625103062], [121.05081163301766, 24.700827720665465], [121.05109789196271, 24.700287807065465], [121.0512932162482, 24.699722253264067], [121.0513930855516, 24.69952727835637], [121.05153055294288, 24.699336578854563], [121.05176063304673, 24.699277876160966], [121.05191089244767, 24.699267388054455], [121.0519955883076, 24.699322085181038], [121.05211826134445, 24.699385193327995], [121.0523982877781, 24.699710342682682], [121.05245972984858, 24.699775689272766], [121.05259764909248, 24.699917743659032], [121.05275583432916, 24.699974861132613], [121.05293145496721, 24.6998938441843], [121.05303212556784, 24.699490071805762], [121.05303218036507, 24.699299230240168], [121.05324077097069, 24.69798146409482], [121.05322063523357, 24.697866682927682], [121.05282712193517, 24.697097951047287], [121.05278459838456, 24.696913605612085], [121.05282179043395, 24.69675718604425], [121.05294997643175, 24.696716460251118], [121.05324819195323, 24.696764608910343], [121.05371007872286, 24.696728537612966], [121.05380915571222, 24.696654070595404], [121.05388651143795, 24.69655085875559], [121.05398084442423, 24.696453163188355], [121.05409142973066, 24.6963833798939], [121.05435153332793, 24.696485858153775], [121.05477607623288, 24.69699547002629], [121.0549867949474, 24.69707056363987], [121.05535929665132, 24.696820967996143], [121.0557769872073, 24.696317110090035], [121.0560182441499, 24.696254818172527], [121.05630745765392, 24.696263662804043], [121.05683444712881, 24.69633850630044], [121.0569204626139, 24.69635733734567], [121.05701082414834, 24.696390597112337], [121.05715114369067, 24.696305523195047], [121.05715709592775, 24.69614590681246], [121.05691890134194, 24.695784847976586], [121.05686737936715, 24.69559761385611], [121.05689060980039, 24.695474190661066], [121.05699350462967, 24.69537683785174], [121.05724906095493, 24.695257033281987], [121.0585270249394, 24.695422224338014], [121.058754377758, 24.695539411336643], [121.05898959532696, 24.695632745269883], [121.05973054823117, 24.695527728879092], [121.05988192064477, 24.69569818622429], [121.0598618459931, 24.695831238183768], [121.05985699419227, 24.69596221370735], [121.05993046739933, 24.69600305972154], [121.06017131381184, 24.696045857143393], [121.06092827738938, 24.69599729604916], [121.060939097597, 24.696591730693555], [121.0609571483443, 24.696695379138923], [121.06096103176128, 24.696730050751714], [121.06141643538949, 24.697813041248697], [121.06163089738382, 24.6981109193391], [121.06183303628906, 24.698331173067295], [121.06184096481974, 24.69871055573855], [121.06189406872775, 24.699255526397483], [121.06141501515305, 24.69994147990378], [121.06069782268806, 24.7014439993109], [121.06017342305616, 24.70340181183577], [121.06000040843075, 24.703798522862474], [121.05989348016585, 24.704053470384775], [121.0592048119061, 24.705608902811427], [121.05651057841776, 24.706663756731437], [121.05445093191412, 24.706508190789872], [121.05418203920013, 24.70629256730065], [121.05393861462275, 24.706221880398434], [121.05376824733247, 24.706074974220183], [121.05367744113201, 24.70576068403938], [121.05358446460174, 24.70569238879359], [121.05326563633776, 24.70569770235208], [121.0529916546677, 24.70581955260809], [121.05265007207753, 24.706095241738588], [121.05170652122895, 24.706017804050017], [121.05156763629613, 24.70608806262244], [121.05155993234425, 24.706192512723668], [121.05182588577063, 24.706417568693844], [121.05186579612207, 24.70660212367087], [121.05167196573491, 24.706713790777375], [121.05134577128558, 24.706752801160818], [121.05116542011926, 24.706630399329526], [121.05095438879101, 24.70643012089247], [121.05078654486839, 24.70641238573962], [121.05036225439004, 24.707212989251797], [121.05021627905465, 24.707325339684534], [121.05002683244606, 24.707322471167586], [121.04984578328876, 24.707255800775986], [121.0496679806429, 24.70724005860647], [121.04911111320166, 24.707493095174332], [121.04899903489523, 24.707528407666768], [121.0486641717034, 24.707668052313768], [121.04849997044923, 24.70770247278519], [121.04823255905717, 24.707636492997967], [121.04750915564031, 24.70737114291386], [121.0472811389667, 24.706908703838458], [121.04690797340776, 24.706339822725496], [121.04686392990772, 24.706309590844075], [121.04672340465117, 24.706281891269004], [121.04608758068633, 24.706260682834095], [121.0460085675689, 24.706338508828228], [121.04598754878788, 24.706450416099983], [121.04597355393406, 24.706516536882074], [121.04606315459544, 24.706857392702773], [121.04606956227838, 24.70713321908541], [121.04599879389862, 24.707222364372953]]]}, "id": 558, "type": "Feature", "properties": {"空域類別名稱": "縣市政府限制使用範圍", "會商機關名稱": "新竹縣政府", "主管機關名稱": "新竹縣政府", "聯絡方式": "承辦窗口：交通規劃科\r\n電子郵件10013365@hchg.gov.tw\r\n電話：03-5518101*2731", "主管機關": "6", "空域說明": "本區域每日上午8時至下午5時，開放從事遙控無人機活動，並限制高度400英呎 (120公尺)以下；臨時關閉則另行通告。申請本區域於核定時段以外及限制高度以上從事活動者，經新竹縣政府同意後，始得為之。", "三級機關": null, "有效日期起": "108/07/01", "罰則": "罰款3萬-15萬\n註冊/地點/操作限制\n得沒入遙控無人機", "last_edited_date": null, "空域類型": 7, "SHAPE__Area": 1759957.45322175, "會商機關": ".886.101.90005.20002", "空域顏色": "黃區", "有效日期迄": "999/12/31", "限制區": "黃區", "created_user": null, "空域類別": 7, "空域名稱": "竹縣41 北埔都市計畫區", "last_edited_user": null, "條件": "限制", "countyid": null, "created_date": null, "二級機關": null, "SHAPE__Length": 7858.091566164187, "objectid": 558}}, {"geometry": {"type": "Polygon", "coordinates": [[[121.10294877143463, 24.579085032330713], [121.101816496223, 24.57457711419357], [121.10173504417955, 24.570895817310152], [121.102770576225, 24.569871909665608], [121.10517745392531, 24.570140854192047], [121.10792723563755, 24.57153932211256], [121.10869352372774, 24.574413420057503], [121.1090055903726, 24.581335694817536], [121.10336578286427, 24.58150405993649], [121.10294877143463, 24.579085032330713]]]}, "id": 559, "type": "Feature", "properties": {"空域類別名稱": "縣市政府限制使用範圍", "會商機關名稱": "新竹縣政府", "主管機關名稱": "新竹縣政府", "聯絡方式": "承辦窗口：交通規劃科\r\n電子郵件10013365@hchg.gov.tw\r\n電話：03-5518101*2731", "主管機關": "6", "空域說明": "本區域每日上午8時至下午5時，開放從事遙控無人機活動，並限制高度400英呎 (120公尺)以下；臨時關閉則另行通告。申請本區域於核定時段以外及限制高度以上從事活動者，經新竹縣政府同意後，始得為之。", "三級機關": null, "有效日期起": "108/07/01", "罰則": "罰款3萬-15萬\n註冊/地點/操作限制\n得沒入遙控無人機", "last_edited_date": null, "空域類型": 7, "SHAPE__Area": 942884.85734263, "會商機關": ".886.101.90005.20002", "空域顏色": "黃區", "有效日期迄": "999/12/31", "限制區": "黃區", "created_user": null, "空域類別": 7, "空域名稱": "竹縣42 清泉都市計畫區", "last_edited_user": null, "條件": "限制", "countyid": null, "created_date": null, "二級機關": null, "SHAPE__Length": 3945.6319692483657, "objectid": 559}}, {"geometry": {"type": "Polygon", "coordinates": [[[121.13063568931433, 24.726054895723706], [121.13049427921722, 24.72580838293342], [121.1303886840522, 24.725616829392514], [121.12869189224465, 24.72251670763117], [121.12926736469377, 24.722320067096526], [121.12960020038798, 24.72215395538966], [121.13018513209705, 24.722005786918608], [121.13262392514275, 24.721499566635053], [121.1340146303903, 24.721241718097378], [121.13536308517509, 24.719821499150598], [121.13553248857306, 24.719760371177966], [121.13677302065791, 24.719094022757893], [121.13754548197076, 24.717745380163397], [121.14010079998356, 24.716560661130195], [121.14065525275332, 24.71605891579394], [121.14162738170602, 24.715541086216902], [121.14181330781699, 24.715444038781804], [121.142318278686, 24.715243977712287], [121.14240732059525, 24.715208731874256], [121.14254307310266, 24.715152222799947], [121.14312764099402, 24.71511308285162], [121.14333615703946, 24.7150218778459], [121.14355729980451, 24.714770274022605], [121.14385608126467, 24.714216437319088], [121.14398346237196, 24.713247098221157], [121.14473369756799, 24.71327150434222], [121.14481622130157, 24.71326710099133], [121.1451027012322, 24.713280101321335], [121.14545648923212, 24.713506178401698], [121.1454699873176, 24.713873404059115], [121.14534719031322, 24.71399879525099], [121.14559918930998, 24.714071752026637], [121.14546659438076, 24.714273195708298], [121.1455813263105, 24.714299090072537], [121.14576969763571, 24.714401171688184], [121.14580252566947, 24.71449651524592], [121.14605381320054, 24.71467767090531], [121.1462313930642, 24.714826004778047], [121.14613573416455, 24.7152336753725], [121.14599156084964, 24.715399327916806], [121.145828047705, 24.7155832020726], [121.14587906931818, 24.71572652611281], [121.14590188742473, 24.715846328129203], [121.14636503003914, 24.71645663508028], [121.14645343414456, 24.7165755869191], [121.14730827635881, 24.717716885890088], [121.14747637719962, 24.71793101261767], [121.14836710171961, 24.719105007771507], [121.14716753730325, 24.71973713891746], [121.14532536933665, 24.719323031775673], [121.14389343141755, 24.71993949795422], [121.1433542850419, 24.719709545145502], [121.14248466104964, 24.72011037394769], [121.14221698914609, 24.72052484811423], [121.14215628728743, 24.720602128269164], [121.14173265886743, 24.72127816825631], [121.14085052673313, 24.722157656682047], [121.13961433440942, 24.722920917774594], [121.13815761556492, 24.72348080208785], [121.13770243022729, 24.72381234937762], [121.13581279617935, 24.724384003267698], [121.13404446164427, 24.72512354129577], [121.13134082818482, 24.725934946054533], [121.13063568931433, 24.726054895723706]]]}, "id": 560, "type": "Feature", "properties": {"空域類別名稱": "縣市政府限制使用範圍", "會商機關名稱": "新竹縣政府", "主管機關名稱": "新竹縣政府", "聯絡方式": "承辦窗口：交通規劃科\r\n電子郵件10013365@hchg.gov.tw\r\n電話：03-5518101*2731", "主管機關": "6", "空域說明": "本區域每日上午8時至下午5時，開放從事遙控無人機活動，並限制高度400英呎 (120公尺)以下；臨時關閉則另行通告。申請本區域於核定時段以外及限制高度以上從事活動者，經新竹縣政府同意後，始得為之。", "三級機關": null, "有效日期起": "108/07/01", "罰則": "罰款3萬-15萬\n註冊/地點/操作限制\n得沒入遙控無人機", "last_edited_date": null, "空域類型": 7, "SHAPE__Area": 1207682.19356524, "會商機關": ".886.101.90005.20002", "空域顏色": "黃區", "有效日期迄": "999/12/31", "限制區": "黃區", "created_user": null, "空域類別": 7, "空域名稱": "竹縣43 橫山都市計畫區", "last_edited_user": null, "條件": "限制", "countyid": null, "created_date": null, "二級機關": null, "SHAPE__Length": 5970.643649666255, "objectid": 560}}, {"geometry": {"type": "Polygon", "coordinates": [[[121.0863888888223, 24.73333333260456], [121.088333332679, 24.730833332756767], [121.08861111062946, 24.73194444420145], [121.088333332679, 24.73333333260456], [121.0863888888223, 24.73333333260456]]]}, "id": 561, "type": "Feature", "properties": {"空域類別名稱": "縣市政府限制使用範圍", "會商機關名稱": "國立竹東高級中學", "主管機關名稱": "新竹縣政府", "聯絡方式": "承辦窗口：資訊媒體組 黃秋雅組長\n電子郵件：cc@mail.ctsh.hcc.edu.tw\n電話：03-5962024#611", "主管機關": "6", "空域說明": "1. 週一至週五(國定假日除外)日出至日落，區域內開放從事遙控無人機活動；臨時關閉則另行通告。\n2. 申請本區域於核定日外從事活動者，經新竹縣政府會商國立竹東高級中學同意後為之。", "三級機關": null, "有效日期起": null, "罰則": "罰款3萬-15萬\n註冊/地點/操作限制\n得沒入遙控無人機", "last_edited_date": null, "空域類型": 7, "SHAPE__Area": 37898.57750437, "會商機關": "2.16.886.111.100153", "空域顏色": "黃區", "有效日期迄": null, "限制區": "黃區", "created_user": null, "空域類別": 7, "空域名稱": "竹縣55 國立竹東高級中學", "last_edited_user": null, "條件": "限制", "countyid": null, "created_date": null, "二級機關": null, "SHAPE__Length": 904.2586222900517, "objectid": 561}}, {"geometry": {"type": "Polygon", "coordinates": [[[121.45050095770763, 22.524280669696182], [121.45055261173478, 22.524191982611967], [121.56298478431131, 22.553537676869247], [121.48181633092003, 22.82251068898578], [121.36932959557143, 22.792989560928838], [121.45050095770763, 22.524280669696182]]]}, "id": 562, "type": "Feature", "properties": {"空域類別名稱": "機場四周距地面或水面200呎以上禁止施放範圍", "會商機關名稱": "交通部民用航空局臺東航空站（綠島）", "主管機關名稱": "交通部民用航空局", "聯絡方式": "", "主管機關": "23", "空域說明": "機場四周200呎以上禁止施放範圍", "三級機關": null, "有效日期起": null, "罰則": "罰款30萬-150萬\n危害飛航安全\n沒入遙控無人機", "last_edited_date": null, "空域類型": 5, "SHAPE__Area": 438244728.7747544, "會商機關": "03.20008.20003.20028", "空域顏色": "黃區", "有效日期迄": null, "限制區": "黃區", "created_user": null, "空域類別": 5, "空域名稱": "綠島機場200呎以上禁止施放範圍", "last_edited_user": null, "條件": "限制", "countyid": null, "created_date": null, "二級機關": null, "SHAPE__Length": 93375.6891735483, "objectid": 562}}, {"geometry": {"type": "Polygon", "coordinates": [[[120.571833695551, 24.11010536806054], [120.68967658637379, 24.116654211978652], [120.66970817218001, 24.420017475912896], [120.5516035401312, 24.41342750007077], [120.55743016308266, 24.32582512511529], [120.5889733041353, 24.31688922460959], [120.5944351760471, 24.320337239733263], [120.60039279492653, 24.323096216256896], [120.60673044518862, 24.3251153310604], [120.61332538911773, 24.326311805227167], [120.61562033942857, 24.326340175613403], [120.61993218631703, 24.32669223996276], [120.62250502057954, 24.326494014390768], [120.62662806315485, 24.326238736657974], [120.63313744884137, 24.324961446407045], [120.63715559514094, 24.32361738932549], [120.63947926279475, 24.3228805509495], [120.64300803208039, 24.32120117669862], [120.6453783070261, 24.320033745637474], [120.64297080589499, 24.31641027294822], [120.64956423436622, 24.216521542697986], [120.65243079796373, 24.21323288116442], [120.648617564567, 24.210803164309837], [120.64686971072207, 24.209728608344378], [120.64333410525713, 24.208075392837642], [120.64097772096065, 24.20699155384316], [120.63741408805888, 24.205864090864747], [120.6346766545885, 24.204995657221474], [120.63119982858758, 24.204354080956296], [120.62814085933094, 24.20381430781593], [120.62398072891084, 24.203564491971065], [120.6214469201592, 24.203434087669635], [120.61780370101485, 24.20365851218031], [120.61484230676439, 24.203883641753194], [120.61145776469259, 24.204539467110372], [120.60825103514814, 24.205166291897037], [120.60468554542867, 24.20636545167006], [120.60198363763286, 24.207250469766908], [120.59949569506298, 24.208437597101888], [120.59609508931729, 24.21009666185513], [120.59848026372035, 24.21369142017436], [120.59182136962445, 24.31360476108197], [120.58898774814674, 24.316869766046608], [120.55743507057905, 24.32578336786694], [120.571833695551, 24.11010536806054]]]}, "id": 563, "type": "Feature", "properties": {"空域類別名稱": "機場四周距地面或水面200呎以上禁止施放範圍", "會商機關名稱": "交通部民用航空局臺中航空站", "主管機關名稱": "交通部民用航空局", "聯絡方式": "", "主管機關": "23", "空域說明": "機場四周200呎以上禁止施放範圍", "三級機關": null, "有效日期起": null, "罰則": "罰款30萬-150萬\n危害飛航安全\n沒入遙控無人機", "last_edited_date": null, "空域類型": 5, "SHAPE__Area": 405136613.93463105, "會商機關": "03.20008.20003.20009", "空域顏色": "黃區", "有效日期迄": null, "限制區": "黃區", "created_user": null, "空域類別": 5, "空域名稱": "臺中清泉崗機場200呎以上禁止施放範圍", "last_edited_user": null, "條件": "限制", "countyid": null, "created_date": null, "二級機關": null, "SHAPE__Length": 147763.60247046305, "objectid": 563}}, {"geometry": {"type": "Polygon", "coordinates": [[[121.3888080245918, 25.021097382640914], [121.71182407096211, 25.009419794348776], [121.71638480328654, 25.1179202776377], [121.50093781076895, 25.125633979795374], [121.50014852401085, 25.09734953338901], [121.50383787972993, 25.094798919010607], [121.60317510110235, 25.091299744823683], [121.6071083916419, 25.093556392972562], [121.60746338518094, 25.093037017781086], [121.60846801607889, 25.091343188886967], [121.60906043165258, 25.090454004997902], [121.61024243220851, 25.08830280022693], [121.61081761090848, 25.087031677864985], [121.61158632265331, 25.085461364617817], [121.61252358170161, 25.083087295937645], [121.61270185775966, 25.082544206996378], [121.61356263963457, 25.07922194201044], [121.61454828463904, 25.073360269863432], [121.61493069116725, 25.068496575282435], [121.61466781536903, 25.063826274122068], [121.61347018592383, 25.05850524596654], [121.6116118599602, 25.05283472395033], [121.61007400977083, 25.05007446005154], [121.60849151690508, 25.046880359271103], [121.60683142487012, 25.044571915108968], [121.60487112664698, 25.041878280055425], [121.601195886156, 25.044370596625466], [121.50184860634734, 25.047892036206676], [121.49796283938132, 25.045605529639673], [121.49750071365982, 25.046373437296907], [121.4946939643855, 25.050987772072478], [121.49228486515148, 25.056677661104317], [121.49072916364076, 25.06260830226217], [121.49008347258085, 25.068732174134507], [121.49033686396626, 25.07486929775999], [121.49151131597881, 25.080863985384028], [121.49355067672678, 25.086708790844263], [121.49568626680453, 25.09077138662277], [121.49642590816842, 25.09220133390564], [121.49871398187575, 25.095365224228683], [121.50014809281953, 25.09734993525992], [121.50092811884537, 25.125633986301914], [121.39310692765531, 25.12924569480711], [121.3888080245918, 25.021097382640914]]]}, "id": 564, "type": "Feature", "properties": {"空域類別名稱": "機場四周距地面或水面200呎以上禁止施放範圍", "會商機關名稱": "交通部民用航空局臺北國際航空站", "主管機關名稱": "交通部民用航空局", "聯絡方式": "交通部民用航空局", "主管機關": "23", "空域說明": "機場四周200呎以上禁止施放範圍", "三級機關": null, "有效日期起": null, "罰則": "罰款30萬-150萬\n危害飛航安全\n沒入遙控無人機", "last_edited_date": null, "空域類型": 5, "SHAPE__Area": 402481904.65376616, "會商機關": "03.20008.20003.20002", "空域顏色": "黃區", "有效日期迄": null, "限制區": "黃區", "created_user": null, "空域類別": 5, "空域名稱": "臺北松山國際機場200呎以上禁止施放範圍", "last_edited_user": null, "條件": "限制", "countyid": null, "created_date": null, "二級機關": null, "SHAPE__Length": 143320.424614028, "objectid": 564}}, {"geometry": {"type": "Polygon", "coordinates": [[[120.15033693190574, 22.897596570896447], [120.18083965767104, 22.89909752500806], [120.18336494320728, 22.90260610089942], [120.1810562495709, 22.997184153196127], [120.17836201069265, 23.00058265496214], [120.18013365372299, 23.001678659341582], [120.18204014555552, 23.002852726121905], [120.18459724672417, 23.00412794715097], [120.18557379538802, 23.004664828233246], [120.18732221157836, 23.005365329281197], [120.18960504002277, 23.00630344308514], [120.19129147874668, 23.006807962891862], [120.19341716040685, 23.00748583908481], [120.19532169391209, 23.007923851363852], [120.19760233585707, 23.008446870056872], [120.19964339621748, 23.008756089132714], [120.20189494801868, 23.009072921943226], [120.20613814655141, 23.009329193311224], [120.21033700334341, 23.009243107822805], [120.21429712117057, 23.008852656074474], [120.21688800079052, 23.00839017694969], [120.21877506924999, 23.00805921904011], [120.22211872270498, 23.00715505259761], [120.22505671314735, 23.00617539306321], [120.22688302225596, 23.005520886723836], [120.22936876934325, 23.004368852137187], [120.23063971299375, 23.00379908898611], [120.23255871476495, 23.00272974991105], [120.23429340020614, 23.001744314653237], [120.23176133688109, 22.99822201671099], [120.23402755008601, 22.903680336851753], [120.23673137758156, 22.90028514900164], [120.23500451107661, 22.89920161876365], [120.23313356557985, 22.897998964011364], [120.23069499531637, 22.896816641047455], [120.22943286863034, 22.896154663259942], [120.22608618605621, 22.894765694204175], [120.22376317237591, 22.89400465432346], [120.22154076461749, 22.89329745096592], [120.21848276464306, 22.89261259466439], [120.21501596563735, 22.892003145842523], [120.21317020171463, 22.89176359407441], [120.21026376639325, 22.891600176336954], [120.2085165234027, 22.891512797735086], [120.20642656324976, 22.89156714816721], [120.20476433771607, 22.891621362856736], [120.20050159184272, 22.892023377291043], [120.19678819630833, 22.89270834580438], [120.19360027568929, 22.89353494024329], [120.19195851916766, 22.893991195025155], [120.1895862167243, 22.894839863898763], [120.1880316938032, 22.895459382758492], [120.18512588191264, 22.896761792059696], [120.1830844379716, 22.897829305946704], [120.18084306228597, 22.899093869022703], [120.15033693460072, 22.897590467865612], [120.153556131863, 22.80049790777907], [120.26958604008442, 22.80243417114384], [120.26251185483267, 23.100851007931254], [120.14540756422639, 23.098394578064514], [120.15033693190574, 22.897596570896447]]]}, "id": 565, "type": "Feature", "properties": {"空域類別名稱": "機場四周距地面或水面200呎以上禁止施放範圍", "會商機關名稱": "交通部民用航空局臺南航空站", "主管機關名稱": "交通部民用航空局", "聯絡方式": "", "主管機關": "23", "空域說明": "機場四周200呎以上禁止施放範圍", "三級機關": null, "有效日期起": null, "罰則": "罰款30萬-150萬\n危害飛航安全\n沒入遙控無人機", "last_edited_date": null, "空域類型": 5, "SHAPE__Area": 391263359.2041758, "會商機關": "03.20008.20003.20008", "空域顏色": "黃區", "有效日期迄": null, "限制區": "黃區", "created_user": null, "空域類別": 5, "空域名稱": "臺南機場200呎以上禁止施放範圍", "last_edited_user": null, "條件": "限制", "countyid": null, "created_date": null, "二級機關": null, "SHAPE__Length": 143037.97781988193, "objectid": 565}}, {"geometry": {"type": "Polygon", "coordinates": [[[121.17863752944062, 22.75736400530344], [121.24666183089977, 22.835245908289732], [121.15474811366042, 22.903752701876805], [120.95705256508063, 22.6742953706408], [121.04817224616897, 22.6076174100982], [121.17859585569629, 22.75732135519165], [121.15580064272939, 22.77614370325262], [121.15143667109658, 22.774958222060572], [121.09139898989292, 22.705426324925597], [121.09110122532569, 22.70122421938514], [121.08443078338681, 22.702058922049133], [121.07827387236328, 22.703642804390736], [121.0721905037171, 22.706078923268244], [121.06658361407405, 22.709132796320567], [121.06131320818356, 22.712964636057073], [121.05622045312369, 22.71808571073985], [121.05277487771488, 22.722723680156086], [121.0510858707076, 22.725559927897613], [121.04979314470809, 22.727832096252072], [121.04908313786706, 22.729590944676065], [121.04814714005342, 22.731954418771842], [121.04751881881784, 22.733572503891576], [121.05177169040952, 22.734626052019784], [121.11194883865434, 22.8043585958487], [121.11220194707046, 22.808527562133673], [121.11878527757958, 22.807699804003693], [121.12516726778578, 22.806093454393228], [121.12785503160742, 22.80502432315251], [121.13120548620745, 22.803695616245154], [121.13227260571323, 22.803092435857813], [121.13683676331384, 22.80056981017093], [121.13819244684174, 22.79955213016695], [121.14029854522873, 22.797990936358172], [121.14261993206004, 22.79614574170471], [121.14521074700134, 22.793529351231165], [121.14662387060508, 22.792221823719732], [121.14729554004474, 22.79123623868504], [121.14792775727369, 22.79042634460469], [121.14856740716331, 22.78961539226057], [121.14924056960294, 22.788770031175545], [121.14987827284334, 22.787996337837257], [121.15040987067569, 22.787319835303265], [121.15065753889444, 22.786897487036278], [121.15127274832015, 22.785822777155815], [121.15177429121799, 22.784935566042087], [121.1522945496165, 22.784032646921485], [121.15288266315827, 22.78301791372311], [121.15352578862974, 22.781899855832393], [121.15386787876804, 22.781052579248655], [121.15414691795317, 22.78032587062292], [121.1545655463503, 22.77928144775353], [121.15493272194288, 22.778336197187006], [121.15525722755947, 22.7775306560457], [121.1555138951008, 22.776874298005634], [121.15580471569085, 22.77614481893047], [121.17863752944062, 22.75736400530344]]]}, "id": 566, "type": "Feature", "properties": {"空域類別名稱": "機場四周距地面或水面200呎以上禁止施放範圍", "會商機關名稱": "交通部民用航空局臺東航空站", "主管機關名稱": "交通部民用航空局", "聯絡方式": "", "主管機關": "23", "空域說明": "機場四周200呎以上禁止施放範圍", "三級機關": null, "有效日期起": null, "罰則": "罰款30萬-150萬\n危害飛航安全\n沒入遙控無人機", "last_edited_date": null, "空域類型": 5, "SHAPE__Area": 387112509.26921093, "會商機關": "03.20008.20003.20005", "空域顏色": "黃區", "有效日期迄": null, "限制區": "黃區", "created_user": null, "空域類別": 5, "空域名稱": "臺東豐年機場200呎以上禁止施放範圍", "last_edited_user": null, "條件": "限制", "countyid": null, "created_date": null, "二級機關": null, "SHAPE__Length": 140304.90182624137, "objectid": 566}}, {"geometry": {"type": "Polygon", "coordinates": [[[121.15067325581866, 24.931855586891047], [121.40080912781713, 25.128667949737988], [121.39109475891107, 25.138942701338863], [121.39493448542216, 25.141942609661527], [121.3159621182531, 25.225068491259275], [121.2358759802689, 25.160124873852457], [121.25558802156878, 25.138263036763078], [121.25971803956227, 25.13714658661517], [121.26369888331963, 25.135696411727757], [121.26731452328646, 25.134033491372193], [121.27133630506799, 25.13183117211409], [121.27474046904052, 25.129491777915508], [121.27781324989466, 25.126982945127764], [121.27995643343154, 25.12499021430411], [121.28090752294194, 25.124043515904795], [121.28336025334931, 25.121231786839978], [121.28550542306128, 25.11832755994476], [121.28706483641075, 25.1158225168292], [121.2883249814132, 25.113664589776768], [121.28917170016236, 25.111843374987014], [121.29053517118541, 25.108455401993997], [121.29128978297355, 25.1062688580697], [121.29169723902349, 25.104666204720452], [121.29216996037374, 25.1039440682596], [121.29286839871052, 25.10276236864468], [121.2937674506132, 25.101248986816795], [121.29466952265182, 25.099458152355844], [121.29570923186334, 25.097236953343216], [121.29622535801153, 25.09582502486529], [121.29682531673866, 25.09415706724918], [121.29722688612853, 25.09288243835472], [121.29789118758617, 25.090334646612188], [121.29815493564857, 25.08907059891144], [121.29840970235472, 25.087481935732054], [121.29867799679072, 25.085777538006088], [121.2940716686774, 25.085350237270728], [121.21330498410197, 25.021766939280678], [121.21212253438841, 25.017658097846162], [121.21011004225069, 25.018207993879198], [121.20808072736261, 25.01876379809042], [121.20643660018688, 25.01935689908531], [121.20395233981137, 25.020256958910345], [121.20152568570008, 25.02135823114711], [121.20017592925647, 25.021973982307937], [121.19783478937032, 25.02328426692453], [121.19603956736043, 25.02434099740468], [121.19463752357737, 25.025282203323208], [121.19308725328086, 25.026340625135862], [121.19160193297603, 25.02751706970735], [121.19033904002711, 25.028565216340155], [121.18906047057817, 25.029679298098287], [121.18674534680099, 25.031913870337085], [121.18559324756762, 25.03324742407671], [121.18406520877775, 25.03500896122772], [121.18278390934866, 25.036776188334656], [121.18180567275034, 25.038142985759123], [121.1805747158081, 25.040180343217045], [121.17966356809012, 25.04172689399246], [121.17919630759852, 25.04268764340533], [121.17850284323346, 25.043369720704042], [121.17750536562002, 25.044523870009733], [121.1762143661825, 25.046007428132842], [121.175387707712, 25.047053579946535], [121.1743496522989, 25.04847675394458], [121.17346575407677, 25.049714416660255], [121.17218254572771, 25.05189068498713], [121.1713713876874, 25.053217546127335], [121.17017692031197, 25.05579774181675], [121.16955957738747, 25.05715120759731], [121.16889243635522, 25.05899752789126], [121.16817360087161, 25.06099047693317], [121.16727312064765, 25.064476362739622], [121.16668586409862, 25.068299352375025], [121.17128774824624, 25.068731027639505], [121.25444592058456, 25.134174385297946], [121.25558784190572, 25.13826250816255], [121.23585786304623, 25.160110526949772], [121.06465624988586, 25.025266251706366], [121.07443563256399, 25.014969036243745], [121.07293639555877, 25.01378390018521], [121.15067325581866, 24.931855586891047]]]}, "id": 567, "type": "Feature", "properties": {"空域類別名稱": "機場四周距地面或水面200呎以上禁止施放範圍", "會商機關名稱": "桃園國際機場股份有限公司", "主管機關名稱": "交通部民用航空局", "聯絡方式": "", "主管機關": "23", "空域說明": "機場四周200呎以上禁止施放範圍", "三級機關": null, "有效日期起": null, "罰則": "罰款30萬-150萬\n危害飛航安全\n沒入遙控無人機", "last_edited_date": null, "空域類型": 5, "SHAPE__Area": 451028232.27873856, "會商機關": "01.20003.20008.20075", "空域顏色": "黃區", "有效日期迄": null, "限制區": "黃區", "created_user": null, "空域類別": 5, "空域名稱": "臺灣桃園國際機場200呎以上禁止施放範圍", "last_edited_user": null, "條件": "限制", "countyid": null, "created_date": null, "二級機關": null, "SHAPE__Length": 155143.71136687038, "objectid": 567}}, {"geometry": {"type": "Polygon", "coordinates": [[[121.7108333334083, 24.13055555579023], [121.60388888895244, 24.17222222204104], [121.47166666717335, 23.930833332775176], [121.62861111127292, 23.864722222061427], [121.7108333334083, 24.13055555579023]]]}, "id": 568, "type": "Feature", "properties": {"空域類別名稱": "縣市政府限制使用範圍", "會商機關名稱": "空軍第五戰術混合聯隊", "主管機關名稱": "花蓮縣政府", "聯絡方式": "承辦窗口:空軍教育訓練暨準則發展指揮部\r\n電話 : (03)8266071\r\n空軍第五戰術混合機聯隊\r\n電話 : (03)82320691", "主管機關": "22", "空域說明": "本區200呎以上禁止遙控無人機飛航活動，因執行業務得經花蓮縣政府會商空軍第五戰術混合機聯隊同意後為之。", "三級機關": null, "有效日期起": null, "罰則": "罰款3萬-15萬\n註冊/地點/操作限制\n得沒入遙控無人機", "last_edited_date": null, "空域類型": 7, "SHAPE__Area": 532370851.0806307, "會商機關": "03.20003.20055.20044", "空域顏色": "黃區", "有效日期迄": null, "限制區": "黃區", "created_user": null, "空域類別": 7, "空域名稱": "花55 國軍營區", "last_edited_user": null, "條件": "限制", "countyid": null, "created_date": null, "二級機關": null, "SHAPE__Length": 98743.72118521953, "objectid": 568}}, {"geometry": {"type": "Polygon", "coordinates": [[[121.49281451543625, 23.915148094651233], [121.59846323172295, 23.8671521001833], [121.64478254798338, 23.953312867308004], [121.61836492804055, 23.967945634776886], [121.61186569241845, 23.967464558009752], [121.60508193070147, 23.96773064663089], [121.59873445556512, 23.968816501087954], [121.59198771970918, 23.970910968881604], [121.58648281041042, 23.973432488093806], [121.58374505624151, 23.97506295286796], [121.58080610190686, 23.976927124637395], [121.57865500960224, 23.978645418775766], [121.57603750840883, 23.980835640020377], [121.57352339881307, 23.98344764885893], [121.5713678823057, 23.985787996710016], [121.56783510294065, 23.990891750624854], [121.57186004589364, 23.99291427421052], [121.61620218189181, 24.075302843248224], [121.61549993469824, 24.07946715169076], [121.61898161339832, 24.079747169150085], [121.62199152296232, 24.079957168925986], [121.62859749730482, 24.07970465623633], [121.63511949713454, 24.078579176749894], [121.64168828122426, 24.076561296684474], [121.6476136892126, 24.073884039753008], [121.65326109377327, 24.070333893964037], [121.65806637267086, 24.066429051212406], [121.66249196424059, 24.061657187085384], [121.66605079115558, 24.056504088844136], [121.6620140182886, 24.054471416784324], [121.61763704113217, 23.972099722057273], [121.61836468190224, 23.967946848002228], [121.64478398798279, 23.953315234925757], [121.74124992690756, 24.13217838175919], [121.63543155120298, 24.180244048654973], [121.49281451543625, 23.915148094651233]]]}, "id": 569, "type": "Feature", "properties": {"空域類別名稱": "機場四周距地面或水面200呎以上禁止施放範圍", "會商機關名稱": "交通部民用航空局花蓮航空站", "主管機關名稱": "交通部民用航空局", "聯絡方式": "", "主管機關": "23", "空域說明": "機場四周200呎以上禁止施放範圍", "三級機關": null, "有效日期起": null, "罰則": "罰款30萬-150萬\n危害飛航安全\n沒入遙控無人機", "last_edited_date": null, "空域類型": 5, "SHAPE__Area": 395976829.1342018, "會商機關": "03.20008.20003.20004", "空域顏色": "黃區", "有效日期迄": null, "限制區": "黃區", "created_user": null, "空域類別": 5, "空域名稱": "花蓮機場200呎以上禁止施放範圍", "last_edited_user": null, "條件": "限制", "countyid": null, "created_date": null, "二級機關": null, "SHAPE__Length": 142974.2437458481, "objectid": 569}}, {"geometry": {"type": "Polygon", "coordinates": [[[121.61152836424951, 21.89651772033544], [121.68656675187127, 21.97936335373528], [121.45606453238436, 22.160720204083567], [121.38110406732528, 22.07779150064832], [121.61152836424951, 21.89651772033544]]]}, "id": 570, "type": "Feature", "properties": {"空域類別名稱": "機場四周距地面或水面200呎以上禁止施放範圍", "會商機關名稱": "交通部民用航空局臺東航空站（蘭嶼）", "主管機關名稱": "交通部民用航空局", "聯絡方式": "", "主管機關": "23", "空域說明": "機場四周200呎以上禁止施放範圍", "三級機關": null, "有效日期起": null, "罰則": "罰款30萬-150萬\n危害飛航安全\n沒入遙控無人機", "last_edited_date": null, "空域類型": 5, "SHAPE__Area": 437145320.70358497, "會商機關": "03.20008.20003.20027", "空域顏色": "黃區", "有效日期迄": null, "限制區": "黃區", "created_user": null, "空域類別": 5, "空域名稱": "蘭嶼機場200呎以上禁止施放範圍", "last_edited_user": null, "條件": "限制", "countyid": null, "created_date": null, "二級機關": null, "SHAPE__Length": 93281.31163909112, "objectid": 570}}, {"geometry": {"type": "Polygon", "coordinates": [[[118.33664784061321, 24.357082183748517], [118.5309074994196, 24.446225305646866], [118.50062905692958, 24.501611894606153], [118.43353195787918, 24.52278035528101], [118.19117205928688, 24.411360187203012], [118.24432383942742, 24.31458028931999], [118.33662878195615, 24.357068360849343], [118.32648533904283, 24.384047015333806], [118.32564197100972, 24.384507869098965], [118.32485243721491, 24.384941919293677], [118.3241553014353, 24.38532387882843], [118.32332816775599, 24.385772321160616], [118.32249307141, 24.38626066160516], [118.32182690864306, 24.38670595721547], [118.32094933905212, 24.387286119016373], [118.32011284582585, 24.387836698407572], [118.31938504515571, 24.388321691978216], [118.31880181934739, 24.38877382663745], [118.31612416965748, 24.39089258490506], [118.3132509118145, 24.393565711361216], [118.31009838661431, 24.39716668528306], [118.30804463575384, 24.399917691274005], [118.30608196508008, 24.403086208309485], [118.30407400943452, 24.4070407329131], [118.30265788186442, 24.41082199931782], [118.301602373982, 24.41470069731517], [118.30085760144118, 24.41893900735624], [118.30063057560932, 24.42286732692476], [118.3006650852893, 24.42640656935923], [118.30110121376644, 24.430330032921997], [118.3056616721047, 24.42971485305742], [118.39337626305748, 24.47001417665397], [118.39556695579476, 24.47372403240382], [118.39693299689786, 24.473011469043538], [118.39945535302795, 24.471563759092174], [118.40061235706274, 24.4708688523038], [118.40264293588045, 24.469478759854642], [118.40423078540024, 24.468278009040066], [118.40643663720793, 24.46643478139492], [118.40756915137149, 24.465395869932927], [118.40941496380321, 24.46355992559452], [118.41161013104895, 24.461042094351235], [118.41259448786928, 24.459809593834684], [118.41367358191778, 24.4583535460752], [118.41501102695047, 24.456310407782027], [118.41634626302586, 24.45405217502419], [118.41840959891036, 24.449603387719858], [118.419699464674, 24.445993182274638], [118.42020539674034, 24.443990717818707], [118.42096087360608, 24.440475897401697], [118.42136956034794, 24.437035035332833], [118.4214152244088, 24.432525349110268], [118.42092174299226, 24.42746323995153], [118.41636057498495, 24.428049666100847], [118.32866778524584, 24.387757089796352], [118.32648842924743, 24.38405359108121], [118.33664784061321, 24.357082183748517]]]}, "id": 571, "type": "Feature", "properties": {"空域類別名稱": "機場四周距地面或水面200呎以上禁止施放範圍", "會商機關名稱": "交通部民用航空局金門航空站", "主管機關名稱": "交通部民用航空局", "聯絡方式": "", "主管機關": "23", "空域說明": "機場四周200呎以上禁止施放範圍", "三級機關": null, "有效日期起": null, "罰則": "罰款30萬-150萬\n危害飛航安全\n沒入遙控無人機", "last_edited_date": null, "空域類型": 5, "SHAPE__Area": 380933777.3350514, "會商機關": "03.20008.20003.20007", "空域顏色": "黃區", "有效日期迄": null, "限制區": "黃區", "created_user": null, "空域類別": 5, "空域名稱": "金門機場200呎以上禁止施放範圍", "last_edited_user": null, "條件": "限制", "countyid": null, "created_date": null, "二級機關": null, "SHAPE__Length": 139004.52404044592, "objectid": 571}}, {"geometry": {"type": "Polygon", "coordinates": [[[119.95546400583133, 26.19931436734592], [119.95961594541268, 26.20121085530344], [120.00007107566803, 26.26947927039274], [119.99951561498852, 26.27366745661028], [120.00388343500398, 26.273965859934606], [120.00824421582088, 26.27392358121638], [120.01256733566781, 26.273537854763354], [120.01686828329694, 26.272811688976567], [120.02106443436331, 26.271753521770343], [120.02514411615816, 26.270361024934783], [120.02907766900572, 26.26866237407409], [120.03280315586382, 26.266675564824936], [120.03644201997568, 26.264323914224427], [120.03970706904671, 26.261809350261178], [120.04280447362109, 26.258945926348822], [120.04552603475868, 26.25595456502843], [120.04802872497055, 26.252637940112173], [120.05014370410244, 26.249247638606267], [120.04596882334535, 26.24734334100066], [120.00549648765737, 26.17909046625222], [120.00605364435616, 26.174903550695777], [120.00172549214702, 26.174606424896375], [119.99733267920368, 26.17464610588663], [119.99305749974852, 26.175078018322033], [119.98887441198302, 26.175775815271134], [119.98466870643526, 26.176740099819963], [119.98085272329546, 26.178053876187292], [119.97652824699242, 26.179922077107594], [119.9727111885692, 26.181890942236656], [119.96898413864251, 26.184387086814443], [119.96733816902218, 26.185658683002202], [119.96528073057746, 26.18727884991287], [119.96258317422091, 26.189924368670667], [119.95986267579029, 26.19289798215946], [119.95708441658522, 26.196690003685465], [119.95544846407861, 26.199299289829074], [119.92623691831218, 26.20996829208433], [119.87645441607013, 26.125791342857028], [119.98227712704424, 26.074776982966235], [120.12592344168377, 26.316932633140716], [120.00446287082012, 26.341959689962906], [119.92623997078753, 26.209972596673317], [119.95546400583133, 26.19931436734592]]]}, "id": 572, "type": "Feature", "properties": {"空域類別名稱": "機場四周距地面或水面200呎以上禁止施放範圍", "會商機關名稱": "交通部民用航空局馬祖航空站（北竿）", "主管機關名稱": "交通部民用航空局", "聯絡方式": "", "主管機關": "23", "空域說明": "機場四周200呎以上禁止施放範圍", "三級機關": null, "有效日期起": null, "罰則": "罰款30萬-150萬\n危害飛航安全\n沒入遙控無人機", "last_edited_date": null, "空域類型": 5, "SHAPE__Area": 361473701.87959886, "會商機關": "03.20008.20003.20025", "空域顏色": "黃區", "有效日期迄": null, "限制區": "黃區", "created_user": null, "空域類別": 5, "空域名稱": "馬祖北竿機場200呎以上禁止施放範圍", "last_edited_user": null, "條件": "限制", "countyid": null, "created_date": null, "二級機關": null, "SHAPE__Length": 133573.58607030308, "objectid": 572}}, {"geometry": {"type": "Polygon", "coordinates": [[[119.97459230030002, 26.31153484307996], [119.88246685194486, 26.143152357265304], [119.91113478131875, 26.131698663253434], [119.91519433905461, 26.13368900278214], [119.95508344174773, 26.20660501672194], [119.95437609930985, 26.21076915163559], [119.95872474209067, 26.21120613573056], [119.96055632790323, 26.211239724219578], [119.96288750098131, 26.21127676294019], [119.96539758522627, 26.211148498679698], [119.96740743991037, 26.211020352751703], [119.96926468070914, 26.2107731313986], [119.97102877789104, 26.210525333267487], [119.97174963368573, 26.210424952396394], [119.97349904520938, 26.21002915110773], [119.97490066498763, 26.209723266331974], [119.97599254385925, 26.209484582931687], [119.97775075887269, 26.20894493016951], [119.97892866670416, 26.2085785293575], [119.98006401864568, 26.208225686930554], [119.98186011471631, 26.207528571958175], [119.98342978682633, 26.20690459731118], [119.98411440278582, 26.20662494284463], [119.98492590308427, 26.206226921866943], [119.98607848201797, 26.205659180855317], [119.98711790466693, 26.20513917075977], [119.98788605137143, 26.204753800326245], [119.98878789793291, 26.20421532978342], [119.9895612907987, 26.20375545175811], [119.99060114104572, 26.203118644722313], [119.99158656686126, 26.202535378630657], [119.99226034374851, 26.202033235844908], [119.99299322439161, 26.20150681224845], [119.99399436892799, 26.200776832063866], [119.99494806534936, 26.200094716049282], [119.99581390563765, 26.199343968634274], [119.99709833120392, 26.198234420956908], [119.99811971478367, 26.19732773171774], [119.99925518979438, 26.19618954290007], [120.00024736105937, 26.19516107764416], [120.00111487670567, 26.194242226008885], [120.00196047076408, 26.193198131633324], [120.0029978102199, 26.191919895863343], [120.00418723175835, 26.190284514902316], [120.00582345825113, 26.187846757117434], [120.00172518222821, 26.185823418376177], [119.96184154937684, 26.112945429163407], [119.96254910381714, 26.108782625941288], [119.95820401926318, 26.108358621818642], [119.95382548144805, 26.108271400683783], [119.94950807668295, 26.10853307518632], [119.9452218802891, 26.10912578539063], [119.94096105681048, 26.1100671183282], [119.93684167576832, 26.111327529073066], [119.93288588512587, 26.112901215751375], [119.92907563772916, 26.114787798701478], [119.92539537296078, 26.117001523362806], [119.9220305156718, 26.119440906123746], [119.9188460877026, 26.122190315056407], [119.91594987880244, 26.12518099188211], [119.91338979163376, 26.128311964013697], [119.9111274250149, 26.13169404204772], [119.8824652556386, 26.143150111402225], [119.83485096669219, 26.055910100668328], [119.94238276741005, 26.008013402214374], [120.08230005043937, 26.263534327873813], [119.97459230030002, 26.31153484307996]]]}, "id": 573, "type": "Feature", "properties": {"空域類別名稱": "機場四周距地面或水面200呎以上禁止施放範圍", "會商機關名稱": "交通部民用航空局馬祖航空站（南竿）", "主管機關名稱": "交通部民用航空局", "聯絡方式": "", "主管機關": "23", "空域說明": "機場四周200呎以上禁止施放範圍", "三級機關": null, "有效日期起": null, "罰則": "罰款30萬-150萬\n危害飛航安全\n沒入遙控無人機", "last_edited_date": null, "空域類型": 5, "SHAPE__Area": 400059844.0887904, "會商機關": "03.20008.20003.20031", "空域顏色": "黃區", "有效日期迄": null, "限制區": "黃區", "created_user": null, "空域類別": 5, "空域名稱": "馬祖南竿機場200呎以上禁止施放範圍", "last_edited_user": null, "條件": "限制", "countyid": null, "created_date": null, "二級機關": null, "SHAPE__Length": 140202.552339557, "objectid": 573}}, {"geometry": {"type": "Polygon", "coordinates": [[[120.20305555609436, 22.930833333408778], [120.20305555609436, 22.648888888623716], [120.32749999975185, 22.648888888623716], [120.32749999975185, 22.919722221850936], [120.20305555609436, 22.930833333408778]]]}, "id": 574, "type": "Feature", "properties": {"空域類別名稱": "縣市政府限制使用範圍", "會商機關名稱": "空軍飛行訓練指揮部\r\n第四作戰區", "主管機關名稱": "高雄市政府", "聯絡方式": "承辦窗口：空軍飛行訓練指揮部\r\n電話：07-6254141分機976738", "主管機關": "17", "空域說明": "本區200呎以上禁止遙控無人機飛航活動，因執行業務得經申請地點之所在縣市政府會商空軍飛行訓練指揮部同意後為之。", "三級機關": null, "有效日期起": null, "罰則": "罰款3萬-15萬\n註冊/地點/操作限制\n得沒入遙控無人機", "last_edited_date": null, "空域類型": 7, "SHAPE__Area": 462308270.31170225, "會商機關": "03.20003.20055.20048", "空域顏色": "黃區", "有效日期迄": null, "限制區": "黃區", "created_user": null, "空域類別": 7, "空域名稱": "高148 國軍營區-AFAP-AY-1", "last_edited_user": null, "條件": "限制", "countyid": null, "created_date": null, "二級機關": null, "SHAPE__Length": 94515.54301939077, "objectid": 574}}, {"geometry": {"type": "Polygon", "coordinates": [[[120.29568767313444, 22.5528362492988], [120.29246481613566, 22.55819057459723], [120.29005622624643, 22.56387313339116], [120.28849445571765, 22.569832191295458], [120.2878220038454, 22.575931651374532], [120.28803870084812, 22.58204891172273], [120.2891476126759, 22.588077076114413], [120.29112444618845, 22.593927670653578], [120.29393096369739, 22.599459817734378], [120.29752507104688, 22.60459438018005], [120.30115672887355, 22.602064584183967], [120.39809761517388, 22.599073848681467], [120.40190631836663, 22.601375636968715], [120.40512869207174, 22.596017159050312], [120.4075291890386, 22.59031968701281], [120.40908491210887, 22.584368736031752], [120.40975465915379, 22.578283045257308], [120.40953496177801, 22.57216382932178], [120.40842057831186, 22.566115856183835], [120.40644412119343, 22.560288183099726], [120.40362721287158, 22.554744182684296], [120.40003124331453, 22.549605837635486], [120.39641865582303, 22.552140843706347], [120.29949531721344, 22.555132115983604], [120.29569311423009, 22.552827653629144], [120.18875558770021, 22.52776015831728], [120.50494204210437, 22.517995697257618], [120.50894257693277, 22.6263049961092], [120.19250767277555, 22.636069735258197], [120.18875547181754, 22.52779186459582], [120.29568767313444, 22.5528362492988]]]}, "id": 575, "type": "Feature", "properties": {"空域類別名稱": "機場四周距地面或水面200呎以上禁止施放範圍", "會商機關名稱": "交通部民用航空局高雄國際航空站", "主管機關名稱": "交通部民用航空局", "聯絡方式": "", "主管機關": "23", "空域說明": "機場四周200呎以上禁止施放範圍", "三級機關": null, "有效日期起": null, "罰則": "罰款30萬-150萬\n危害飛航安全\n沒入遙控無人機", "last_edited_date": null, "空域類型": 5, "SHAPE__Area": 386012147.7209092, "會商機關": "03.20008.20003.20003", "空域顏色": "黃區", "有效日期迄": null, "限制區": "黃區", "created_user": null, "空域類別": 5, "空域名稱": "高雄國際機場200呎以上禁止施放範圍", "last_edited_user": null, "條件": "限制", "countyid": null, "created_date": null, "二級機關": null, "SHAPE__Length": 158048.85778460087, "objectid": 575}}, {"geometry": {"type": "Polygon", "coordinates": [[[120.53498333295259, 22.720361111328778], [120.52550277844702, 22.711891667239684], [120.53317500003116, 22.710597221762452], [120.53249444355842, 22.707011111366118], [120.5372972224446, 22.705188888875373], [120.54213333331936, 22.704197222195603], [120.54465000041876, 22.70531666669197], [120.54704999971894, 22.71477777839012], [120.5658472218863, 22.71276666690276], [120.56778888905043, 22.722041667273785], [120.53498333295259, 22.720361111328778]]]}, "id": 576, "type": "Feature", "properties": {"空域類別名稱": "縣市政府限制使用範圍", "會商機關名稱": null, "主管機關名稱": "屏東縣政府", "聯絡方式": "承辦窗口：營建環境組 陳宜秀\n電子郵件：joyce-chen@atp.gov.tw\n電話：(08)7741053", "主管機關": "20", "空域說明": "農科園區範圍內，(1).60公尺以上高度，屬屏東機場四周禁止施放有礙飛航安全物體距離範圍，惟如有特殊需求者，經民航局會商目的事業主管機關同意後，始可辦理。(2).60公尺以下高度，經再檢討園區整體安全及營運考量，無限制施放遙控無人機。", "三級機關": null, "有效日期起": "2024/10/01", "罰則": "罰款3萬-15萬\n註冊/地點/操作限制\n得沒入遙控無人機", "last_edited_date": null, "空域類型": 7, "SHAPE__Area": 5204089.64870837, "會商機關": null, "空域顏色": "黃區", "有效日期迄": "2910/12/31", "限制區": "黃區", "created_user": null, "空域類別": 7, "空域名稱": "屏217 農業部農業科技園區管理中心", "last_edited_user": null, "條件": "限制", "countyid": null, "created_date": null, "二級機關": null, "SHAPE__Length": 12293.978217188132, "objectid": 576}}, {"geometry": {"type": "Polygon", "coordinates": [[[121.5275000001837, 24.980555555695222], [121.52694444428275, 24.97999999961183], [121.5275000001837, 24.97972222225761], [121.52805555608464, 24.980277777967224], [121.5275000001837, 24.980555555695222]]]}, "id": 577, "type": "Feature", "properties": {"空域類別名稱": "縣市政府限制使用範圍", "會商機關名稱": "新北市政府文化局", "主管機關名稱": "新北市政府", "聯絡方式": "承辦窗口：徐子翔\n電子郵件：AZ7953@ntpc.gov.tw\n電話：0928713382", "主管機關": "3", "空域說明": "<有條件開放>\n1. 週一至週五(國定假日除外)日出至日落，區域內開放從事遙控無人機活動，考量遊客安全，限制高度離地15公尺以上，120公尺以下，並遵守民用航空法及文化資產保存法等其他相關法令規定；臨時關閉則另行通告。\n2. 申請本區域於核定日外從事活動者，經新北市政府同意後，始得為之。", "三級機關": null, "有效日期起": "2024/10/31", "罰則": "罰款3萬-15萬\n註冊/地點/操作限制\n得沒入遙控無人機", "last_edited_date": null, "空域類型": 7, "SHAPE__Area": 6329.11687474, "會商機關": "01.90026.20002.20025", "空域顏色": "黃區", "有效日期迄": "2910/12/31", "限制區": "黃區", "created_user": null, "空域類別": 7, "空域名稱": "新北334 新店十四張歷史建築園區", "last_edited_user": null, "條件": "限制", "countyid": null, "created_date": null, "二級機關": null, "SHAPE__Length": 325.4264883483598, "objectid": 577}}, {"geometry": {"type": "Polygon", "coordinates": [[[121.22516666699856, 24.956694444163297], [121.22413888921061, 24.957083333072397], [121.22355555560446, 24.95594444408757], [121.22466666740637, 24.955555555653266], [121.22516666699856, 24.956694444163297]]]}, "id": 578, "type": "Feature", "properties": {"空域類別名稱": "縣市政府限制使用範圍", "會商機關名稱": "會商機關：數位發展部\n管理機構：中華電信", "主管機關名稱": "桃園市政府", "聯絡方式": "1.會商機關：數位發展部\n承辦窗口：翟志堯\n電子郵件：\nchihyao0331@moda.gov.tw\n電話：(02)23800115\n2.管理機構：中華電信\n承辦窗口：余宗翰\n電子郵件：johan@cht.com.tw\n電話：03-4582244", "主管機關": "8", "空域說明": "<有條件開放>\n1. 週一至週五(國定假日除外)日出至日落，區域內開放從事遙控無人機活動，限制高度400英呎(120公尺)以下；臨時關閉則另行通告。\n2. 申請本區域於核定日外從事活動者，經桃園市政府同意後，始得為之。", "三級機關": null, "有效日期起": "114/06/15", "罰則": "罰款3萬-15萬\n註冊/地點/操作限制\n得沒入遙控無人機", "last_edited_date": null, "空域類型": 7, "SHAPE__Area": 19526.80636332, "會商機關": ".886.101.20003.20082", "空域顏色": "黃區", "有效日期迄": "999/12/31", "限制區": "黃區", "created_user": null, "空域類別": 7, "空域名稱": "桃763 中華電信桃園中山電信園區", "last_edited_user": null, "條件": "限制", "countyid": null, "created_date": null, "二級機關": null, "SHAPE__Length": 561.2472732391345, "objectid": 578}}, {"geometry": {"type": "Polygon", "coordinates": [[[121.25247222219234, 24.940722221952267], [121.2505833328478, 24.94238888921518], [121.24844444415629, 24.94080555613602], [121.25038888891129, 24.939055555764888], [121.25247222219234, 24.940722221952267]]]}, "id": 579, "type": "Feature", "properties": {"空域類別名稱": "縣市政府限制使用範圍", "會商機關名稱": "會商機關：數位發展部\n管理機構：中華電信", "主管機關名稱": "桃園市政府", "聯絡方式": "1.會商機關：數位發展部\n承辦窗口：翟志堯\n電子郵件：\nchihyao0331@moda.gov.tw\n電話：(02)23800115\n2.管理機構：中華電信\n承辦窗口：許名揚\n電子郵件：yang1207@cht.com.tw\n電話：03-4562244", "主管機關": "8", "空域說明": "<有條件開放>\n1. 週一至週五(國定假日除外)日出至日落，區域內開放從事遙控無人機活動，限制高度400英呎(120公尺)以下；臨時關閉則另行通告。\n2. 申請本區域於核定日外從事活動者，經桃園市政府同意後，始得為之。", "三級機關": null, "有效日期起": "114/06/15", "罰則": "罰款3萬-15萬\n註冊/地點/操作限制\n得沒入遙控無人機", "last_edited_date": null, "空域類型": 7, "SHAPE__Area": 91853.47772643, "會商機關": ".886.101.20003.20082", "空域顏色": "黃區", "有效日期迄": "999/12/31", "限制區": "黃區", "created_user": null, "空域類別": 7, "空域名稱": "桃764 中華電信桃園仁美電信園區", "last_edited_user": null, "條件": "限制", "countyid": null, "created_date": null, "二級機關": null, "SHAPE__Length": 1215.0174348298144, "objectid": 579}}, {"geometry": {"type": "Polygon", "coordinates": [[[121.93244444413295, 24.84666666663546], [121.94127777774769, 24.836722222284738], [121.96058333317818, 24.834000000192102], [121.96530555564118, 24.83575000034207], [121.96647222195526, 24.840083332854057], [121.95722222186392, 24.8515555562556], [121.94833333283876, 24.852500000111657], [121.93244444413295, 24.84666666663546]]]}, "id": 580, "type": "Feature", "properties": {"空域類別名稱": "縣市政府限制使用範圍", "會商機關名稱": "交通部觀光局東北角暨宜蘭海岸國家風景區管理處", "主管機關名稱": "宜蘭縣政府", "聯絡方式": "承辦窗口：吳采樺\n電子郵件：hi080243-neyc@tad.gov.tw\n電話：02-24991115#132", "主管機關": "5", "空域說明": "本區限制遙控無人機飛航活動，因執行業務得先依「龜山島生態旅遊作業管理要點」取得登島申請，再經交通部觀光署東北角及宜蘭海岸國家風景區管理處同意本區空拍後為之。", "三級機關": null, "有效日期起": "114/6/25", "罰則": "罰款3萬-15萬\n註冊/地點/操作限制\n得沒入遙控無人機", "last_edited_date": null, "空域類型": 7, "SHAPE__Area": 5656644.126766395, "會商機關": "03.20008.20005.20016", "空域顏色": "黃區", "有效日期迄": "999/12/31", "限制區": "黃區", "created_user": null, "空域類別": 7, "空域名稱": "宜54 龜山島全島", "last_edited_user": null, "條件": "限制", "countyid": null, "created_date": null, "二級機關": null, "SHAPE__Length": 9504.844835306238, "objectid": 580}}, {"geometry": {"type": "Polygon", "coordinates": [[[121.14661111093477, 22.751111111246743], [121.14616666675303, 22.750111111271504], [121.14530555609473, 22.74941666686446], [121.14580555568692, 22.748194444353953], [121.14713888913053, 22.74883333272383], [121.1489444435628, 22.750194444330027], [121.14661111093477, 22.751111111246743]]]}, "id": 581, "type": "Feature", "properties": {"空域類別名稱": "縣市政府限制使用範圍", "會商機關名稱": "國立臺東大學", "主管機關名稱": "臺東縣政府", "聯絡方式": "承辦窗口：臺東大學學務處校安中心\r\n電子郵件：herojeff@nttu.edu.tw\r\n電話：089-517828", "主管機關": "21", "空域說明": "<有條件開放>\r\n1. 週一至週五(國定假日除外)日出至日落，區域內開放從事遙控無人機活動，限制高度200英呎(60公尺)以下；臨時關閉則另行通告。\r\n2. 因執行業務於核定日外從事活動者，得經國立臺東大學同意後為之。", "三級機關": null, "有效日期起": "114/6/25", "罰則": "罰款3萬-15萬\n註冊/地點/操作限制\n得沒入遙控無人機", "last_edited_date": null, "空域類型": 7, "SHAPE__Area": 67829.9243302, "會商機關": "2.16.886.111.100325", "空域顏色": "黃區", "有效日期迄": "999/12/31", "限制區": "黃區", "created_user": null, "空域類別": 7, "空域名稱": "東110 臺東大學臺東校區", "last_edited_user": null, "條件": "限制", "countyid": null, "created_date": null, "二級機關": null, "SHAPE__Length": 1124.681248616658, "objectid": 581}}, {"geometry": {"type": "Polygon", "coordinates": [[[121.08080555570096, 24.938666666947768], [121.0802222220948, 24.93822222236243], [121.08036111062086, 24.937527777899472], [121.08130555619148, 24.93758333275338], [121.08150000012796, 24.938194444268067], [121.08080555570096, 24.938666666947768]]]}, "id": 582, "type": "Feature", "properties": {"空域類別名稱": "縣市政府限制使用範圍", "會商機關名稱": null, "主管機關名稱": "桃園市政府", "聯絡方式": "承辦窗口：資教科蔡毓芳\r\n電子郵件：10076758@ms.tyc.edu.tw\r\n電話：03-3322101轉7511", "主管機關": "8", "空域說明": "<有條件開放>\r\n1. 週一至六(國定假日除外)日出至日落，區域內開放從事遙控無人機活動，限制高度400英呎(120公尺)以下；臨時關閉則另行通告。\r\n2. 申請本區域於核定日外從事活動者，經桃園市政府同意後，始得為之。", "三級機關": null, "有效日期起": "109/03/01", "罰則": "罰款3萬-15萬\n註冊/地點/操作限制\n得沒入遙控無人機", "last_edited_date": null, "空域類型": 7, "SHAPE__Area": 13898.20894104, "會商機關": null, "空域顏色": "黃區", "有效日期迄": "999/12/31", "限制區": "黃區", "created_user": null, "空域類別": 7, "空域名稱": "桃323 富岡國小", "last_edited_user": null, "條件": "限制", "countyid": null, "created_date": null, "二級機關": null, "SHAPE__Length": 451.5284097495128, "objectid": 582}}, {"geometry": {"type": "Polygon", "coordinates": [[[121.3647833333096, 25.060588888777268], [121.36571666672012, 25.058866667271122], [121.36598888859056, 25.05840277781958], [121.36727222180545, 25.05923611115602], [121.36999166741057, 25.06104444371245], [121.36904444424911, 25.062724999915073], [121.36674166691719, 25.064316667173667], [121.36650277793369, 25.064349999723195], [121.36405833268817, 25.064230555672065], [121.3640305558813, 25.06355833315083], [121.36429166738829, 25.062127777897295], [121.3647833333096, 25.060588888777268]]]}, "id": 583, "type": "Feature", "properties": {"空域類別名稱": "縣市政府限制使用範圍", "會商機關名稱": "桃園市政府衛生局", "主管機關名稱": "桃園市政府", "聯絡方式": "承辦窗口：醫事管理科 周俐伶 技士\r\n電子郵件：10081465@mail.tycg.gov.tw\r\n電話：03-3340935分機2330", "主管機關": "8", "空域說明": "<有條件開放>\r\n1. 週一至週五(國定假日除外)日出至日落，區域內開放從事遙控無人機活動，限制高度400英呎(120公尺)以下；臨時關閉則另行通告。\r\n2. 申請本區域於核定日外從事活動者，經桃園市政府同意後，始得為之。", "三級機關": null, "有效日期起": "110/05/01", "罰則": "罰款3萬-15萬\n註冊/地點/操作限制\n得沒入遙控無人機", "last_edited_date": null, "空域類型": 7, "SHAPE__Area": 299218.67872428, "會商機關": "01.90030.20002.20008", "空域顏色": "黃區", "有效日期迄": "999/12/31", "限制區": "黃區", "created_user": null, "空域類別": 7, "空域名稱": "桃675 林口長庚紀念醫院院區", "last_edited_user": null, "條件": "限制", "countyid": null, "created_date": null, "二級機關": null, "SHAPE__Length": 2163.1107480159058, "objectid": 583}}, {"geometry": {"type": "Polygon", "coordinates": [[[121.37168055584023, 25.06355833315083], [121.37144444444759, 25.06378611100594], [121.37110277831414, 25.06440555585093], [121.3702777781336, 25.064072221961485], [121.36983333305355, 25.063702778011002], [121.36926666678917, 25.063147222177793], [121.3693722224283, 25.062877778384102], [121.37003055637753, 25.06173333322927], [121.37043333310314, 25.061966666619078], [121.37080277784017, 25.06144999981128], [121.37228333258241, 25.062150000266247], [121.37168055584023, 25.06355833315083]]]}, "id": 584, "type": "Feature", "properties": {"空域類別名稱": "縣市政府限制使用範圍", "會商機關名稱": "桃園市政府衛生局", "主管機關名稱": "桃園市政府", "聯絡方式": "承辦窗口：醫事管理科 周俐伶 技士\r\n電子郵件：10081465@mail.tycg.gov.tw\r\n電話：03-3340935分機2330", "主管機關": "8", "空域說明": "<有條件開放>\r\n1. 週一至週五(國定假日除外)日出至日落，區域內開放從事遙控無人機活動，限制高度400英呎(120公尺)以下；臨時關閉則另行通告。\r\n2. 申請本區域於核定日外從事活動者，經桃園市政府同意後，始得為之。", "三級機關": null, "有效日期起": "110/05/01", "罰則": "罰款3萬-15萬\n註冊/地點/操作限制\n得沒入遙控無人機", "last_edited_date": null, "空域類型": 7, "SHAPE__Area": 72169.36983344, "會商機關": "01.90030.20002.20008", "空域顏色": "黃區", "有效日期迄": "999/12/31", "限制區": "黃區", "created_user": null, "空域類別": 7, "空域名稱": "桃676 林口長庚紀念醫院永慶尖端醫療院區", "last_edited_user": null, "條件": "限制", "countyid": null, "created_date": null, "二級機關": null, "SHAPE__Length": 1078.29021403591, "objectid": 584}}, {"geometry": {"type": "Polygon", "coordinates": [[[119.67185277768954, 23.599169444331583], [119.67170000031085, 23.599258332949635], [119.67133611075553, 23.598688888605146], [119.67160555593345, 23.5984416668653], [119.67174444356121, 23.598147222128333], [119.67177777824477, 23.597891666979073], [119.6716166671952, 23.597527777675122], [119.67143333272381, 23.597369443644922], [119.6712083325929, 23.597241666609595], [119.6708972217555, 23.597272222142074], [119.67090833301727, 23.59699722209329], [119.6712388887873, 23.596830555789975], [119.67168055627653, 23.59657499972169], [119.67208888908218, 23.59640555621075], [119.67229166668959, 23.596386111279127], [119.67238888865784, 23.59655277814718], [119.67271111075698, 23.59633888892018], [119.67267777787005, 23.59602222191435], [119.67259166716353, 23.595836111005408], [119.67244166737571, 23.595827777662663], [119.67235555577092, 23.595649999832418], [119.67239999991958, 23.595550000365872], [119.67244166737571, 23.59541388901231], [119.67298888870745, 23.595138889183467], [119.67322500010012, 23.59508055628631], [119.67353611093752, 23.595019444193092], [119.67380277762624, 23.594930555995155], [119.67392222211798, 23.59499999987921], [119.67397499993756, 23.595119444064103], [119.67352499967573, 23.595444444147383], [119.67366388910015, 23.595550000365872], [119.67374999980665, 23.59559166716254], [119.67279444387263, 23.597036110949265], [119.67290833318265, 23.59722500010215], [119.67274444364391, 23.597588888599727], [119.67484722185762, 23.598461110668982], [119.67550555580684, 23.598286111392895], [119.67603888918428, 23.59868055626683], [119.67628611094035, 23.599183333156383], [119.67629999979297, 23.599738889059065], [119.67577777767727, 23.600027777856962], [119.67506388921595, 23.599727777717142], [119.67460833287409, 23.598761111236687], [119.67226388898438, 23.598047222096092], [119.67174444356121, 23.59870833319538], [119.67165833285472, 23.598824999852976], [119.67185277768954, 23.599169444331583]]]}, "id": 585, "type": "Feature", "properties": {"空域類別名稱": "縣市政府限制使用範圍", "會商機關名稱": "交通部觀光署澎湖國家風景區管理處", "主管機關名稱": "澎湖縣政府", "聯絡方式": "承辦窗口：李權峻\r\n電子郵件：leo-ph@tad.gov.tw\r\n電話：06-9216521#231", "主管機關": "18", "空域說明": "本區每年4月1日至9月30日禁止從事遙控無人機活動，因執行業務得經澎湖縣政府會商交通部觀光署澎湖國家風景區管理處同意後為之。", "三級機關": null, "有效日期起": "114/6/25", "罰則": "罰款3萬-15萬\n註冊/地點/操作限制\n得沒入遙控無人機", "last_edited_date": null, "空域類型": 7, "SHAPE__Area": 95137.83004316, "會商機關": "03.20008.20080.20002", "空域顏色": "黃區", "有效日期迄": "999/12/31", "限制區": "黃區", "created_user": null, "空域類別": 7, "空域名稱": "澎60 北寮奎壁山地質公園", "last_edited_user": null, "條件": "限制", "countyid": null, "created_date": null, "二級機關": null, "SHAPE__Length": 2594.8189086662796, "objectid": 585}}, {"geometry": {"type": "Polygon", "coordinates": [[[121.02257257642839, 24.848635288070437], [121.01787948094008, 24.85036677490051], [121.0162221952421, 24.850189629616906], [121.01007656526188, 24.852285173789333], [121.00428555691818, 24.852311683320632], [121.00394291341766, 24.852307190345925], [120.9992762742128, 24.852272567862066], [120.99696149538869, 24.84939785225291], [120.9967910023343, 24.849105309329786], [120.99367554791093, 24.843444383944856], [120.99364590530318, 24.84293889030114], [120.99380114676072, 24.84112036828862], [120.99617616840439, 24.837101613658366], [120.99685145805459, 24.836019909721273], [120.99756712068861, 24.834929624078548], [120.9977234176666, 24.834940001274713], [120.99761629895885, 24.833531067804948], [120.99761159178678, 24.833333752755532], [120.99756568697747, 24.832959186734033], [120.99572076297952, 24.830708646777126], [120.99568883595603, 24.830500692852603], [120.99367615966365, 24.82613293405028], [120.99674978044254, 24.824761917347455], [120.99736301716788, 24.82469240502898], [120.99736339625694, 24.824700594796745], [120.99881388438664, 24.824648257727816], [120.99963849918989, 24.824324126632504], [121.00575485487163, 24.820825345720774], [121.01055202557545, 24.817849569830162], [121.01317306433445, 24.816105260738553], [121.01431562884936, 24.815393590676507], [121.0190007625693, 24.811078786019443], [121.02072783029688, 24.809557271835203], [121.02385371236407, 24.807381691662716], [121.02817404294206, 24.804775053397364], [121.02989797914256, 24.804035150401113], [121.03510555596371, 24.800731912179696], [121.03778908333052, 24.799344697183017], [121.03806999819795, 24.7992496209521], [121.0383503785678, 24.799148302995274], [121.03859298927154, 24.799112507671776], [121.03896772957715, 24.79914416527004], [121.03926492191754, 24.799181325690874], [121.04117249711831, 24.799395543650643], [121.04243180758588, 24.79955087021636], [121.04267126610127, 24.799623400024693], [121.04290651600957, 24.799745212038832], [121.04314262291062, 24.799910231670378], [121.0442822391548, 24.801200778716634], [121.04620619603311, 24.80263868027428], [121.05029222442539, 24.80415332365134], [121.04815912178267, 24.80773257288825], [121.04390966199242, 24.81071579334766], [121.04266330612955, 24.811255586089178], [121.04106237803752, 24.81259235269666], [121.03975871594776, 24.813377502375115], [121.0377899115772, 24.814088659728096], [121.03652154339663, 24.814582116364214], [121.03504492956351, 24.815121717775853], [121.03307987476097, 24.81668372702607], [121.0324673863323, 24.817247507666423], [121.03188473364911, 24.818027216359262], [121.03155347719316, 24.818570737638428], [121.03267396560997, 24.819426599177614], [121.03700046312237, 24.824013032350106], [121.03375078871746, 24.82674386664439], [121.03356535488324, 24.826894198690553], [121.03304129840775, 24.827330609817604], [121.032680667042, 24.8275827357188], [121.03161222431777, 24.82807126727444], [121.03074627443505, 24.828352877226056], [121.03011518638839, 24.828592840296682], [121.02995974460657, 24.82861887959354], [121.02940506007143, 24.829064709270103], [121.02885930209531, 24.829635864797044], [121.02848394015551, 24.82992891926094], [121.02793139361079, 24.830287313765126], [121.02754696766978, 24.830477323960217], [121.02766320607427, 24.830761278857768], [121.0275111518394, 24.83115447626728], [121.02749022917813, 24.83132956009042], [121.02739587912384, 24.831418886928873], [121.0272728692187, 24.83191174461223], [121.02695366635723, 24.832634324094897], [121.02686091260921, 24.832910688924606], [121.02673445586834, 24.833486397818437], [121.0267482710591, 24.833628666203158], [121.02664791307218, 24.833924068911795], [121.02658408327967, 24.8341765001491], [121.02670882693326, 24.835150153780152], [121.02652320894443, 24.835299109281678], [121.02642256080169, 24.835653231895687], [121.02265385958854, 24.836109419864048], [121.0219976411718, 24.836541058765995], [121.02176381060164, 24.836752283024737], [121.02112863881374, 24.836762942137156], [121.02122369135056, 24.837168568984723], [121.02096890218651, 24.84249468227484], [121.0210472011433, 24.843392605048656], [121.02138203109747, 24.8443010591242], [121.0218933054448, 24.84526334134676], [121.02364455941309, 24.84628650001358], [121.02257257642839, 24.848635288070437]]]}, "id": 586, "type": "Feature", "properties": {"空域類別名稱": "縣市政府限制使用範圍", "會商機關名稱": "新竹縣政府", "主管機關名稱": "新竹縣政府", "聯絡方式": "承辦窗口：交通規劃科\r\n電子郵件10013365@hchg.gov.tw\r\n電話：03-5518101*2731", "主管機關": "6", "空域說明": "本區域每日上午8時至下午5時，開放從事遙控無人機活動，並限制高度200英呎 (60公尺)以下；臨時關閉則另行通告。申請本區域於核定時段以外及限制高度以上從事活動者，經新竹縣政府同意後，始得為之。", "三級機關": null, "有效日期起": "114/6/25", "罰則": "罰款3萬-15萬\n註冊/地點/操作限制\n得沒入遙控無人機", "last_edited_date": null, "空域類型": 7, "SHAPE__Area": 18560736.676682085, "會商機關": ".886.101.90005.20002", "空域顏色": "黃區", "有效日期迄": "999/12/31", "限制區": "黃區", "created_user": null, "空域類別": 7, "空域名稱": "竹縣31 竹北都市計畫區", "last_edited_user": null, "條件": "限制", "countyid": null, "created_date": null, "二級機關": null, "SHAPE__Length": 21809.99412282308, "objectid": 586}}, {"geometry": {"type": "Polygon", "coordinates": [[[121.07781347769532, 24.75268110792882], [121.07776693957373, 24.752697411316916], [121.07741767369295, 24.752659399170927], [121.07719047807946, 24.752616242693904], [121.07711355713836, 24.752530827055388], [121.07701717060331, 24.752430866765057], [121.07698721807678, 24.75239702971582], [121.07687267479322, 24.752355628713612], [121.07646290558142, 24.75213492075795], [121.07640232769023, 24.75205092099214], [121.07638061720644, 24.751952609835236], [121.07640171144595, 24.751850775217672], [121.07652645330293, 24.751096685768488], [121.07652667069524, 24.75097766007169], [121.07661059939393, 24.750331313354543], [121.07672135627854, 24.749913410177573], [121.07678467043809, 24.749598681688973], [121.07686710074687, 24.74918602819633], [121.07704465994928, 24.74865475168402], [121.07722523299951, 24.74847399140376], [121.07714533324486, 24.7480714510565], [121.07711811878333, 24.746901250353147], [121.07715861393802, 24.74671242884846], [121.07745409319121, 24.746678742800817], [121.07756526509749, 24.746630919382618], [121.07765293797428, 24.746554072283335], [121.07803765227446, 24.7461302922614], [121.07914790079538, 24.744941358912705], [121.07930417172221, 24.744783763711222], [121.07964179274197, 24.744534541941277], [121.07980257590646, 24.74439831214597], [121.07981628060445, 24.74424582420948], [121.07974518433959, 24.744032930635086], [121.07952119032181, 24.74373962100684], [121.07928596826129, 24.743256374387315], [121.07940814632646, 24.742940329401762], [121.07954083737538, 24.742698273598304], [121.07959286689831, 24.742454201362186], [121.07954323497887, 24.742161088708478], [121.0793214678847, 24.741810155084554], [121.07926229855188, 24.741698074013794], [121.07932261682991, 24.741507436672123], [121.07980151679273, 24.741080412730717], [121.08025463420857, 24.74076145693815], [121.0804492191806, 24.7406849031837], [121.08058194795876, 24.740709573156735], [121.08073443877484, 24.740804712986737], [121.08142744230416, 24.74097853901912], [121.08170497681121, 24.740983258758128], [121.08200958474424, 24.740969172151924], [121.08279688263231, 24.74072769340299], [121.08325099897472, 24.739329957077953], [121.08317294795295, 24.738867918229673], [121.08317660409617, 24.73882888038253], [121.08318902330498, 24.73874479982819], [121.08319365322194, 24.738668586683055], [121.08329850907349, 24.73837467615381], [121.08363526142236, 24.737842964263816], [121.08387649231379, 24.737632256890883], [121.08416051175887, 24.737440201025056], [121.08416991622157, 24.737292257993943], [121.08409998507165, 24.737056032107624], [121.08403751982007, 24.73682621128858], [121.08370808514749, 24.736746689366317], [121.0834053277439, 24.736727559288934], [121.0825471914075, 24.73656444970223], [121.08233117083617, 24.736517988188968], [121.08211046824557, 24.736403339643395], [121.08207698534, 24.73627840508073], [121.08228869309967, 24.735342829059277], [121.08255650873362, 24.734414975031733], [121.08248656231235, 24.734327548743718], [121.08247401015288, 24.73418884373936], [121.08254255610065, 24.733920520810262], [121.08254353795922, 24.733676676116698], [121.08256622581006, 24.733505455675733], [121.08263685135769, 24.733339145134853], [121.0828869899435, 24.73312204890204], [121.08294765497126, 24.733122052981606], [121.0830867402284, 24.73311024024121], [121.0833000793286, 24.733085683803886], [121.08340141019096, 24.73305327096364], [121.08345737343653, 24.732934362617215], [121.08337281232389, 24.732835545164097], [121.08333453331302, 24.732747110930326], [121.08328480976542, 24.732642705141874], [121.08328006935562, 24.73254860506843], [121.08331164244295, 24.732414517787017], [121.0834903326243, 24.732181414120877], [121.08363709488384, 24.73203171387671], [121.08374093294417, 24.731892728900082], [121.08384760788414, 24.731645419917264], [121.08419195998032, 24.73128113424853], [121.0842348401621, 24.73110373968538], [121.08410876610354, 24.730021893038632], [121.08410896373292, 24.73001473488471], [121.08409705207224, 24.729411886787638], [121.08281591344159, 24.727959918084533], [121.08255043342734, 24.727773181930132], [121.082435167, 24.727677101953443], [121.08197642163891, 24.727242855891816], [121.08178253286125, 24.726738859982905], [121.0812118017202, 24.72597323074094], [121.08101198136671, 24.72569444663987], [121.08102808726143, 24.725377478235227], [121.08120534912153, 24.724900293047607], [121.08132627403687, 24.724741149043293], [121.081417993824, 24.7246546331013], [121.08167463980573, 24.72413860912379], [121.08187586242937, 24.72391670627499], [121.08195104243549, 24.723883097281373], [121.08205991016312, 24.72388310462511], [121.08213502279558, 24.72380184375436], [121.0822581683463, 24.72379086813104], [121.08258267575953, 24.723980838238088], [121.0828572790638, 24.723869633771685], [121.08303029907908, 24.723715517280613], [121.08333748068546, 24.723603738948714], [121.08365458957402, 24.723661287813673], [121.0841926983955, 24.723962705760357], [121.08627557173914, 24.723061157137078], [121.08703621930762, 24.722837879893415], [121.0876579918248, 24.72256189328709], [121.0880296760618, 24.722037957026437], [121.08851111196867, 24.721566807116382], [121.08977916843385, 24.72101543393363], [121.09060557986766, 24.720626049881066], [121.0915145527643, 24.71982941839997], [121.09195287133416, 24.71946487863106], [121.09206605277176, 24.71947191907206], [121.09210812357146, 24.719437252158766], [121.09211886832057, 24.7194002849329], [121.09157431588355, 24.718709280653606], [121.09157000666514, 24.718281594184734], [121.09177943809384, 24.717895709603795], [121.09194789826077, 24.71774847692316], [121.09232647796588, 24.717609529032117], [121.09246155583853, 24.717606855778808], [121.09260233891155, 24.717614878802518], [121.0926769457925, 24.71761382288385], [121.09301810976773, 24.7178687143747], [121.09321965937815, 24.717898790039616], [121.09329952140354, 24.717815801032124], [121.09332137471947, 24.71758094496642], [121.09380785556495, 24.717292943145026], [121.09564605926622, 24.715688895173386], [121.0958682252124, 24.714351498969712], [121.09591733161739, 24.714177730390507], [121.09673853192429, 24.713897776599932], [121.09724003260132, 24.713155838805722], [121.0974646401684, 24.713097558806723], [121.09763359081549, 24.71316396412139], [121.09778608971642, 24.71319675180896], [121.09798677155425, 24.713238295597705], [121.09815075811107, 24.712770847406862], [121.09833304694348, 24.712269227155513], [121.0984547749527, 24.71206756071438], [121.09866917136993, 24.71189249061355], [121.09880092367942, 24.711894211660542], [121.09917870388392, 24.712229582800017], [121.09937965701299, 24.713016659744717], [121.0992984888372, 24.71368191701586], [121.09920179328171, 24.714096406060488], [121.09917368589477, 24.714125541749414], [121.09918209592247, 24.714248548237748], [121.09920263410481, 24.714272252373895], [121.09919441811321, 24.714301055080156], [121.09918486902174, 24.714354892849794], [121.09915969912579, 24.71443911637325], [121.09932256009355, 24.714676247747963], [121.09992394534535, 24.71498416835471], [121.10014693684329, 24.715125599084445], [121.10019320996187, 24.716120318951535], [121.09986200920143, 24.71663785969673], [121.10016192972536, 24.717172651280354], [121.10020948923143, 24.717356864726106], [121.10059755963755, 24.71781793816236], [121.10065453708107, 24.71807795539941], [121.1008619886229, 24.71830929925019], [121.10118810671545, 24.718926840229436], [121.1012588211963, 24.719059827388435], [121.10148436840119, 24.71940689860974], [121.10168495142437, 24.719818203339177], [121.10169189809645, 24.71984128870514], [121.10177821272052, 24.7201875352248], [121.1020242172594, 24.720915813055452], [121.10202985059452, 24.720931324202645], [121.1022298101869, 24.721248289245025], [121.10215722631193, 24.721408785726094], [121.10208931367647, 24.721695461840305], [121.10208225381665, 24.722014084644865], [121.10233565328691, 24.7228207223419], [121.10238685905476, 24.72299493988118], [121.10248090008858, 24.723497159895018], [121.10260938342873, 24.72392083834711], [121.10259774844916, 24.72441600875143], [121.10281856961737, 24.7250635248206], [121.10292506040271, 24.725493352723326], [121.1029999134221, 24.72600193037675], [121.10296973182518, 24.726237135282446], [121.1030176713186, 24.72650610796458], [121.10298251395335, 24.72675005728498], [121.10298415337876, 24.727296527321343], [121.10287361298808, 24.727952299619822], [121.1026564497597, 24.72882248487341], [121.10245980135753, 24.72920935304232], [121.10238295587484, 24.729612080108357], [121.10217325135828, 24.73046066105912], [121.10206574008677, 24.73093017400072], [121.10199921714504, 24.731294658966227], [121.10198246625993, 24.731574644606646], [121.10185287529706, 24.73199173802682], [121.10147803168519, 24.73261863163271], [121.1014012607627, 24.732780320996234], [121.10120675484242, 24.733259390080732], [121.1009984391213, 24.733870545023525], [121.10085466106513, 24.734221044149038], [121.10049233457843, 24.734924774326398], [121.10011589016872, 24.73526709031223], [121.09955559385803, 24.736032124681454], [121.09919725499289, 24.736436648271372], [121.0988699008185, 24.736847150984175], [121.09868215921232, 24.73702102334315], [121.09843995903869, 24.737305809797967], [121.09825475427486, 24.737459530883687], [121.09758731320532, 24.73806890289198], [121.09716138509818, 24.738301731995627], [121.09690947144135, 24.73848796771447], [121.09680590736723, 24.738557428797403], [121.09670637313542, 24.738725866683577], [121.09659419511598, 24.738969947054347], [121.09639226731487, 24.73921845303896], [121.09602544565846, 24.73956386076541], [121.09602181376977, 24.7395618317032], [121.09575536806662, 24.73975603899466], [121.0956186471753, 24.739891449852834], [121.0953426712453, 24.74006372702018], [121.09507152106498, 24.740331330973696], [121.09482578871567, 24.740487127949777], [121.09472531215111, 24.740585519970704], [121.09435605516204, 24.741000717303713], [121.09422237057638, 24.741073216867985], [121.0938651177744, 24.74143004712547], [121.09370165134213, 24.74149999118255], [121.0935748658179, 24.741585332000184], [121.09357093928178, 24.741643957631563], [121.09328915304852, 24.741837702345975], [121.09293208979106, 24.742199325160488], [121.09164458569833, 24.74309524036519], [121.09129112468516, 24.743298803934902], [121.09114039456702, 24.743424894834686], [121.09069204361208, 24.74386918367092], [121.08959723263933, 24.744748153405858], [121.08943000136775, 24.744884762995756], [121.08924253464603, 24.744997626839556], [121.08875340377045, 24.745292623083177], [121.08864258310544, 24.74535505525798], [121.08850388681886, 24.74552073785718], [121.08787607133475, 24.74576341472003], [121.08766419199688, 24.745937052706093], [121.08751281060015, 24.746101775119982], [121.08738379635565, 24.746308942968124], [121.08719830772422, 24.74644887694994], [121.08703016286599, 24.74650039040052], [121.08653854725036, 24.746534443616245], [121.08632164902501, 24.746616281921252], [121.08617053712283, 24.746742389035862], [121.08594546782167, 24.74701053010709], [121.08547994018019, 24.747809385188035], [121.08541725843462, 24.748069864302998], [121.08541812441055, 24.74810885437888], [121.08542288188829, 24.748157359246438], [121.08492106410598, 24.748454921869023], [121.08454368544835, 24.748485109247067], [121.08415111358435, 24.748749693718977], [121.08397060880613, 24.748840709204757], [121.08356741616052, 24.749049570994273], [121.08352879758645, 24.749069152763298], [121.08328941183461, 24.74914517923992], [121.08303734366756, 24.749297533900904], [121.08262801193528, 24.749581159902547], [121.08200464670514, 24.750065760633625], [121.081722704165, 24.75022097027304], [121.08148575823746, 24.750344893105975], [121.08113062366292, 24.75058078700386], [121.08029837407807, 24.75109366570762], [121.07956761884897, 24.751538281186047], [121.07896103235167, 24.751911132816844], [121.07841611609696, 24.752237255218397], [121.07781347769532, 24.75268110792882]]]}, "id": 587, "type": "Feature", "properties": {"空域類別名稱": "縣市政府限制使用範圍", "會商機關名稱": "新竹縣政府", "主管機關名稱": "新竹縣政府", "聯絡方式": "承辦窗口：交通規劃科\r\n電子郵件10013365@hchg.gov.tw\r\n電話：03-5518101*2731", "主管機關": "6", "空域說明": "本區域每日上午8時至下午5時，開放從事遙控無人機活動，並限制高度200英呎 (60公尺)以下；臨時關閉則另行通告。申請本區域於核定時段以外及限制高度以上從事活動者，經新竹縣政府同意後，始得為之。", "三級機關": null, "有效日期起": "108/07/01", "罰則": "罰款3萬-15萬\n註冊/地點/操作限制\n得沒入遙控無人機", "last_edited_date": null, "空域類型": 7, "SHAPE__Area": 6817778.917350475, "會商機關": ".886.101.90005.20002", "空域顏色": "黃區", "有效日期迄": "999/12/31", "限制區": "黃區", "created_user": null, "空域類別": 7, "空域名稱": "竹縣33 竹東都市計畫區", "last_edited_user": null, "條件": "限制", "countyid": null, "created_date": null, "二級機關": null, "SHAPE__Length": 13914.417474497146, "objectid": 587}}, {"geometry": {"type": "Polygon", "coordinates": [[[120.9921627732944, 24.780713542975587], [120.99193409276573, 24.782208387386117], [120.99190447081924, 24.78242678680545], [120.99188231387278, 24.782645923944365], [120.99186763899428, 24.78286558511624], [120.99186046504845, 24.783085555820247], [120.99186079383185, 24.78330562318842], [120.9916234777984, 24.783309294114584], [120.99162313913352, 24.78308247863092], [120.99163053316664, 24.782855764680573], [120.99164565810106, 24.782629370025195], [120.99166849597054, 24.782403514874776], [120.9916990261138, 24.782178418625367], [120.99192770933732, 24.780683572222653], [120.99194725308465, 24.780570018995697], [120.99197103688014, 24.7804571417963], [120.99199903287594, 24.780345072753434], [120.99203120873283, 24.780233943180964], [120.99206752672144, 24.78012388276195], [120.99210794372267, 24.780015020364345], [120.99215241392251, 24.77990748159408], [120.9922008843203, 24.77980139531987], [120.99225190773011, 24.77968665866012], [120.99222609464042, 24.77962542228702], [120.99212493805122, 24.77945983084636], [120.99194002703653, 24.779170001862543], [120.99179509195027, 24.77895557198902], [120.99169707227804, 24.77880017477696], [120.99153144360089, 24.778551697387776], [120.99105434116699, 24.777833168598242], [120.99092539968603, 24.7776330872045], [120.99066257688843, 24.77723282965319], [120.9904952683617, 24.77703671692085], [120.99035594055944, 24.776899022019656], [120.99016252429561, 24.77671933867918], [120.99000341020094, 24.776712828372883], [120.98991608766711, 24.776721083297666], [120.98980315326621, 24.776741163944347], [120.98970475540324, 24.77676580636793], [120.98958222699513, 24.776791619205557], [120.98944407329094, 24.776838829083854], [120.98931630141654, 24.776892449735506], [120.988979564339, 24.777048531195305], [120.98828205036867, 24.777424160918436], [120.98646717232205, 24.77702382684064], [120.98593096882728, 24.77688386367942], [120.98586067924956, 24.776696512640072], [120.98561382400611, 24.77603839076246], [120.98546727015572, 24.77602934789567], [120.98531112319638, 24.776021026859024], [120.98513539565884, 24.776012703374928], [120.98501831104133, 24.776009080355013], [120.98490765207303, 24.776010241809402], [120.98483743975044, 24.776015021389846], [120.98479874032802, 24.775998074269133], [120.98509490769065, 24.77559056538165], [120.98514465279784, 24.775517211600743], [120.98525670235814, 24.77538116095986], [120.98532965723733, 24.775253007129347], [120.98546632512804, 24.77498151113604], [120.98582387527236, 24.774322452784503], [120.98609580519033, 24.773826858833782], [120.98641431814569, 24.773527525859873], [120.98648092912234, 24.773348375965448], [120.98645917012949, 24.773197099721248], [120.98641485623654, 24.77295084680814], [120.98637935032492, 24.772827342115125], [120.98631653203545, 24.772588337971023], [120.98630808068526, 24.77237140491149], [120.98675973384715, 24.771670344341086], [120.98679841171004, 24.771542500708136], [120.98679842608307, 24.771414655312267], [120.98678874943081, 24.771282384833967], [120.98674614413352, 24.771145777350423], [120.98674071381762, 24.771054496802112], [120.98674536978575, 24.770978204776664], [120.98677316905055, 24.7708646271739], [120.98681095398803, 24.770768565821005], [120.98687040359523, 24.770586101982296], [120.9870689357646, 24.76992449988384], [120.98706378572305, 24.769874907255915], [120.98706054190657, 24.76982518410116], [120.98707024371163, 24.769708353369538], [120.98709577293371, 24.769558297827363], [120.98713692206191, 24.769428108596134], [120.98719587400244, 24.76927038294839], [120.98723236985747, 24.769197615164785], [120.98728063004947, 24.769161324243722], [120.98732048290874, 24.76912241418501], [120.98739149024038, 24.769044593215366], [120.98741423917664, 24.7689979170868], [120.98743698990953, 24.768933001642885], [120.9874852527965, 24.768842267601617], [120.9875193770992, 24.76875406127319], [120.9875591392286, 24.76865547132206], [120.98757615870997, 24.768536114153374], [120.9875960447154, 24.768427230174566], [120.9875676741221, 24.768344163957], [120.98753643610642, 24.768245659326713], [120.98749955577246, 24.768214506907107], [120.98741970991672, 24.768176355949386], [120.98705444324412, 24.76831253765281], [120.9861783280256, 24.768192985207104], [120.98573977499548, 24.76813313879262], [120.98562612104404, 24.768046123669592], [120.98341425860876, 24.766352787350982], [120.98321207478774, 24.766197996737404], [120.98284580290036, 24.765917580903135], [120.9827923755988, 24.765876677086087], [120.98274043321244, 24.765835324623342], [120.98212188025725, 24.765342887808625], [120.98215529399259, 24.76530587060519], [120.98231070792664, 24.76513370020955], [120.98240955135395, 24.76503358936621], [120.98307680826892, 24.764352658930633], [120.98311038370096, 24.764318211718177], [120.98316880294053, 24.764262304924312], [120.98321234967223, 24.764155815373936], [120.98342156460697, 24.763644188050048], [120.9835690841463, 24.763283436005285], [120.984090608271, 24.76290418414823], [120.9843448476661, 24.762713199211422], [120.98450371741905, 24.76260072097639], [120.98466258357873, 24.76248824508669], [120.98474892605059, 24.762421155616288], [120.98483301285276, 24.762360493149945], [120.98496582427593, 24.76227239315559], [120.98500519833313, 24.76224627466801], [120.98525226827391, 24.76208250602163], [120.98533263335588, 24.762002709045206], [120.98549583119184, 24.76175795688547], [120.98604584179253, 24.760935854340083], [120.98617915267903, 24.760736591628255], [120.98638745223049, 24.760425243205084], [120.98643383494357, 24.760355918333552], [120.98688197120111, 24.760489874327433], [120.98680714513122, 24.760935922861165], [120.9867492756606, 24.76128087787193], [120.98682498297782, 24.761674897627326], [120.98658411141247, 24.762191229156368], [120.98667162259251, 24.762310987230418], [120.9872295087233, 24.762172360762175], [120.98730865209647, 24.762523228732505], [120.98765108269623, 24.762768424764772], [120.98869773408828, 24.762683007132747], [120.9891453026106, 24.762976228002792], [120.98919739411733, 24.763010355827742], [120.989530820903, 24.762642695275883], [120.99053873873659, 24.76283899062326], [120.99062002189676, 24.76279255606108], [120.99071072209607, 24.762740829121185], [120.99045059244767, 24.762067862223113], [120.99070089362857, 24.761886318785407], [120.99111407015022, 24.762082908987082], [120.99162904555652, 24.761846248123398], [120.99166324980925, 24.761122628785554], [120.99174450332505, 24.7610846428732], [120.99194835531752, 24.761038188893544], [120.99198258202817, 24.760973058831603], [120.99211182174979, 24.761040770667613], [120.9924348900619, 24.761210033781676], [120.99252932635449, 24.76123483427535], [120.99265572919643, 24.761216514718996], [120.99269053172718, 24.760944629931874], [120.99264130135464, 24.76063653026328], [120.99211186217396, 24.760408532149988], [120.99197241759072, 24.7603484821304], [120.99189546161526, 24.76014766776937], [120.99211188463185, 24.76004632359783], [120.99226194820002, 24.7599760538956], [120.99265367564769, 24.759921190102304], [120.99292746058671, 24.759882838373734], [120.9934509502253, 24.75986406017539], [120.99403322741266, 24.759761110406423], [120.99434040632407, 24.759811627221442], [120.99457055739478, 24.759747755195384], [120.99466953826438, 24.7598361147523], [120.99507820614163, 24.760200939153933], [120.99569489509261, 24.76075145664607], [120.99589970289256, 24.7609364481894], [120.99597005714897, 24.760999994945063], [120.99617419031412, 24.761179378005583], [120.9975985985545, 24.762450845276863], [120.9980444899222, 24.763238871221155], [120.99807869776821, 24.763299325252074], [120.99818645607644, 24.763552717637165], [120.99823958334066, 24.763645095118797], [120.99835458835827, 24.76384506364655], [120.99849394760156, 24.764344200888758], [120.99804446207442, 24.765016439268646], [120.99745052385633, 24.765904701903928], [120.99753744124996, 24.76635368461164], [120.99758821223321, 24.766615950364685], [120.9972327812146, 24.766929562301513], [120.99685137540962, 24.767266338917352], [120.99680698785478, 24.76730553260041], [120.99676159867842, 24.767344200969955], [120.99620047501936, 24.767822229802277], [120.99758028100753, 24.767457554216836], [120.99776167332132, 24.76741030324977], [120.9988854998777, 24.767121778151175], [120.99937956430085, 24.76638498840094], [120.99990794257116, 24.765823992988988], [121.00012585858772, 24.76547005997983], [121.00023860524072, 24.765277458195364], [121.00059802567746, 24.764968293364937], [121.00072074003685, 24.764864569647276], [121.00093240198241, 24.764389128264774], [121.00093627731457, 24.76410491531223], [121.00091057561596, 24.7638580619527], [121.00051148018636, 24.76318851567951], [121.00042734307856, 24.762842755146075], [121.0020261448583, 24.762567700781773], [121.006908378833, 24.761849781827255], [121.00732087173675, 24.761750218949192], [121.0105496001242, 24.760408830707355], [121.01318797367321, 24.758785220995783], [121.0147208507892, 24.758388124062357], [121.01607655318169, 24.757305916066517], [121.01966468942949, 24.756675750953228], [121.01967481883261, 24.75662859703832], [121.01972621234835, 24.75640875892706], [121.01991959896775, 24.756446450149507], [121.01987461403327, 24.756638879634405], [121.01996138679817, 24.75662363887703], [121.02041976744322, 24.756517557182413], [121.02035021807731, 24.756658031120356], [121.0202690202571, 24.756701922004567], [121.02019530001331, 24.756710490693703], [121.01999309732767, 24.756814311768817], [121.01996912308935, 24.756833455070183], [121.01986305810547, 24.756918127046912], [121.01983871555788, 24.756935128163967], [121.01984101794, 24.75701750862172], [121.0198546085519, 24.757127078861267], [121.01987860524811, 24.757235148837385], [121.01995976983066, 24.757533241986156], [121.01997519839563, 24.757602716899118], [121.0199839354101, 24.757673155172263], [121.01998591619531, 24.757744020041663], [121.01998112368325, 24.75781477392901], [121.0199696000948, 24.757884876809822], [121.01995142717662, 24.757953796002685], [121.01992674506586, 24.75802100616894], [121.01990476868073, 24.758068608215645], [121.01951852904118, 24.758836080818813], [121.01942467934853, 24.75904774582002], [121.01935293180507, 24.75926211218517], [121.01930023393555, 24.75949427429052], [121.01930199373518, 24.759712923310385], [121.01926220375799, 24.75990025510936], [121.01920506731267, 24.76001020375389], [121.01897575167514, 24.761262303000443], [121.01901584707957, 24.761433039009876], [121.01901789164513, 24.761483436049364], [121.01891979831103, 24.761636421634662], [121.01891759115041, 24.76169109134425], [121.01891846341455, 24.761966798594507], [121.01890956829659, 24.761993615397323], [121.01886622817739, 24.76211091263655], [121.01884848914547, 24.76235933319931], [121.01885392485129, 24.763506177299494], [121.01885326818281, 24.76355398198753], [121.01885084542646, 24.763601740977414], [121.01884665568402, 24.763649396353856], [121.0188407088368, 24.763696895095915], [121.0188330093765, 24.76374418418267], [121.01882356538792, 24.763791208961898], [121.01881238944748, 24.76383791559722], [121.01879949233494, 24.763884251883635], [121.01878488932167, 24.763930163984938], [121.01876859837402, 24.763975599696273], [121.01875063566159, 24.76402050681297], [121.01873102364227, 24.764064836393214], [121.01870978477405, 24.76410853460096], [121.01868694331132, 24.76415155412597], [121.01866252261033, 24.764193845210883], [121.01792440299249, 24.76542143870024], [121.01789921602855, 24.765461779836084], [121.01787262140456, 24.765501359097673], [121.01784464696831, 24.765540138963747], [121.01781532056756, 24.76557807701883], [121.01778467543994, 24.765615134925937], [121.01775274122991, 24.765651275163833], [121.0177195511751, 24.765686457764247], [121.01768514030985, 24.765720650100167], [121.01764954277007, 24.76575381383468], [121.01651265560774, 24.766779481377917], [121.01646877829602, 24.766819078164716], [121.01642508873218, 24.76685866596635], [121.0163816560865, 24.76689827170046], [121.01633859893658, 24.76693795899077], [121.01629594692692, 24.76697781674702], [121.01625379078723, 24.767017911039733], [121.01622716472224, 24.767043760978595], [121.01613503620165, 24.767136076318486], [121.01604612903965, 24.767230990364602], [121.01596053396614, 24.76732840686011], [121.01587833542268, 24.767428233626823], [121.0157996142577, 24.76753037114543], [121.01572444682797, 24.767634716634266], [121.01570759622989, 24.7676589310004], [121.0156756638165, 24.76770605625774], [121.01564417786575, 24.767753622781303], [121.01561306741085, 24.767801550633802], [121.01558224262018, 24.767849822685445], [121.01555158671279, 24.767898373681405], [121.0155210592645, 24.76794716039014], [121.01549052732463, 24.767996125713843], [121.01404809798137, 24.770314050103156], [121.0140171159855, 24.77036630814946], [121.01398576657873, 24.77041552211268], [121.01395382967375, 24.770464811097487], [121.01392110135299, 24.77051405764821], [121.01388737769894, 24.770563140230973], [121.01385246108215, 24.770611921814474], [121.01382926568319, 24.770642797122743], [121.01378458707421, 24.77070007298937], [121.01373771477932, 24.770755868401977], [121.01368870988397, 24.770810114031224], [121.01363763257521, 24.77086274136362], [121.01358454663351, 24.7709136859639], [121.01352952033076, 24.770962883396923], [121.01347261924401, 24.7710102700432], [121.0134418375725, 24.77103500822099], [121.01339299886544, 24.77107252616351], [121.01334368944121, 24.771108996786936], [121.0132940790813, 24.7711445856711], [121.01324432858425, 24.771179464105412], [121.0131945897653, 24.77121380011625], [121.01314498120203, 24.771247782121453], [121.01180068831198, 24.77216740773536], [121.01167134708072, 24.772255890592266], [121.01165588797299, 24.772283331594522], [121.01159245793077, 24.772348994055516], [121.01147130663999, 24.772420960653655], [121.01136728442503, 24.77248276174888], [121.01131912664098, 24.772504461332943], [121.011264792041, 24.772542872784786], [121.01105615292637, 24.772690362763772], [121.0110281991514, 24.77271754103079], [121.01094262024752, 24.772800737273517], [121.01083608724137, 24.772904313255165], [121.01077001705052, 24.772968530875037], [121.01073612810639, 24.773001484683704], [121.01062090300154, 24.77311350163013], [121.01060013305388, 24.773133192981078], [121.01054498368194, 24.773172756747233], [121.0108900508371, 24.773476021168516], [121.01244450368955, 24.774713618847162], [121.01228852112197, 24.77487693528693], [121.01054012110133, 24.773484919036527], [121.01051208827455, 24.773458765387453], [121.0104533797775, 24.773402750965296], [121.01040425360951, 24.773355879904454], [121.0103843676041, 24.773335784028554], [121.01033339899149, 24.773388454335212], [121.01007818672097, 24.7736066041896], [121.0096364859941, 24.774042807318377], [121.00866789909855, 24.774439766110554], [121.00835662386946, 24.77455078097182], [121.0083118940565, 24.774533516368137], [121.00822349174771, 24.774437262916276], [121.00801996135212, 24.774159462687], [121.00786372456128, 24.773980645670562], [121.00552469032615, 24.774923220963057], [121.00526149472769, 24.775031021792074], [121.00465383474364, 24.77530980861785], [121.00444251236124, 24.775404945608503], [121.00310839019684, 24.776166422253738], [121.00272366062526, 24.776433109991434], [121.00182257134352, 24.777061396804353], [121.00046913809545, 24.77798248416356], [120.99981777058125, 24.778439070376955], [120.99951955955133, 24.778662706124894], [120.9994615346722, 24.778425802813913], [120.99875886077886, 24.778653292346423], [120.9985093078946, 24.778734084270365], [120.99782899396702, 24.77895432818571], [120.9973311629079, 24.779228790823968], [120.99558636602987, 24.780135947947667], [120.99395766202927, 24.780443106970356], [120.9933898198702, 24.780550191803908], [120.99321704868821, 24.7806171768698], [120.99308091709176, 24.78069747978822], [120.99304101302853, 24.780713233048672], [120.9930119372577, 24.780723163759465], [120.99296842286535, 24.780741398878288], [120.99292940903257, 24.780752141921383], [120.99288861473887, 24.78074798727061], [120.99285954076471, 24.780741393984712], [120.99282690676706, 24.78072153011844], [120.9927923943922, 24.7807015749021], [120.99276697925617, 24.780688392403004], [120.99271891759182, 24.78067096390226], [120.99265809895212, 24.78065687608666], [120.99246763095908, 24.78062869800387], [120.99231335788546, 24.780605486090316], [120.99223533111817, 24.780595551292105], [120.9921916217914, 24.780574515388036], [120.99217440288405, 24.78064331514556], [120.9921627732944, 24.780713542975587]]]}, "id": 588, "type": "Feature", "properties": {"空域類別名稱": "縣市政府限制使用範圍", "會商機關名稱": "新竹縣政府", "主管機關名稱": "新竹縣政府", "聯絡方式": "承辦窗口：交通規劃科\r\n電子郵件10013365@hchg.gov.tw\r\n電話：03-5518101*2731", "主管機關": "6", "空域說明": "本區域每日上午8時至下午5時，開放從事遙控無人機活動，並限制高度200英呎 (60公尺)以下；臨時關閉則另行通告。申請本區域於核定時段以外及限制高度以上從事活動者，經新竹縣政府同意後，始得為之。", "三級機關": null, "有效日期起": "108/07/01", "罰則": "罰款3萬-15萬\n註冊/地點/操作限制\n得沒入遙控無人機", "last_edited_date": null, "空域類型": 7, "SHAPE__Area": 6475446.897146065, "會商機關": ".886.101.90005.20002", "空域顏色": "黃區", "有效日期迄": "999/12/31", "限制區": "黃區", "created_user": null, "空域類別": 7, "空域名稱": "竹縣40 竹科、寶山都市計畫區", "last_edited_user": null, "條件": "限制", "countyid": null, "created_date": null, "二級機關": null, "SHAPE__Length": 16325.559907790863, "objectid": 588}}, {"geometry": {"type": "Polygon", "coordinates": [[[118.40361111134757, 24.501111110869257], [118.39750000003048, 24.503888888601136], [118.39416666731975, 24.499166666803557], [118.39944444388712, 24.495555556024794], [118.40361111134757, 24.501111110869257]]]}, "id": 589, "type": "Feature", "properties": {"空域類別名稱": "縣市政府限制使用範圍", "會商機關名稱": "銘傳大學", "主管機關名稱": "金門縣政府", "聯絡方式": "承辦窗口：徐銀磯\n電子郵件：gillhsu@mail.mcu.edu.tw\n電話：082-355233#7508", "主管機關": "19", "空域說明": "1.區域內從事遙控無人機活動僅得為遙控無人機術科測驗、銘傳大學師生或銘傳大學開辦之遙控無人機訓練課程。限制高度未達200呎。\r\n2.申請本區域內從事活動者，由金門縣政府會商銘傳大學同意後，始得為之。", "三級機關": null, "有效日期起": "112/05/03", "罰則": "罰款3萬-15萬\n註冊/地點/操作限制\n得沒入遙控無人機", "last_edited_date": null, "空域類型": 7, "SHAPE__Area": 561644.17978573, "會商機關": "2.16.886.111.100563", "空域顏色": "黃區", "有效日期迄": "999/12/31", "限制區": "黃區", "created_user": null, "空域類別": 7, "空域名稱": "金496 銘傳大學金門分部", "last_edited_user": null, "條件": "限制", "countyid": null, "created_date": null, "二級機關": null, "SHAPE__Length": 3004.9296226115107, "objectid": 589}}, {"geometry": {"type": "Polygon", "coordinates": [[[120.49943333293194, 22.669691666586235], [120.49937222233983, 22.669522221676704], [120.5004305563221, 22.669238889340154], [120.50047499957246, 22.669399999858715], [120.49943333293194, 22.669691666586235]]]}, "id": 590, "type": "Feature", "properties": {"空域類別名稱": "縣市政府限制使用範圍", "會商機關名稱": "國立屏東大學附設實驗國民小學", "主管機關名稱": "屏東縣政府", "聯絡方式": "承辦窗口：蔡櫻芬\r\n電子郵件：ev51yn@nptups.ptc.edu.tw\r\n電話：08-7220451#131", "主管機關": "20", "空域說明": "<有條件開放>\r\n1.週一至週五(國定假日除外)日出至日落，限本校課程教學學生學習使用。\r\n2.週末及國定假日，申請本區域從事活動者，經本校同意後，始得為之。\r\n3.區域內開放從事遙控無人機活動，限制高度60公尺以下。", "三級機關": null, "有效日期起": "114/09/22", "罰則": "罰款3萬-15萬\r\n註冊/地點/操作限制\r\n得沒入遙控無人機", "last_edited_date": null, "空域類型": 7, "SHAPE__Area": 2534.35691591, "會商機關": null, "空域顏色": "黃區", "有效日期迄": "999/12/31", "限制區": "黃區", "created_user": null, "空域類別": 7, "空域名稱": "屏231 國立屏東大學附設實驗國民小學附設幼兒園", "last_edited_user": null, "條件": "限制", "countyid": null, "created_date": null, "二級機關": null, "SHAPE__Length": 285.4504460885048, "objectid": 590}}, {"geometry": {"type": "Polygon", "coordinates": [[[121.03219444401299, 24.82155555613824], [121.03136111105987, 24.82061111098424], [121.03274999991393, 24.819611111065946], [121.03355555606012, 24.820527778033984], [121.03344444434094, 24.820666667068632], [121.03338888893052, 24.821027778156097], [121.03288888933832, 24.821027778156097], [121.03219444401299, 24.82155555613824]]]}, "id": 591, "type": "Feature", "properties": {"空域類別名稱": "縣市政府限制使用範圍", "會商機關名稱": "新竹縣立六家高級中學", "主管機關名稱": "新竹縣政府", "聯絡方式": "承辦窗口：新竹縣立六家高級中學總務處\r\n電子郵件：purchase@1jsh.hcc.edu.tw\r\n電話：03-5503824#505", "主管機關": "6", "空域說明": "＜有條件開放>\r\n1. 週一至週五（國定假日除外）日出至日落，區域內開放從事遙控無人機活動，限制高度\r\n400英呎（120公尺）以下：臨時關閉則另行通告。\r\n2. 申請本區域於核定日外從事活動者，經新竹縣政府同意後，始得為之。", "三級機關": null, "有效日期起": "114/12/24", "罰則": "罰款3萬-15萬\r\n註冊/地點/操作限制\r\n得沒入遙控無人機", "last_edited_date": null, "空域類型": 7, "SHAPE__Area": 30266.7585524, "會商機關": null, "空域顏色": "黃區", "有效日期迄": "999/12/31", "限制區": "黃區", "created_user": null, "空域類別": 7, "空域名稱": "竹縣149 六家高中", "last_edited_user": null, "條件": "限制", "countyid": null, "created_date": null, "二級機關": null, "SHAPE__Length": 711.8226701320568, "objectid": 591}}, {"geometry": {"type": "Polygon", "coordinates": [[[120.94605555556075, 23.974284954857403], [120.94591782136982, 23.974281404008398], [120.94578051837023, 23.974270762131482], [120.94564408224485, 23.974253062878276], [120.94550893969351, 23.974228362061403], [120.94537551831428, 23.974196736833594], [120.94524423582371, 23.9741582873293], [120.94511550634518, 23.974113135023376], [120.9449897350189, 23.97406142026847], [120.94486731710353, 23.974003307220208], [120.9447486379764, 23.97393897891235], [120.94463407133665, 23.973868635615265], [120.94452397740865, 23.973792502223443], [120.9444187020439, 23.973710815122626], [120.94431857672062, 23.973623832860582], [120.94422391764589, 23.973531828759807], [120.94413502216203, 23.97343509338021], [120.94405216784843, 23.973333927952766], [120.94397561880979, 23.973228654229448], [120.94390561399801, 23.9731196021711], [120.94384237260203, 23.97300711405168], [120.9437860958444, 23.972891545279285], [120.94373695979499, 23.972773258650424], [120.94369511986231, 23.972652626812675], [120.94366070630211, 23.972530028160723], [120.94363382691215, 23.97240585011956], [120.94361456793078, 23.972280481757362], [120.9436029886468, 23.972154318710473], [120.9435991267894, 23.97202775825823], [120.9436029940367, 23.97190119686085], [120.94361457691397, 23.971775035084246], [120.9436338412852, 23.97164966774999], [120.94366072426843, 23.971525489681287], [120.94369514232021, 23.97140289324024], [120.94373698674444, 23.971282261761296], [120.94378612728543, 23.97116397693849], [120.94384240673799, 23.971048409796374], [120.94390564993066, 23.970935923973048], [120.94397565743735, 23.970826873257717], [120.94405220917093, 23.970721600769515], [120.94413506258618, 23.970620438957592], [120.9442239598667, 23.97052370467571], [120.94431861983979, 23.970431703286447], [120.94441874426472, 23.970344722915062], [120.94452401783286, 23.970263037732785], [120.94463411086252, 23.97018690631485], [120.94474867570564, 23.97011656589453], [120.94486735303614, 23.970052238929654], [120.94498976825653, 23.969994128177497], [120.94511553598957, 23.969942415052852], [120.94524426187485, 23.969897263732175], [120.94537554077215, 23.96985881622834], [120.94550895765983, 23.969827192390632], [120.94564409571962, 23.96980249236703], [120.9457805282517, 23.96978479332094], [120.9459178249631, 23.96977415189349], [120.94605555556075, 23.969770600920175], [120.94619328705676, 23.96977415189349], [120.94633058376814, 23.96978479332094], [120.94646701630025, 23.96980249236703], [120.94660215436001, 23.969827192390632], [120.94673557124767, 23.96985881622834], [120.946866850145, 23.969897263732175], [120.94699557603025, 23.969942415052852], [120.9471213437633, 23.969994128177497], [120.9472437589837, 23.970052238929654], [120.94736243631418, 23.97011656589453], [120.94747700115732, 23.97018690631485], [120.94758709418697, 23.970263037732785], [120.94769236775511, 23.970344722915062], [120.94779249218006, 23.970431703286447], [120.9478871521531, 23.97052370467571], [120.94797604943365, 23.970620438957592], [120.94805890284893, 23.970721600769515], [120.9481354545825, 23.970826873257717], [120.9482054620892, 23.970935923973048], [120.94826870528185, 23.971048409796374], [120.94832498473438, 23.97116397693849], [120.94837412527536, 23.971282261761296], [120.94841596969965, 23.97140289324024], [120.94845038775144, 23.971525489681287], [120.9484772707346, 23.97164966774999], [120.9484965351059, 23.971775035084246], [120.94850811798317, 23.97190119686085], [120.94851198523044, 23.97202775825823], [120.94850812337306, 23.972154318710473], [120.94849654408902, 23.972280481757362], [120.94847728510766, 23.97240585011956], [120.94845040571775, 23.972530028160723], [120.94841599215749, 23.972652626812675], [120.94837415222482, 23.972773258650424], [120.94832501617543, 23.972891545279285], [120.94826873941783, 23.97300711405168], [120.94820549802185, 23.9731196021711], [120.94813549321005, 23.973228654229448], [120.94805894417144, 23.973333927952766], [120.94797608985783, 23.97343509338021], [120.94788719437395, 23.973531828759807], [120.94779253529919, 23.973623832860582], [120.94769240997593, 23.973710815122626], [120.94758713461115, 23.973792502223443], [120.9474770406832, 23.973868635615265], [120.94736247404344, 23.97393897891235], [120.94724379491628, 23.974003307220208], [120.94712137700097, 23.97406142026847], [120.94699560567464, 23.974113135023376], [120.94686687619613, 23.9741582873293], [120.94673559370557, 23.974196736833594], [120.9466021723263, 23.974228362061403], [120.94646702977496, 23.974253062878276], [120.94633059364962, 23.974270762131482], [120.94619329065002, 23.974281404008398], [120.94605555556075, 23.974284954857403]]]}, "id": 592, "type": "Feature", "properties": {"空域類別名稱": "縣市政府限制使用範圍", "會商機關名稱": "國立暨南國際大學附屬高級中學", "主管機關名稱": "南投縣政府", "聯絡方式": "承辦窗口：秘書室陳怡伶秘書\n電子郵件：mickey0904mickey@pshs.ntct.edu.tw\n電話：049-2913483*101", "主管機關": "12", "空域說明": "本區從事遙控無人機活動僅得為暨大附中辦理教育訓練課程及活動。限制高度400呎以下。申請本區域內從事活動者，需由暨大附中同意後，始得為之。", "三級機關": null, "有效日期起": "115/6/1", "罰則": "罰款3萬-15萬\n註冊/地點/操作限制\n得沒入遙控無人機", "last_edited_date": null, "空域類型": 7, "SHAPE__Area": 236107.5047861, "會商機關": null, "空域顏色": "黃區", "有效日期迄": "999/12/31", "限制區": "黃區", "created_user": null, "空域類別": 7, "空域名稱": "投138 國立暨大附中", "last_edited_user": null, "條件": "限制", "countyid": null, "created_date": null, "二級機關": null, "SHAPE__Length": 1722.738472169488, "objectid": 592}}, {"geometry": {"type": "Polygon", "coordinates": [[[121.00685000001765, 24.20331111064415], [121.00636944356148, 24.203200000159335], [121.00736944364415, 24.203200000159335], [121.00743888880552, 24.203669443919864], [121.00708888900112, 24.204030556227682], [121.00666111126286, 24.20393055588526], [121.00685000001765, 24.20331111064415]]]}, "id": 593, "type": "Feature", "properties": {"空域類別名稱": null, "會商機關名稱": "參山國家風景區\n管理處", "主管機關名稱": "臺中市政府", "聯絡方式": "承辦窗口：谷關遊客中心 王雪梅\n電話：04-25951496#12", "主管機關": "10", "空域說明": "<有條件開放>\n1. 週一至週五(國定假日除外)日出至日落，區域內開放從事遙控無人機活動，限制高度400英呎(120公尺)以下；臨時關閉則另行通告。\n2. 申請本區域於核定日外從事活動者，經參山國家風景區管理處同意後，始得為之。", "三級機關": null, "有效日期起": "113/12/25", "罰則": "罰款3萬-15萬\r\n註冊/地點/操作限制\r\n得沒入遙控無人機", "last_edited_date": null, "空域類型": 7, "SHAPE__Area": 6688.70263025, "會商機關": null, "空域顏色": "黃區", "有效日期迄": "999/12/31", "限制區": "黃區", "created_user": null, "空域類別": 7, "空域名稱": "中480 谷關公園", "last_edited_user": null, "條件": "限制", "countyid": null, "created_date": null, "二級機關": null, "SHAPE__Length": 410.77746504548674, "objectid": 593}}, {"geometry": {"type": "Polygon", "coordinates": [[[121.04563888926994, 24.80255555622639], [121.04383333304101, 24.80411111060288], [121.0434722219749, 24.80363888890873], [121.04391666705497, 24.8032777777073], [121.0433055557436, 24.802694444201737], [121.04438888894195, 24.80177777824299], [121.04563888926994, 24.80255555622639]]]}, "id": 594, "type": "Feature", "properties": {"空域類別名稱": "縣市政府限制使用範圍", "會商機關名稱": "新竹縣立文興國中", "主管機關名稱": "新竹縣政府", "聯絡方式": "新竹縣立文興國民中學 總務主任 陳慧君\r\n電話：03-6586311#501\r\n傳真：03-6586359\r\n電子郵件：hs02176@wxjh.hcc.edu.tw", "主管機關": "6", "空域說明": "1.星期一至五(國定假日除外)，校園區域內禁止無人機操作，惟本校相關課程之使用除外。\r\n2.星期六、日（補班、補課日除外）及國定假日，區域內開放從事遙控無人機活動，限制高度200英呎（60公尺）以下，倘配合活動臨時關閉將另行於校網通告。\r\n3.申請本區域於核定日外從事活動者，經新竹縣政府同意後，始得為之。", "三級機關": null, "有效日期起": "115/6/1", "罰則": "罰款3萬-15萬\r\n註冊/地點/操作限制\r\n得沒入遙控無人機", "last_edited_date": null, "空域類型": 7, "SHAPE__Area": 35149.91964816, "會商機關": null, "空域顏色": "黃區", "有效日期迄": "999/12/31", "限制區": "黃區", "created_user": null, "空域類別": 7, "空域名稱": "竹縣154 新竹縣立文興國中", "last_edited_user": null, "條件": "限制", "countyid": null, "created_date": null, "二級機關": null, "SHAPE__Length": 846.2811091358874, "objectid": 594}}, {"geometry": {"type": "Polygon", "coordinates": [[[121.30344444421354, 24.967888889223353], [121.303722222164, 24.967888889223353], [121.30374999986923, 24.967472222245103], [121.30433333257706, 24.967472222245103], [121.30527777814765, 24.968277777781598], [121.30516666732679, 24.96922222189028], [121.30349999962397, 24.969055556097025], [121.30349999962397, 24.968944443814088], [121.30344444421354, 24.968944443814088], [121.30344444421354, 24.967888889223353]]]}, "id": 595, "type": "Feature", "properties": {"空域類別名稱": "縣市政府限制使用範圍", "會商機關名稱": "桃園市政府教育局", "主管機關名稱": "桃園市政府", "聯絡方式": "承辦窗口：資訊組\r\n電子郵件：mis@m2.typs.tyc.edu.tw\r\n電話：033622017#219", "主管機關": "8", "空域說明": "本區遙控無人機飛航活動為教學活動，因執行業務得經桃園市政府政府教育局同意後為之。", "三級機關": null, "有效日期起": "109/03/01", "罰則": "罰款3萬-15萬\r\n註冊/地點/操作限制\r\n得沒入遙控無人機", "last_edited_date": null, "空域類型": 7, "SHAPE__Area": 34168.67768136, "會商機關": "01.90030.20002.20004", "空域顏色": "黃區", "有效日期迄": "999/12/31", "限制區": "黃區", "created_user": null, "空域類別": 7, "空域名稱": "桃214 桃園市大勇國小", "last_edited_user": null, "條件": "限制", "countyid": null, "created_date": null, "二級機關": null, "SHAPE__Length": 744.2074498938706, "objectid": 595}}]}